timestamp,province,consumption_kwh
2024-01-01,Bujumbura,362.1516869602315
2024-01-01,Gitega,467.6909236012405
2024-01-01,Ngozi,541.9820357037503
2024-01-01,Kayanza,266.3900944680462
2024-01-01,Bururi,545.6755373101716
2024-01-01,Cibitoke,395.47287010856195
2024-01-02,Bujumbura,550.3495405588048
2024-01-02,Gitega,616.4823468863614
2024-01-02,Ngozi,469.1148645215484
2024-01-02,Kayanza,419.5323219046135
2024-01-02,Bururi,591.1712997699732
2024-01-02,Cibitoke,555.3939777213626
2024-01-03,Bujumbura,694.290572561168
2024-01-03,Gitega,472.002584595327
2024-01-03,Ngozi,505.3908369692747
2024-01-03,Kayanza,678.122342147447
2024-01-03,Bururi,665.3592948107632
2024-01-03,Cibitoke,520.268409107038
2024-01-04,Bujumbura,474.30895950714057
2024-01-04,Gitega,568.8545953902751
2024-01-04,Ngozi,617.4141475602144
2024-01-04,Kayanza,536.2546990283751
2024-01-04,Bururi,468.344796415297
2024-01-04,Cibitoke,367.99569458331166
2024-01-05,Bujumbura,632.715110391108
2024-01-05,Gitega,347.3396965428072
2024-01-05,Ngozi,581.4937375861033
2024-01-05,Kayanza,546.0278175101178
2024-01-05,Bururi,486.7829768910292
2024-01-05,Cibitoke,592.0308572105826
2024-01-06,Bujumbura,288.3640364456111
2024-01-06,Gitega,499.8120425680263
2024-01-06,Ngozi,489.98588534362636
2024-01-06,Kayanza,454.6216020968095
2024-01-06,Bururi,396.0806982405862
2024-01-06,Cibitoke,404.82693417919245
2024-01-07,Bujumbura,463.8607447164199
2024-01-07,Gitega,545.9890047308835
2024-01-07,Ngozi,400.94420415323333
2024-01-07,Kayanza,445.48231921515736
2024-01-07,Bururi,572.4437816247233
2024-01-07,Cibitoke,380.9803680051319
2024-01-08,Bujumbura,405.6689587125387
2024-01-08,Gitega,548.0068200445672
2024-01-08,Ngozi,456.29899834733453
2024-01-08,Kayanza,586.7678292275365
2024-01-08,Bururi,435.04049187042676
2024-01-08,Cibitoke,327.0443311128811
2024-01-09,Bujumbura,423.6544521420709
2024-01-09,Gitega,633.6964987257988
2024-01-09,Ngozi,462.5581680313445
2024-01-09,Kayanza,345.8718024383165
2024-01-09,Bururi,457.5366707296932
2024-01-09,Cibitoke,550.7975632887766
2024-01-10,Bujumbura,541.0567338829918
2024-01-10,Gitega,460.6125247717889
2024-01-10,Ngozi,304.5258875750419
2024-01-10,Kayanza,339.8858690393603
2024-01-10,Bururi,487.90420242659974
2024-01-10,Cibitoke,449.3764361615897
2024-01-11,Bujumbura,482.95377672289726
2024-01-11,Gitega,588.2927618005035
2024-01-11,Ngozi,660.2645963388429
2024-01-11,Kayanza,493.05495122378977
2024-01-11,Bururi,387.2996105403332
2024-01-11,Cibitoke,453.68878251285633
2024-01-12,Bujumbura,504.1135097792779
2024-01-12,Gitega,399.2842552040797
2024-01-12,Ngozi,421.19367068388124
2024-01-12,Kayanza,456.56172866111166
2024-01-12,Bururi,559.4391540289321
2024-01-12,Cibitoke,437.3139941112168
2024-01-13,Bujumbura,530.2462901890672
2024-01-13,Gitega,445.22906297847754
2024-01-13,Ngozi,594.8208385195488
2024-01-13,Kayanza,429.6913933566625
2024-01-13,Bururi,345.4605182259978
2024-01-13,Cibitoke,594.3678660893426
2024-01-14,Bujumbura,541.1299321288889
2024-01-14,Gitega,512.8079656451189
2024-01-14,Ngozi,573.1031383095464
2024-01-14,Kayanza,630.0685882645222
2024-01-14,Bururi,539.0293733599715
2024-01-14,Cibitoke,687.1841698342089
2024-01-15,Bujumbura,396.4111692824769
2024-01-15,Gitega,560.8989181163074
2024-01-15,Ngozi,644.947901848094
2024-01-15,Kayanza,517.0087748011209
2024-01-15,Bururi,487.4158280434829
2024-01-15,Cibitoke,514.560105990994
2024-01-16,Bujumbura,546.3951690267155
2024-01-16,Gitega,447.3623622875917
2024-01-16,Ngozi,550.813288896368
2024-01-16,Kayanza,388.4981157268047
2024-01-16,Bururi,707.3687890715091
2024-01-16,Cibitoke,702.1202311697011
2024-01-17,Bujumbura,605.9899694222396
2024-01-17,Gitega,560.3117178973695
2024-01-17,Ngozi,427.3890800182415
2024-01-17,Kayanza,473.9494315732169
2024-01-17,Bururi,568.6393187104048
2024-01-17,Cibitoke,478.52253846329353
2024-01-18,Bujumbura,569.8089441090837
2024-01-18,Gitega,428.5132354941607
2024-01-18,Ngozi,552.1566684144617
2024-01-18,Kayanza,515.3990662243558
2024-01-18,Bururi,497.77948629833105
2024-01-18,Cibitoke,654.9277941081381
2024-01-19,Bujumbura,535.8132716458392
2024-01-19,Gitega,480.7944646380894
2024-01-19,Ngozi,578.1673162328349
2024-01-19,Kayanza,512.9403889556392
2024-01-19,Bururi,434.1958090146441
2024-01-19,Cibitoke,347.5013281058229
2024-01-20,Bujumbura,342.7726204383254
2024-01-20,Gitega,562.8594103082944
2024-01-20,Ngozi,568.5064315118889
2024-01-20,Kayanza,589.724065324806
2024-01-20,Bururi,626.5969064577534
2024-01-20,Cibitoke,564.7403674951057
2024-01-21,Bujumbura,505.61007717382864
2024-01-21,Gitega,350.60132842336753
2024-01-21,Ngozi,411.24625443326175
2024-01-21,Kayanza,549.6675579624565
2024-01-21,Bururi,554.0677658395775
2024-01-21,Cibitoke,580.7872136140252
2024-01-22,Bujumbura,584.1508312030245
2024-01-22,Gitega,572.4070071483998
2024-01-22,Ngozi,437.3567744641526
2024-01-22,Kayanza,379.7736421481272
2024-01-22,Bururi,400.79925645328603
2024-01-22,Cibitoke,632.4534283037603
2024-01-23,Bujumbura,617.0698731319931
2024-01-23,Gitega,661.8727319673021
2024-01-23,Ngozi,512.1711225972504
2024-01-23,Kayanza,621.6538191189723
2024-01-23,Bururi,403.17035317152227
2024-01-23,Cibitoke,430.7209650220033
2024-01-24,Bujumbura,617.3656572363129
2024-01-24,Gitega,392.73801455720854
2024-01-24,Ngozi,633.7335120053771
2024-01-24,Kayanza,722.240811386877
2024-01-24,Bururi,277.04201470385044
2024-01-24,Cibitoke,712.4074403549316
2024-01-25,Bujumbura,590.3526566285152
2024-01-25,Gitega,557.5019987615883
2024-01-25,Ngozi,372.4831509149969
2024-01-25,Kayanza,519.6687073300263
2024-01-25,Bururi,428.9585642188424
2024-01-25,Cibitoke,536.4260709743414
2024-01-26,Bujumbura,565.1222605991584
2024-01-26,Gitega,460.90454271696757
2024-01-26,Ngozi,559.5254116161543
2024-01-26,Kayanza,501.3943887897693
2024-01-26,Bururi,594.6082563634219
2024-01-26,Cibitoke,438.6951263684343
2024-01-27,Bujumbura,573.8712863509776
2024-01-27,Gitega,484.2883309385458
2024-01-27,Ngozi,403.051593108504
2024-01-27,Kayanza,566.8442725038984
2024-01-27,Bururi,583.2407725711943
2024-01-27,Cibitoke,510.3496577320584
2024-01-28,Bujumbura,692.5111488239356
2024-01-28,Gitega,476.46342157917525
2024-01-28,Ngozi,446.9444732708097
2024-01-28,Kayanza,503.7220608295024
2024-01-28,Bururi,556.0019522428207
2024-01-28,Cibitoke,582.152826335197
2024-01-29,Bujumbura,530.5054926112334
2024-01-29,Gitega,583.5955448673783
2024-01-29,Ngozi,591.2527274452468
2024-01-29,Kayanza,474.4322013728704
2024-01-29,Bururi,656.806743402823
2024-01-29,Cibitoke,488.32754534446894
2024-01-30,Bujumbura,660.0554911502211
2024-01-30,Gitega,620.0403657901566
2024-01-30,Ngozi,571.5079462498044
2024-01-30,Kayanza,627.412733773994
2024-01-30,Bururi,437.5043456182447
2024-01-30,Cibitoke,498.177245485565
2024-01-31,Bujumbura,500.27816247889314
2024-01-31,Gitega,542.8824791813349
2024-01-31,Ngozi,409.0968971532573
2024-01-31,Kayanza,738.0362500006476
2024-01-31,Bururi,619.0819467637523
2024-01-31,Cibitoke,308.4591247231902
2024-02-01,Bujumbura,496.8627772581736
2024-02-01,Gitega,726.6299888275532
2024-02-01,Ngozi,558.8129360218841
2024-02-01,Kayanza,359.04877514495803
2024-02-01,Bururi,417.50109648715977
2024-02-01,Cibitoke,537.2095835672604
2024-02-02,Bujumbura,515.3982257897162
2024-02-02,Gitega,635.9584165515174
2024-02-02,Ngozi,485.295430335194
2024-02-02,Kayanza,661.5547574103879
2024-02-02,Bururi,559.4281127222196
2024-02-02,Cibitoke,599.5708579530291
2024-02-03,Bujumbura,613.7769064276313
2024-02-03,Gitega,709.5147447994616
2024-02-03,Ngozi,420.8788042784399
2024-02-03,Kayanza,437.4339391998043
2024-02-03,Bururi,505.2664093215265
2024-02-03,Cibitoke,504.9335363050918
2024-02-04,Bujumbura,553.2867174685466
2024-02-04,Gitega,597.4275519986068
2024-02-04,Ngozi,544.3959037838664
2024-02-04,Kayanza,368.639829652334
2024-02-04,Bururi,460.2423692992893
2024-02-04,Cibitoke,629.9935522715026
2024-02-05,Bujumbura,510.4255068390739
2024-02-05,Gitega,503.22197358531855
2024-02-05,Ngozi,465.57190185705167
2024-02-05,Kayanza,481.1121759706392
2024-02-05,Bururi,507.68123367263826
2024-02-05,Cibitoke,442.1994290163457
2024-02-06,Bujumbura,613.8954840671385
2024-02-06,Gitega,448.85394927034645
2024-02-06,Ngozi,601.0373914853924
2024-02-06,Kayanza,525.2380414093799
2024-02-06,Bururi,526.3862219602099
2024-02-06,Cibitoke,541.9811277295312
2024-02-07,Bujumbura,605.4677145355403
2024-02-07,Gitega,573.7504547071046
2024-02-07,Ngozi,368.92167430059885
2024-02-07,Kayanza,689.4031346964967
2024-02-07,Bururi,422.501647240706
2024-02-07,Cibitoke,550.5221985182588
2024-02-08,Bujumbura,501.7267989177996
2024-02-08,Gitega,556.6062296444218
2024-02-08,Ngozi,386.0163940379654
2024-02-08,Kayanza,389.8275284984846
2024-02-08,Bururi,644.8045419435715
2024-02-08,Cibitoke,595.7220896123911
2024-02-09,Bujumbura,312.1976026313568
2024-02-09,Gitega,561.0425931039645
2024-02-09,Ngozi,407.1129080447966
2024-02-09,Kayanza,707.596442394542
2024-02-09,Bururi,306.0156829458511
2024-02-09,Cibitoke,659.9422911432923
2024-02-10,Bujumbura,561.0240174008527
2024-02-10,Gitega,429.28426411596587
2024-02-10,Ngozi,519.570627326022
2024-02-10,Kayanza,369.519795028658
2024-02-10,Bururi,460.13820724965444
2024-02-10,Cibitoke,518.2674126743298
2024-02-11,Bujumbura,567.6516807963408
2024-02-11,Gitega,605.0137943624512
2024-02-11,Ngozi,520.4182121867802
2024-02-11,Kayanza,543.7813269059208
2024-02-11,Bururi,642.5661136701567
2024-02-11,Cibitoke,570.8462481402553
2024-02-12,Bujumbura,372.59290890274957
2024-02-12,Gitega,541.0502069555954
2024-02-12,Ngozi,446.0158244046445
2024-02-12,Kayanza,579.2212843403677
2024-02-12,Bururi,415.4256807098992
2024-02-12,Cibitoke,635.2464810003057
2024-02-13,Bujumbura,466.8458382739153
2024-02-13,Gitega,606.5514185920977
2024-02-13,Ngozi,634.4175843209562
2024-02-13,Kayanza,548.7900334041913
2024-02-13,Bururi,539.3212423102002
2024-02-13,Cibitoke,641.966972849217
2024-02-14,Bujumbura,360.46174742584196
2024-02-14,Gitega,644.2040211743454
2024-02-14,Ngozi,639.8177534291374
2024-02-14,Kayanza,607.1704849274947
2024-02-14,Bururi,518.5750052783242
2024-02-14,Cibitoke,473.2980936363741
2024-02-15,Bujumbura,484.6948774378554
2024-02-15,Gitega,609.3835737948746
2024-02-15,Ngozi,591.3402901329358
2024-02-15,Kayanza,602.1650112671456
2024-02-15,Bururi,487.48445047735305
2024-02-15,Cibitoke,427.6142997628371
2024-02-16,Bujumbura,747.1343189324629
2024-02-16,Gitega,632.4589404919426
2024-02-16,Ngozi,286.7148909556185
2024-02-16,Kayanza,717.3776612337418
2024-02-16,Bururi,496.8489006050259
2024-02-16,Cibitoke,507.4098328497901
2024-02-17,Bujumbura,491.4090561348324
2024-02-17,Gitega,518.3352269289198
2024-02-17,Ngozi,653.0502136351064
2024-02-17,Kayanza,512.187928288287
2024-02-17,Bururi,404.5102657127821
2024-02-17,Cibitoke,523.0362076961616
2024-02-18,Bujumbura,718.6394669369928
2024-02-18,Gitega,471.7293084511072
2024-02-18,Ngozi,460.67370334411163
2024-02-18,Kayanza,676.8203589228111
2024-02-18,Bururi,630.2041254898734
2024-02-18,Cibitoke,644.0012928868953
2024-02-19,Bujumbura,708.4677119018536
2024-02-19,Gitega,472.2915643092427
2024-02-19,Ngozi,723.8232275011566
2024-02-19,Kayanza,509.93826356733877
2024-02-19,Bururi,577.7268941484813
2024-02-19,Cibitoke,580.4300833500873
2024-02-20,Bujumbura,469.18223157166597
2024-02-20,Gitega,714.3112535637895
2024-02-20,Ngozi,586.2286105013849
2024-02-20,Kayanza,617.5530382182525
2024-02-20,Bururi,697.7197483390084
2024-02-20,Cibitoke,642.9522201370122
2024-02-21,Bujumbura,586.5720878256894
2024-02-21,Gitega,605.4065330216573
2024-02-21,Ngozi,587.4676085465129
2024-02-21,Kayanza,688.9130785580577
2024-02-21,Bururi,641.6799450370514
2024-02-21,Cibitoke,453.8370580760159
2024-02-22,Bujumbura,591.7978547630202
2024-02-22,Gitega,563.6546303387627
2024-02-22,Ngozi,561.2133980130903
2024-02-22,Kayanza,575.2505425469041
2024-02-22,Bururi,577.9897987083986
2024-02-22,Cibitoke,453.02572423506007
2024-02-23,Bujumbura,632.91914844031
2024-02-23,Gitega,587.0875716016641
2024-02-23,Ngozi,542.3097716239837
2024-02-23,Kayanza,796.1275881634351
2024-02-23,Bururi,482.8341070527852
2024-02-23,Cibitoke,299.99604469312555
2024-02-24,Bujumbura,580.0481602340791
2024-02-24,Gitega,562.0130401183202
2024-02-24,Ngozi,599.5360136181185
2024-02-24,Kayanza,599.730278099688
2024-02-24,Bururi,635.1000649839714
2024-02-24,Cibitoke,534.3861731715975
2024-02-25,Bujumbura,703.8298988508826
2024-02-25,Gitega,475.40196565445393
2024-02-25,Ngozi,614.4510274655769
2024-02-25,Kayanza,485.68684769386147
2024-02-25,Bururi,254.605503396329
2024-02-25,Cibitoke,283.23558612185826
2024-02-26,Bujumbura,640.8902179548087
2024-02-26,Gitega,365.5497730643141
2024-02-26,Ngozi,658.4385964830989
2024-02-26,Kayanza,532.6885480959496
2024-02-26,Bururi,521.8111596698902
2024-02-26,Cibitoke,709.5326481888761
2024-02-27,Bujumbura,628.023942600141
2024-02-27,Gitega,385.75180771027664
2024-02-27,Ngozi,615.1536982068159
2024-02-27,Kayanza,697.5369926996609
2024-02-27,Bururi,449.44987405102063
2024-02-27,Cibitoke,768.539071754472
2024-02-28,Bujumbura,439.0362482118709
2024-02-28,Gitega,410.0301355865528
2024-02-28,Ngozi,589.9286708248588
2024-02-28,Kayanza,577.7020728618902
2024-02-28,Bururi,627.0826210589448
2024-02-28,Cibitoke,507.47039693182455
2024-02-29,Bujumbura,449.56348827867447
2024-02-29,Gitega,447.59839652764003
2024-02-29,Ngozi,337.01151477339323
2024-02-29,Kayanza,431.3421403550737
2024-02-29,Bururi,510.4855485541007
2024-02-29,Cibitoke,511.26284353936137
2024-03-01,Bujumbura,715.3178891652676
2024-03-01,Gitega,561.0452576465465
2024-03-01,Ngozi,459.1255744775519
2024-03-01,Kayanza,368.6903427611498
2024-03-01,Bururi,588.5364716740064
2024-03-01,Cibitoke,540.1994884897942
2024-03-02,Bujumbura,560.7488162101921
2024-03-02,Gitega,425.2883023055106
2024-03-02,Ngozi,687.5834262356302
2024-03-02,Kayanza,439.57766210441423
2024-03-02,Bururi,441.62111059309433
2024-03-02,Cibitoke,442.723058861186
2024-03-03,Bujumbura,355.12132607389833
2024-03-03,Gitega,404.0524038171969
2024-03-03,Ngozi,534.1580458756733
2024-03-03,Kayanza,654.7701634793219
2024-03-03,Bururi,626.1733024727697
2024-03-03,Cibitoke,659.6677909671872
2024-03-04,Bujumbura,369.54630645505347
2024-03-04,Gitega,703.1662120922239
2024-03-04,Ngozi,569.7156216563321
2024-03-04,Kayanza,589.2799315665443
2024-03-04,Bururi,485.7047179557803
2024-03-04,Cibitoke,482.98710566937365
2024-03-05,Bujumbura,527.9286814605664
2024-03-05,Gitega,511.11250821383646
2024-03-05,Ngozi,706.0437095823474
2024-03-05,Kayanza,653.4400567914356
2024-03-05,Bururi,317.2656482312573
2024-03-05,Cibitoke,638.879113839255
2024-03-06,Bujumbura,422.7212494480022
2024-03-06,Gitega,753.4511750624355
2024-03-06,Ngozi,434.36597286004223
2024-03-06,Kayanza,390.28816959536266
2024-03-06,Bururi,360.23246610162846
2024-03-06,Cibitoke,569.4469346891345
2024-03-07,Bujumbura,577.5733567175627
2024-03-07,Gitega,591.1223261588794
2024-03-07,Ngozi,732.5766152950551
2024-03-07,Kayanza,467.2094948735792
2024-03-07,Bururi,682.1803661525158
2024-03-07,Cibitoke,586.403072005873
2024-03-08,Bujumbura,754.7577157306664
2024-03-08,Gitega,410.947509983625
2024-03-08,Ngozi,571.0330231281629
2024-03-08,Kayanza,531.5617429249173
2024-03-08,Bururi,656.6583092882393
2024-03-08,Cibitoke,563.1247641663381
2024-03-09,Bujumbura,627.925349917194
2024-03-09,Gitega,354.465802039635
2024-03-09,Ngozi,506.5690073048977
2024-03-09,Kayanza,738.9654233089676
2024-03-09,Bururi,580.5743674019097
2024-03-09,Cibitoke,716.177173020784
2024-03-10,Bujumbura,493.20136995811293
2024-03-10,Gitega,516.7487656097906
2024-03-10,Ngozi,499.2015052038707
2024-03-10,Kayanza,523.7511415650258
2024-03-10,Bururi,484.1072786985899
2024-03-10,Cibitoke,491.34273215315073
2024-03-11,Bujumbura,591.7125931060827
2024-03-11,Gitega,537.9566293107542
2024-03-11,Ngozi,456.4655222024496
2024-03-11,Kayanza,481.86227536125955
2024-03-11,Bururi,630.4906836434018
2024-03-11,Cibitoke,520.3916123431655
2024-03-12,Bujumbura,435.308201674972
2024-03-12,Gitega,670.9607495562267
2024-03-12,Ngozi,466.6876666304239
2024-03-12,Kayanza,615.1785270190317
2024-03-12,Bururi,776.8385368652628
2024-03-12,Cibitoke,493.91538780062984
2024-03-13,Bujumbura,594.7808740570782
2024-03-13,Gitega,569.3063601062021
2024-03-13,Ngozi,764.6661058264559
2024-03-13,Kayanza,489.72846487737
2024-03-13,Bururi,594.5045661346996
2024-03-13,Cibitoke,652.3871702270839
2024-03-14,Bujumbura,581.6616769282379
2024-03-14,Gitega,495.88170886346467
2024-03-14,Ngozi,782.8223802514914
2024-03-14,Kayanza,866.9719350662202
2024-03-14,Bururi,580.1904582852521
2024-03-14,Cibitoke,403.5557144180186
2024-03-15,Bujumbura,514.8112040727822
2024-03-15,Gitega,442.3299005950544
2024-03-15,Ngozi,616.8961127764155
2024-03-15,Kayanza,654.5701755667196
2024-03-15,Bururi,590.3320073296768
2024-03-15,Cibitoke,496.89652389739956
2024-03-16,Bujumbura,601.7957098228767
2024-03-16,Gitega,472.7905168706978
2024-03-16,Ngozi,554.1738797924545
2024-03-16,Kayanza,321.1448906804317
2024-03-16,Bururi,556.3698246399941
2024-03-16,Cibitoke,655.140345049464
2024-03-17,Bujumbura,751.4379751823891
2024-03-17,Gitega,599.9043989815905
2024-03-17,Ngozi,421.5270167503178
2024-03-17,Kayanza,565.2993382534924
2024-03-17,Bururi,469.09095314454225
2024-03-17,Cibitoke,589.3651814536101
2024-03-18,Bujumbura,466.95160838099036
2024-03-18,Gitega,591.8772821539185
2024-03-18,Ngozi,674.3661842079056
2024-03-18,Kayanza,523.6962664964353
2024-03-18,Bururi,472.4787612117731
2024-03-18,Cibitoke,542.9349598254756
2024-03-19,Bujumbura,457.85792308489494
2024-03-19,Gitega,619.3352011599094
2024-03-19,Ngozi,541.7246673243334
2024-03-19,Kayanza,499.8464211703873
2024-03-19,Bururi,443.9467849324946
2024-03-19,Cibitoke,652.8524547681657
2024-03-20,Bujumbura,555.2191046179731
2024-03-20,Gitega,605.1582441655765
2024-03-20,Ngozi,525.0371760635393
2024-03-20,Kayanza,516.6700244562203
2024-03-20,Bururi,592.4513280128127
2024-03-20,Cibitoke,694.8649466655501
2024-03-21,Bujumbura,534.4369873449231
2024-03-21,Gitega,598.6791061377846
2024-03-21,Ngozi,460.76348335632895
2024-03-21,Kayanza,516.017427617346
2024-03-21,Bururi,671.4600454372688
2024-03-21,Cibitoke,645.081962100052
2024-03-22,Bujumbura,382.8374102192903
2024-03-22,Gitega,322.139855317097
2024-03-22,Ngozi,531.7870334337567
2024-03-22,Kayanza,544.8076682356656
2024-03-22,Bururi,549.5356225097215
2024-03-22,Cibitoke,463.75181163886276
2024-03-23,Bujumbura,784.0741055864667
2024-03-23,Gitega,606.3921953646842
2024-03-23,Ngozi,612.4589733757288
2024-03-23,Kayanza,371.99131943170914
2024-03-23,Bururi,557.2903122179921
2024-03-23,Cibitoke,402.30105366777104
2024-03-24,Bujumbura,302.79214568565635
2024-03-24,Gitega,524.0118701855696
2024-03-24,Ngozi,659.3369185028538
2024-03-24,Kayanza,446.794561363547
2024-03-24,Bururi,351.2557972377854
2024-03-24,Cibitoke,594.2568495130522
2024-03-25,Bujumbura,651.3972357302349
2024-03-25,Gitega,683.2235207289931
2024-03-25,Ngozi,590.3934623865698
2024-03-25,Kayanza,550.0469661241002
2024-03-25,Bururi,156.14256004010988
2024-03-25,Cibitoke,440.0276234693582
2024-03-26,Bujumbura,579.3759732457299
2024-03-26,Gitega,448.3651298204029
2024-03-26,Ngozi,603.2845710870379
2024-03-26,Kayanza,445.18360029712903
2024-03-26,Bururi,606.10984155955
2024-03-26,Cibitoke,551.2452108393645
2024-03-27,Bujumbura,474.0235784500994
2024-03-27,Gitega,536.5074089779598
2024-03-27,Ngozi,455.5701361258785
2024-03-27,Kayanza,648.4745733443399
2024-03-27,Bururi,574.7908435289954
2024-03-27,Cibitoke,708.2494357549429
2024-03-28,Bujumbura,493.6006019973821
2024-03-28,Gitega,469.2209234823707
2024-03-28,Ngozi,702.5306090922084
2024-03-28,Kayanza,395.2816187466826
2024-03-28,Bururi,712.6424059239592
2024-03-28,Cibitoke,562.1661658405484
2024-03-29,Bujumbura,628.3920857760014
2024-03-29,Gitega,672.9242753509496
2024-03-29,Ngozi,612.0670929740295
2024-03-29,Kayanza,519.8838497329365
2024-03-29,Bururi,540.5281586185802
2024-03-29,Cibitoke,715.6746961855517
2024-03-30,Bujumbura,507.4366941427757
2024-03-30,Gitega,434.7035542588238
2024-03-30,Ngozi,420.9739557511798
2024-03-30,Kayanza,556.464205130926
2024-03-30,Bururi,536.3942763150261
2024-03-30,Cibitoke,416.4468798510679
2024-03-31,Bujumbura,457.43055849893136
2024-03-31,Gitega,632.0462619929008
2024-03-31,Ngozi,451.56250880147456
2024-03-31,Kayanza,664.5880218207182
2024-03-31,Bururi,410.0355383378279
2024-03-31,Cibitoke,456.922836650665
2024-04-01,Bujumbura,641.8418130581217
2024-04-01,Gitega,530.9915664053408
2024-04-01,Ngozi,553.2994071098315
2024-04-01,Kayanza,592.2221798064535
2024-04-01,Bururi,483.0818008426679
2024-04-01,Cibitoke,654.6716422401319
2024-04-02,Bujumbura,618.6640205698882
2024-04-02,Gitega,451.351715803411
2024-04-02,Ngozi,677.8525061851441
2024-04-02,Kayanza,550.986063793599
2024-04-02,Bururi,593.5880585858449
2024-04-02,Cibitoke,290.26454930825486
2024-04-03,Bujumbura,689.0562662691231
2024-04-03,Gitega,390.0895780718669
2024-04-03,Ngozi,625.5111332499098
2024-04-03,Kayanza,588.6135680143298
2024-04-03,Bururi,526.8353463540898
2024-04-03,Cibitoke,420.0326901592105
2024-04-04,Bujumbura,389.9615995037787
2024-04-04,Gitega,645.5308359897157
2024-04-04,Ngozi,485.94151458115016
2024-04-04,Kayanza,486.7355417918397
2024-04-04,Bururi,474.03376096453354
2024-04-04,Cibitoke,638.6670518347083
2024-04-05,Bujumbura,541.039705428144
2024-04-05,Gitega,583.7193173073688
2024-04-05,Ngozi,418.7421473378603
2024-04-05,Kayanza,479.6324238031069
2024-04-05,Bururi,585.2438878583539
2024-04-05,Cibitoke,532.5860150431083
2024-04-06,Bujumbura,408.00590488216153
2024-04-06,Gitega,399.16961904432793
2024-04-06,Ngozi,471.13806644610014
2024-04-06,Kayanza,645.9131061216578
2024-04-06,Bururi,383.70352919888836
2024-04-06,Cibitoke,408.8356179905749
2024-04-07,Bujumbura,528.865896188722
2024-04-07,Gitega,512.7855575256958
2024-04-07,Ngozi,400.4292139210332
2024-04-07,Kayanza,602.6910402028503
2024-04-07,Bururi,357.7497857431444
2024-04-07,Cibitoke,643.6769956953369
2024-04-08,Bujumbura,496.01296617795003
2024-04-08,Gitega,566.5122553351273
2024-04-08,Ngozi,653.1445927781256
2024-04-08,Kayanza,628.1882571196887
2024-04-08,Bururi,473.02806392793605
2024-04-08,Cibitoke,483.03823083415216
2024-04-09,Bujumbura,554.9301143737828
2024-04-09,Gitega,449.22876299968385
2024-04-09,Ngozi,587.0290571939165
2024-04-09,Kayanza,623.2393405760681
2024-04-09,Bururi,608.7833582791927
2024-04-09,Cibitoke,377.8137163660827
2024-04-10,Bujumbura,600.6213476498579
2024-04-10,Gitega,421.86770513212707
2024-04-10,Ngozi,452.4825564369328
2024-04-10,Kayanza,440.9864722390423
2024-04-10,Bururi,640.9546531102179
2024-04-10,Cibitoke,627.4762001570765
2024-04-11,Bujumbura,578.8793389780095
2024-04-11,Gitega,380.5382714113382
2024-04-11,Ngozi,613.1071367377674
2024-04-11,Kayanza,545.667840955049
2024-04-11,Bururi,405.52763925595156
2024-04-11,Cibitoke,518.7028720120317
2024-04-12,Bujumbura,589.34730138049
2024-04-12,Gitega,703.3952018158317
2024-04-12,Ngozi,502.99987624109326
2024-04-12,Kayanza,400.6139503469759
2024-04-12,Bururi,460.7395184962933
2024-04-12,Cibitoke,639.7885093890498
2024-04-13,Bujumbura,454.46902997995454
2024-04-13,Gitega,373.6073165529164
2024-04-13,Ngozi,302.93835273382524
2024-04-13,Kayanza,455.6852633207763
2024-04-13,Bururi,650.9926231618634
2024-04-13,Cibitoke,455.6744897986149
2024-04-14,Bujumbura,456.7863806386409
2024-04-14,Gitega,703.1388755835142
2024-04-14,Ngozi,441.72746828803116
2024-04-14,Kayanza,508.62389553304973
2024-04-14,Bururi,494.9985088532136
2024-04-14,Cibitoke,766.6534229632346
2024-04-15,Bujumbura,589.7096478299693
2024-04-15,Gitega,574.4589468758476
2024-04-15,Ngozi,519.3658171347018
2024-04-15,Kayanza,530.5698386036611
2024-04-15,Bururi,480.60517274457925
2024-04-15,Cibitoke,743.6458520731145
2024-04-16,Bujumbura,455.82189681265487
2024-04-16,Gitega,501.8357111172903
2024-04-16,Ngozi,535.9959753837228
2024-04-16,Kayanza,386.0581772246011
2024-04-16,Bururi,495.4812420337218
2024-04-16,Cibitoke,714.1543117347177
2024-04-17,Bujumbura,748.7786964378724
2024-04-17,Gitega,574.6785340705892
2024-04-17,Ngozi,632.1859203855722
2024-04-17,Kayanza,529.3703717147605
2024-04-17,Bururi,511.75545267622635
2024-04-17,Cibitoke,519.9308392058123
2024-04-18,Bujumbura,523.4339702186173
2024-04-18,Gitega,406.186850951859
2024-04-18,Ngozi,476.34263173240674
2024-04-18,Kayanza,543.542343213559
2024-04-18,Bururi,580.6348125941856
2024-04-18,Cibitoke,549.9847997215751
2024-04-19,Bujumbura,482.36917937617227
2024-04-19,Gitega,568.4376390799313
2024-04-19,Ngozi,593.373061333695
2024-04-19,Kayanza,643.1219911743749
2024-04-19,Bururi,625.0428916342918
2024-04-19,Cibitoke,482.6935283488421
2024-04-20,Bujumbura,586.3341157176368
2024-04-20,Gitega,480.5463328210561
2024-04-20,Ngozi,404.23552739968966
2024-04-20,Kayanza,556.8831302787522
2024-04-20,Bururi,463.43055545681534
2024-04-20,Cibitoke,446.6423424274317
2024-04-21,Bujumbura,593.9147165638832
2024-04-21,Gitega,693.8382314752821
2024-04-21,Ngozi,424.4902446591849
2024-04-21,Kayanza,644.0210191389682
2024-04-21,Bururi,467.17386243469264
2024-04-21,Cibitoke,497.2958354665759
2024-04-22,Bujumbura,533.3103461998567
2024-04-22,Gitega,279.4181174999012
2024-04-22,Ngozi,475.85797788706674
2024-04-22,Kayanza,410.0538663296946
2024-04-22,Bururi,398.2794223173362
2024-04-22,Cibitoke,568.0855261068916
2024-04-23,Bujumbura,599.3071221564937
2024-04-23,Gitega,688.0994527436745
2024-04-23,Ngozi,614.7040024240838
2024-04-23,Kayanza,452.78816973922744
2024-04-23,Bururi,498.3667631414789
2024-04-23,Cibitoke,460.13817412962334
2024-04-24,Bujumbura,374.92258314316575
2024-04-24,Gitega,647.7512254286331
2024-04-24,Ngozi,470.3315520368682
2024-04-24,Kayanza,552.697664980118
2024-04-24,Bururi,590.40697969662
2024-04-24,Cibitoke,477.61354820380916
2024-04-25,Bujumbura,446.52206639529214
2024-04-25,Gitega,730.5833213472064
2024-04-25,Ngozi,578.3718170602381
2024-04-25,Kayanza,580.6639969485776
2024-04-25,Bururi,416.7532338815643
2024-04-25,Cibitoke,553.1866100608627
2024-04-26,Bujumbura,519.4282671840725
2024-04-26,Gitega,358.57823437117173
2024-04-26,Ngozi,651.7239046983738
2024-04-26,Kayanza,588.6399357595363
2024-04-26,Bururi,308.57790971643993
2024-04-26,Cibitoke,511.7305568694596
2024-04-27,Bujumbura,418.9932974668653
2024-04-27,Gitega,566.2458417838926
2024-04-27,Ngozi,455.7375315393072
2024-04-27,Kayanza,533.4183298726069
2024-04-27,Bururi,333.93372951053163
2024-04-27,Cibitoke,642.8238655072893
2024-04-28,Bujumbura,310.01210394474475
2024-04-28,Gitega,431.34651070555424
2024-04-28,Ngozi,523.8451082391275
2024-04-28,Kayanza,718.6998396955471
2024-04-28,Bururi,567.9717582483693
2024-04-28,Cibitoke,445.7324354743192
2024-04-29,Bujumbura,468.18639109883134
2024-04-29,Gitega,737.2383929040745
2024-04-29,Ngozi,609.2503399353583
2024-04-29,Kayanza,493.58021267530245
2024-04-29,Bururi,620.137141424589
2024-04-29,Cibitoke,595.8060839474414
2024-04-30,Bujumbura,611.4310909020783
2024-04-30,Gitega,540.174921195056
2024-04-30,Ngozi,543.3534430013656
2024-04-30,Kayanza,518.75346407456
2024-04-30,Bururi,557.8179644273578
2024-04-30,Cibitoke,513.3040391696798
2024-05-01,Bujumbura,345.95772878735494
2024-05-01,Gitega,423.1644046604703
2024-05-01,Ngozi,418.48145306350546
2024-05-01,Kayanza,294.1835522998131
2024-05-01,Bururi,394.3400686581852
2024-05-01,Cibitoke,594.2013511702276
2024-05-02,Bujumbura,615.0944789782208
2024-05-02,Gitega,530.1128618444748
2024-05-02,Ngozi,587.9354048401561
2024-05-02,Kayanza,442.5785626268058
2024-05-02,Bururi,509.33709102418817
2024-05-02,Cibitoke,513.8918073020529
2024-05-03,Bujumbura,410.5339211394625
2024-05-03,Gitega,604.0107082008526
2024-05-03,Ngozi,582.8582340174548
2024-05-03,Kayanza,553.4269102021342
2024-05-03,Bururi,413.4796214085023
2024-05-03,Cibitoke,453.5475554350176
2024-05-04,Bujumbura,485.63742067743834
2024-05-04,Gitega,536.7841182313516
2024-05-04,Ngozi,487.6264097725844
2024-05-04,Kayanza,611.6371754328009
2024-05-04,Bururi,665.3501785176926
2024-05-04,Cibitoke,662.5259113219057
2024-05-05,Bujumbura,393.70353727238
2024-05-05,Gitega,616.3126356497345
2024-05-05,Ngozi,447.3990144182649
2024-05-05,Kayanza,488.6362566110447
2024-05-05,Bururi,719.6560033544725
2024-05-05,Cibitoke,582.5504090902842
2024-05-06,Bujumbura,562.3874360525881
2024-05-06,Gitega,536.373912514265
2024-05-06,Ngozi,522.9494558392614
2024-05-06,Kayanza,537.5126676265983
2024-05-06,Bururi,586.5570979064648
2024-05-06,Cibitoke,505.5282974955252
2024-05-07,Bujumbura,426.2654049212648
2024-05-07,Gitega,615.9724653038118
2024-05-07,Ngozi,671.7881473412584
2024-05-07,Kayanza,540.160740941994
2024-05-07,Bururi,468.83805552658066
2024-05-07,Cibitoke,486.49595421485515
2024-05-08,Bujumbura,447.13475001519834
2024-05-08,Gitega,692.9628530931238
2024-05-08,Ngozi,648.2388913860766
2024-05-08,Kayanza,676.630562280631
2024-05-08,Bururi,638.8756300867528
2024-05-08,Cibitoke,648.8193136215177
2024-05-09,Bujumbura,485.14357853495125
2024-05-09,Gitega,580.5503544624938
2024-05-09,Ngozi,453.04603866144845
2024-05-09,Kayanza,420.2502077790886
2024-05-09,Bururi,418.095411500123
2024-05-09,Cibitoke,589.0689404386989
2024-05-10,Bujumbura,528.650645448055
2024-05-10,Gitega,624.9199750970615
2024-05-10,Ngozi,521.1333775055693
2024-05-10,Kayanza,618.7385034157443
2024-05-10,Bururi,340.29954462475706
2024-05-10,Cibitoke,515.1855020134467
2024-05-11,Bujumbura,508.5400019085261
2024-05-11,Gitega,658.4946156485563
2024-05-11,Ngozi,657.3974009593628
2024-05-11,Kayanza,574.9649243123683
2024-05-11,Bururi,570.5172773687514
2024-05-11,Cibitoke,513.1651054458341
2024-05-12,Bujumbura,654.5193807569124
2024-05-12,Gitega,627.1429446827893
2024-05-12,Ngozi,516.7282720803605
2024-05-12,Kayanza,427.97998476924516
2024-05-12,Bururi,469.3902882647736
2024-05-12,Cibitoke,594.1570811657467
2024-05-13,Bujumbura,555.7831597998934
2024-05-13,Gitega,587.4697467284578
2024-05-13,Ngozi,563.0620763886532
2024-05-13,Kayanza,704.3065979195603
2024-05-13,Bururi,625.9020074326718
2024-05-13,Cibitoke,591.0331967735003
2024-05-14,Bujumbura,383.3602981276767
2024-05-14,Gitega,663.8586123457246
2024-05-14,Ngozi,507.19209955666287
2024-05-14,Kayanza,762.3088729042603
2024-05-14,Bururi,684.4450499261358
2024-05-14,Cibitoke,657.0861902945705
2024-05-15,Bujumbura,566.5078374153763
2024-05-15,Gitega,459.9050818424922
2024-05-15,Ngozi,514.973327604108
2024-05-15,Kayanza,594.2585971111504
2024-05-15,Bururi,286.4431502310284
2024-05-15,Cibitoke,415.5254794490244
2024-05-16,Bujumbura,422.83332623297446
2024-05-16,Gitega,650.6230960669659
2024-05-16,Ngozi,562.5988430083185
2024-05-16,Kayanza,550.2251407462735
2024-05-16,Bururi,488.85461657771214
2024-05-16,Cibitoke,437.9410891631047
2024-05-17,Bujumbura,403.44673841414505
2024-05-17,Gitega,660.0337138870359
2024-05-17,Ngozi,520.1059885625739
2024-05-17,Kayanza,707.9539322270941
2024-05-17,Bururi,436.6056758733272
2024-05-17,Cibitoke,664.9573085727861
2024-05-18,Bujumbura,409.70050522662507
2024-05-18,Gitega,592.2604922195987
2024-05-18,Ngozi,383.7822862615246
2024-05-18,Kayanza,495.0170876524482
2024-05-18,Bururi,569.6863518916172
2024-05-18,Cibitoke,431.54508261589024
2024-05-19,Bujumbura,599.5334486346766
2024-05-19,Gitega,564.8989014852267
2024-05-19,Ngozi,538.3814202501948
2024-05-19,Kayanza,549.4615379433865
2024-05-19,Bururi,439.1550658250974
2024-05-19,Cibitoke,465.2125629777696
2024-05-20,Bujumbura,546.1679094952356
2024-05-20,Gitega,563.7285409556207
2024-05-20,Ngozi,543.0027547894031
2024-05-20,Kayanza,712.2822977163347
2024-05-20,Bururi,455.0294616369616
2024-05-20,Cibitoke,601.9857526489355
2024-05-21,Bujumbura,476.8119533761991
2024-05-21,Gitega,397.77281410150783
2024-05-21,Ngozi,523.9324273411568
2024-05-21,Kayanza,436.3658280539725
2024-05-21,Bururi,532.7731260701992
2024-05-21,Cibitoke,655.5363659569283
2024-05-22,Bujumbura,499.54670288665045
2024-05-22,Gitega,631.0966011824017
2024-05-22,Ngozi,366.6088251142587
2024-05-22,Kayanza,557.192241923585
2024-05-22,Bururi,574.5782706247221
2024-05-22,Cibitoke,541.0789441609287
2024-05-23,Bujumbura,508.18558550377645
2024-05-23,Gitega,644.0602789878017
2024-05-23,Ngozi,511.5432424729088
2024-05-23,Kayanza,448.1267370481929
2024-05-23,Bururi,570.9609845866787
2024-05-23,Cibitoke,814.3524098609998
2024-05-24,Bujumbura,759.0436049377272
2024-05-24,Gitega,531.9029495073812
2024-05-24,Ngozi,491.0447472204406
2024-05-24,Kayanza,455.1355135622209
2024-05-24,Bururi,459.9037341325586
2024-05-24,Cibitoke,570.9723951592416
2024-05-25,Bujumbura,608.336361646987
2024-05-25,Gitega,661.304471941949
2024-05-25,Ngozi,554.8629714385638
2024-05-25,Kayanza,509.285495592982
2024-05-25,Bururi,461.7541151257397
2024-05-25,Cibitoke,540.9242036265623
2024-05-26,Bujumbura,508.976105067006
2024-05-26,Gitega,513.531552195041
2024-05-26,Ngozi,341.8970220144882
2024-05-26,Kayanza,376.3083128167897
2024-05-26,Bururi,256.6925962194692
2024-05-26,Cibitoke,653.1401692814525
2024-05-27,Bujumbura,413.75847087484055
2024-05-27,Gitega,660.4757581777772
2024-05-27,Ngozi,574.8622377154308
2024-05-27,Kayanza,807.4087657455639
2024-05-27,Bururi,520.1728367784325
2024-05-27,Cibitoke,484.8884716149857
2024-05-28,Bujumbura,559.4905678004843
2024-05-28,Gitega,507.448814450376
2024-05-28,Ngozi,453.84560287469054
2024-05-28,Kayanza,658.8980492448862
2024-05-28,Bururi,386.52970297640655
2024-05-28,Cibitoke,573.7844222322352
2024-05-29,Bujumbura,539.571784803183
2024-05-29,Gitega,717.8358687805984
2024-05-29,Ngozi,398.6187820309749
2024-05-29,Kayanza,615.0431279957558
2024-05-29,Bururi,392.1609283214918
2024-05-29,Cibitoke,729.3418113429492
2024-05-30,Bujumbura,573.4746449531762
2024-05-30,Gitega,613.970303401155
2024-05-30,Ngozi,456.76128333184056
2024-05-30,Kayanza,493.46811366707
2024-05-30,Bururi,481.5346683859785
2024-05-30,Cibitoke,534.0207982883121
2024-05-31,Bujumbura,518.0746937984338
2024-05-31,Gitega,388.3492836044258
2024-05-31,Ngozi,622.8482958534273
2024-05-31,Kayanza,571.6865981061418
2024-05-31,Bururi,488.73857825819374
2024-05-31,Cibitoke,573.8289609537504
2024-06-01,Bujumbura,539.5051277233081
2024-06-01,Gitega,382.24049534691545
2024-06-01,Ngozi,638.0297586937412
2024-06-01,Kayanza,578.1579194193492
2024-06-01,Bururi,671.9909951091128
2024-06-01,Cibitoke,583.9543703409001
2024-06-02,Bujumbura,515.7773160392319
2024-06-02,Gitega,480.53614518774094
2024-06-02,Ngozi,480.6269248849136
2024-06-02,Kayanza,631.078188949946
2024-06-02,Bururi,482.85437203696824
2024-06-02,Cibitoke,618.474262459194
2024-06-03,Bujumbura,452.15055386715704
2024-06-03,Gitega,449.66599964099714
2024-06-03,Ngozi,532.00223819316
2024-06-03,Kayanza,639.1294713932356
2024-06-03,Bururi,727.7719758919344
2024-06-03,Cibitoke,439.0168490970791
2024-06-04,Bujumbura,627.0382676371769
2024-06-04,Gitega,580.7330302209016
2024-06-04,Ngozi,583.9333788247802
2024-06-04,Kayanza,447.74291203677035
2024-06-04,Bururi,652.0560458007441
2024-06-04,Cibitoke,644.459783294597
2024-06-05,Bujumbura,384.73817481773506
2024-06-05,Gitega,583.3927262465685
2024-06-05,Ngozi,661.4177064984437
2024-06-05,Kayanza,597.966786968523
2024-06-05,Bururi,316.97606625956587
2024-06-05,Cibitoke,425.9103680072784
2024-06-06,Bujumbura,667.9138489550191
2024-06-06,Gitega,722.1403941359208
2024-06-06,Ngozi,415.4702909107924
2024-06-06,Kayanza,362.5270782886518
2024-06-06,Bururi,574.477022106786
2024-06-06,Cibitoke,640.5153240674352
2024-06-07,Bujumbura,578.8834504659679
2024-06-07,Gitega,585.7429729557041
2024-06-07,Ngozi,490.39340158977103
2024-06-07,Kayanza,584.4455832749846
2024-06-07,Bururi,636.0249486618983
2024-06-07,Cibitoke,516.0686922087261
2024-06-08,Bujumbura,737.689974044428
2024-06-08,Gitega,390.0788352686001
2024-06-08,Ngozi,656.5480394470285
2024-06-08,Kayanza,630.2540924293148
2024-06-08,Bururi,739.3791452792204
2024-06-08,Cibitoke,333.3790669255583
2024-06-09,Bujumbura,306.2438278062592
2024-06-09,Gitega,479.57419097716286
2024-06-09,Ngozi,375.9509021406249
2024-06-09,Kayanza,527.4960712526121
2024-06-09,Bururi,508.01813015159854
2024-06-09,Cibitoke,266.07278416584563
2024-06-10,Bujumbura,422.33016412702403
2024-06-10,Gitega,642.1065347085395
2024-06-10,Ngozi,586.8033031236953
2024-06-10,Kayanza,508.0802860619347
2024-06-10,Bururi,559.7514056559797
2024-06-10,Cibitoke,535.9011724099554
2024-06-11,Bujumbura,653.841953285987
2024-06-11,Gitega,418.4672624335548
2024-06-11,Ngozi,639.083511257622
2024-06-11,Kayanza,546.2645650410525
2024-06-11,Bururi,480.54997663268955
2024-06-11,Cibitoke,431.80335322531033
2024-06-12,Bujumbura,670.5952503330724
2024-06-12,Gitega,667.0966637344637
2024-06-12,Ngozi,545.491248469441
2024-06-12,Kayanza,334.58973067823746
2024-06-12,Bururi,596.3823053410018
2024-06-12,Cibitoke,562.8782500100523
2024-06-13,Bujumbura,614.559573658575
2024-06-13,Gitega,449.8918444550988
2024-06-13,Ngozi,434.88269896649985
2024-06-13,Kayanza,354.069337626452
2024-06-13,Bururi,506.4008409975091
2024-06-13,Cibitoke,415.0499284105781
2024-06-14,Bujumbura,532.7837444298029
2024-06-14,Gitega,643.9718860621671
2024-06-14,Ngozi,272.0118854619353
2024-06-14,Kayanza,604.0105808659297
2024-06-14,Bururi,365.56970312116914
2024-06-14,Cibitoke,513.5045002767821
2024-06-15,Bujumbura,485.0429770258615
2024-06-15,Gitega,342.3378601709771
2024-06-15,Ngozi,470.60958280025784
2024-06-15,Kayanza,584.1714407174013
2024-06-15,Bururi,531.3021128781445
2024-06-15,Cibitoke,557.7388048287378
2024-06-16,Bujumbura,435.5984220662885
2024-06-16,Gitega,567.0458554298286
2024-06-16,Ngozi,533.2588513199175
2024-06-16,Kayanza,521.777213172984
2024-06-16,Bururi,492.6229895634855
2024-06-16,Cibitoke,621.4131623524102
2024-06-17,Bujumbura,618.3873878070744
2024-06-17,Gitega,609.3905608678232
2024-06-17,Ngozi,562.4926012799267
2024-06-17,Kayanza,540.0291487903968
2024-06-17,Bururi,400.73493005111976
2024-06-17,Cibitoke,452.4065331113623
2024-06-18,Bujumbura,574.8005802626687
2024-06-18,Gitega,476.5034747075272
2024-06-18,Ngozi,592.4011691666674
2024-06-18,Kayanza,357.9710952401447
2024-06-18,Bururi,509.51497181815785
2024-06-18,Cibitoke,450.74427072147887
2024-06-19,Bujumbura,479.90638293287924
2024-06-19,Gitega,594.6163084655758
2024-06-19,Ngozi,572.3065063299771
2024-06-19,Kayanza,488.83000309738935
2024-06-19,Bururi,349.3629272331964
2024-06-19,Cibitoke,582.7423704497502
2024-06-20,Bujumbura,438.84841620244566
2024-06-20,Gitega,682.1504691841243
2024-06-20,Ngozi,438.74509047607665
2024-06-20,Kayanza,474.5908977305543
2024-06-20,Bururi,493.12912447009876
2024-06-20,Cibitoke,657.2483498913417
2024-06-21,Bujumbura,221.69764322607426
2024-06-21,Gitega,320.40106111899655
2024-06-21,Ngozi,556.2861415085581
2024-06-21,Kayanza,507.2401702777639
2024-06-21,Bururi,365.6464661538105
2024-06-21,Cibitoke,559.2143289248227
2024-06-22,Bujumbura,454.5315166124109
2024-06-22,Gitega,348.1728408809481
2024-06-22,Ngozi,639.0394396153564
2024-06-22,Kayanza,402.7526107579212
2024-06-22,Bururi,611.6042185031808
2024-06-22,Cibitoke,471.9851578620401
2024-06-23,Bujumbura,523.0474283462898
2024-06-23,Gitega,326.63477555447804
2024-06-23,Ngozi,592.5125061172721
2024-06-23,Kayanza,375.691055777309
2024-06-23,Bururi,403.1913005266088
2024-06-23,Cibitoke,570.1443861936486
2024-06-24,Bujumbura,638.2475063820157
2024-06-24,Gitega,427.1953101137138
2024-06-24,Ngozi,432.36357305827937
2024-06-24,Kayanza,575.2529256499249
2024-06-24,Bururi,523.9128248678063
2024-06-24,Cibitoke,400.5708329136302
2024-06-25,Bujumbura,419.90923502936613
2024-06-25,Gitega,485.22259866017197
2024-06-25,Ngozi,396.0018539832549
2024-06-25,Kayanza,541.3196380455385
2024-06-25,Bururi,476.0604092966217
2024-06-25,Cibitoke,518.2609025101852
2024-06-26,Bujumbura,520.3211903724288
2024-06-26,Gitega,568.066177021634
2024-06-26,Ngozi,380.86643091083954
2024-06-26,Kayanza,544.4589561689647
2024-06-26,Bururi,518.1706556551059
2024-06-26,Cibitoke,542.149960174778
2024-06-27,Bujumbura,646.7737262936325
2024-06-27,Gitega,537.7817340709245
2024-06-27,Ngozi,482.539101910785
2024-06-27,Kayanza,706.9171732379608
2024-06-27,Bururi,620.9109719514505
2024-06-27,Cibitoke,640.1353545706158
2024-06-28,Bujumbura,522.0214616697401
2024-06-28,Gitega,515.7478348461098
2024-06-28,Ngozi,700.0388221560193
2024-06-28,Kayanza,557.1373456731354
2024-06-28,Bururi,488.54501629868906
2024-06-28,Cibitoke,470.19717149981585
2024-06-29,Bujumbura,338.9040959493618
2024-06-29,Gitega,639.4024498846551
2024-06-29,Ngozi,521.9800069401882
2024-06-29,Kayanza,541.1467639336856
2024-06-29,Bururi,563.7461141403496
2024-06-29,Cibitoke,463.9353848022044
2024-06-30,Bujumbura,577.8792303388868
2024-06-30,Gitega,392.78783679594073
2024-06-30,Ngozi,609.4299867315174
2024-06-30,Kayanza,372.1503887652792
2024-06-30,Bururi,482.76669103380965
2024-06-30,Cibitoke,400.46562803388815
2024-07-01,Bujumbura,474.26853909409874
2024-07-01,Gitega,506.89825369619825
2024-07-01,Ngozi,585.9287044468736
2024-07-01,Kayanza,486.558376463553
2024-07-01,Bururi,506.1552329267963
2024-07-01,Cibitoke,510.8725385847765
2024-07-02,Bujumbura,482.6341147308847
2024-07-02,Gitega,708.0548434762688
2024-07-02,Ngozi,477.8531778592794
2024-07-02,Kayanza,506.22804484869295
2024-07-02,Bururi,340.10842545829894
2024-07-02,Cibitoke,562.1918055775343
2024-07-03,Bujumbura,371.80134536440045
2024-07-03,Gitega,585.3162510399336
2024-07-03,Ngozi,551.1742822588621
2024-07-03,Kayanza,591.2928452941983
2024-07-03,Bururi,409.65701188471456
2024-07-03,Cibitoke,599.8242590756386
2024-07-04,Bujumbura,619.2083963553906
2024-07-04,Gitega,482.93541063994184
2024-07-04,Ngozi,687.1280445474424
2024-07-04,Kayanza,396.10707458655673
2024-07-04,Bururi,468.1826826776779
2024-07-04,Cibitoke,522.7392753198232
2024-07-05,Bujumbura,563.0477301806734
2024-07-05,Gitega,490.3553405900318
2024-07-05,Ngozi,330.8912350033242
2024-07-05,Kayanza,580.1824891020008
2024-07-05,Bururi,705.4270701221568
2024-07-05,Cibitoke,484.52543725524475
2024-07-06,Bujumbura,550.4943612193648
2024-07-06,Gitega,540.8648615306797
2024-07-06,Ngozi,473.09244595047886
2024-07-06,Kayanza,574.8328496797079
2024-07-06,Bururi,650.2574055479093
2024-07-06,Cibitoke,356.6258507555621
2024-07-07,Bujumbura,531.832698121999
2024-07-07,Gitega,403.14637418594435
2024-07-07,Ngozi,705.4597128606337
2024-07-07,Kayanza,482.97169976463397
2024-07-07,Bururi,640.673544883804
2024-07-07,Cibitoke,464.6693271116407
2024-07-08,Bujumbura,433.9322557406314
2024-07-08,Gitega,350.79168350128964
2024-07-08,Ngozi,649.5749891328793
2024-07-08,Kayanza,562.1252433405867
2024-07-08,Bururi,355.43314395853906
2024-07-08,Cibitoke,704.3740026078647
2024-07-09,Bujumbura,579.6361740974083
2024-07-09,Gitega,568.6942341721077
2024-07-09,Ngozi,394.8534110998471
2024-07-09,Kayanza,527.8361838296444
2024-07-09,Bururi,505.82668087550144
2024-07-09,Cibitoke,415.91042840247826
2024-07-10,Bujumbura,398.11863249586276
2024-07-10,Gitega,589.7191924198481
2024-07-10,Ngozi,597.8059564047271
2024-07-10,Kayanza,551.5927998599637
2024-07-10,Bururi,439.53535747472074
2024-07-10,Cibitoke,521.8943202823274
2024-07-11,Bujumbura,605.7384965558883
2024-07-11,Gitega,418.02184143983067
2024-07-11,Ngozi,406.1822811031366
2024-07-11,Kayanza,507.0586199809962
2024-07-11,Bururi,546.4126704533186
2024-07-11,Cibitoke,520.6171219417544
2024-07-12,Bujumbura,532.3018235124565
2024-07-12,Gitega,509.10830930885743
2024-07-12,Ngozi,491.0141601180769
2024-07-12,Kayanza,331.7058432979769
2024-07-12,Bururi,328.6622955026355
2024-07-12,Cibitoke,591.5907994918595
2024-07-13,Bujumbura,564.322069101581
2024-07-13,Gitega,558.7631352997912
2024-07-13,Ngozi,297.51050963120525
2024-07-13,Kayanza,530.1990227798327
2024-07-13,Bururi,480.055797668877
2024-07-13,Cibitoke,472.06594464133417
2024-07-14,Bujumbura,743.1048139581798
2024-07-14,Gitega,381.67084153101223
2024-07-14,Ngozi,556.20586095573
2024-07-14,Kayanza,335.30324734188673
2024-07-14,Bururi,410.0640307235984
2024-07-14,Cibitoke,622.570605922518
2024-07-15,Bujumbura,396.2032483050222
2024-07-15,Gitega,623.7859699338449
2024-07-15,Ngozi,522.7581625578415
2024-07-15,Kayanza,508.1514339346055
2024-07-15,Bururi,606.4922874447423
2024-07-15,Cibitoke,436.93259301762066
2024-07-16,Bujumbura,421.1435571608978
2024-07-16,Gitega,694.3210686901245
2024-07-16,Ngozi,599.9142483585507
2024-07-16,Kayanza,550.7663297257195
2024-07-16,Bururi,580.850442704656
2024-07-16,Cibitoke,482.5741002629582
2024-07-17,Bujumbura,293.99640179841936
2024-07-17,Gitega,718.5347342270728
2024-07-17,Ngozi,357.116330720875
2024-07-17,Kayanza,473.30587991985595
2024-07-17,Bururi,338.387781605679
2024-07-17,Cibitoke,445.1691242227533
2024-07-18,Bujumbura,493.1187651843337
2024-07-18,Gitega,559.5317568856328
2024-07-18,Ngozi,616.3725062968903
2024-07-18,Kayanza,606.7212142916186
2024-07-18,Bururi,420.71038620771907
2024-07-18,Cibitoke,349.4245614629774
2024-07-19,Bujumbura,383.8088053086095
2024-07-19,Gitega,539.2950117847448
2024-07-19,Ngozi,578.8427189119027
2024-07-19,Kayanza,486.2088825551935
2024-07-19,Bururi,606.6091138323046
2024-07-19,Cibitoke,583.161113243155
2024-07-20,Bujumbura,494.1301111432712
2024-07-20,Gitega,503.6285003386234
2024-07-20,Ngozi,512.4249279057136
2024-07-20,Kayanza,460.6610623056269
2024-07-20,Bururi,460.27122854698837
2024-07-20,Cibitoke,634.1215990510153
2024-07-21,Bujumbura,436.96048146033905
2024-07-21,Gitega,604.6088233942066
2024-07-21,Ngozi,607.6842377907556
2024-07-21,Kayanza,480.8893150538759
2024-07-21,Bururi,508.818680552246
2024-07-21,Cibitoke,342.56664824974865
2024-07-22,Bujumbura,443.78692381157447
2024-07-22,Gitega,611.2227778414957
2024-07-22,Ngozi,366.87125727312616
2024-07-22,Kayanza,541.3126706804183
2024-07-22,Bururi,478.9257404950624
2024-07-22,Cibitoke,507.4009712903474
2024-07-23,Bujumbura,522.7597815741987
2024-07-23,Gitega,634.2140217405299
2024-07-23,Ngozi,454.89527899095305
2024-07-23,Kayanza,541.3800298711816
2024-07-23,Bururi,602.2217121792837
2024-07-23,Cibitoke,478.6399995633258
2024-07-24,Bujumbura,629.1174952106451
2024-07-24,Gitega,529.3935110861843
2024-07-24,Ngozi,557.3683847758551
2024-07-24,Kayanza,425.61797862587036
2024-07-24,Bururi,458.91117503342116
2024-07-24,Cibitoke,446.1887961406329
2024-07-25,Bujumbura,579.680081477741
2024-07-25,Gitega,480.92896780281353
2024-07-25,Ngozi,434.91018801753074
2024-07-25,Kayanza,494.326778016309
2024-07-25,Bururi,293.3413156860492
2024-07-25,Cibitoke,329.79590743489734
2024-07-26,Bujumbura,427.176001227362
2024-07-26,Gitega,428.6173613460019
2024-07-26,Ngozi,509.4063239893925
2024-07-26,Kayanza,396.24514232630645
2024-07-26,Bururi,598.0751461831104
2024-07-26,Cibitoke,570.5690847888482
2024-07-27,Bujumbura,526.2658507605338
2024-07-27,Gitega,540.128629816994
2024-07-27,Ngozi,390.84098888272456
2024-07-27,Kayanza,476.71160410224263
2024-07-27,Bururi,480.5171750303255
2024-07-27,Cibitoke,649.4892885770242
2024-07-28,Bujumbura,433.5623161616432
2024-07-28,Gitega,451.0380960736274
2024-07-28,Ngozi,588.371090188028
2024-07-28,Kayanza,615.1183050845725
2024-07-28,Bururi,505.52596189155025
2024-07-28,Cibitoke,657.7244039318789
2024-07-29,Bujumbura,620.275723737839
2024-07-29,Gitega,551.7863594142082
2024-07-29,Ngozi,509.2560476156661
2024-07-29,Kayanza,577.31436788478
2024-07-29,Bururi,444.7694910670438
2024-07-29,Cibitoke,429.9000453669914
2024-07-30,Bujumbura,545.7882014800738
2024-07-30,Gitega,439.375519434865
2024-07-30,Ngozi,349.295446097798
2024-07-30,Kayanza,419.0149333344013
2024-07-30,Bururi,396.4668058620494
2024-07-30,Cibitoke,744.5726003901292
2024-07-31,Bujumbura,558.2343298257156
2024-07-31,Gitega,563.5052220488988
2024-07-31,Ngozi,415.52540689311917
2024-07-31,Kayanza,508.2967776362495
2024-07-31,Bururi,588.957651010008
2024-07-31,Cibitoke,261.7092127514916
2024-08-01,Bujumbura,543.0317295237672
2024-08-01,Gitega,408.5506783800157
2024-08-01,Ngozi,562.8753959299694
2024-08-01,Kayanza,507.9404304794282
2024-08-01,Bururi,620.4882647850321
2024-08-01,Cibitoke,509.0325590165223
2024-08-02,Bujumbura,491.9813518145829
2024-08-02,Gitega,485.5177360085597
2024-08-02,Ngozi,505.2704088380242
2024-08-02,Kayanza,414.0221254951616
2024-08-02,Bururi,558.6303259163482
2024-08-02,Cibitoke,449.2860771445245
2024-08-03,Bujumbura,266.02728808264254
2024-08-03,Gitega,470.2837611254382
2024-08-03,Ngozi,470.0871005823613
2024-08-03,Kayanza,392.0067048815578
2024-08-03,Bururi,679.1722640066477
2024-08-03,Cibitoke,607.5620613718972
2024-08-04,Bujumbura,555.8887784164874
2024-08-04,Gitega,503.21577343820616
2024-08-04,Ngozi,419.53795390257386
2024-08-04,Kayanza,605.4353569685401
2024-08-04,Bururi,474.4650286346731
2024-08-04,Cibitoke,427.41835509118647
2024-08-05,Bujumbura,491.6334965027531
2024-08-05,Gitega,499.7723050653039
2024-08-05,Ngozi,425.06313899257253
2024-08-05,Kayanza,412.2915849833064
2024-08-05,Bururi,464.1029445197341
2024-08-05,Cibitoke,622.3497172472531
2024-08-06,Bujumbura,457.9647387233767
2024-08-06,Gitega,442.1363321132778
2024-08-06,Ngozi,331.7203805925553
2024-08-06,Kayanza,425.15279768989706
2024-08-06,Bururi,409.7506802392694
2024-08-06,Cibitoke,452.36473797248203
2024-08-07,Bujumbura,503.39379514796326
2024-08-07,Gitega,388.35762719080026
2024-08-07,Ngozi,478.24113452421375
2024-08-07,Kayanza,425.5927171975194
2024-08-07,Bururi,535.0778689847464
2024-08-07,Cibitoke,558.4050422215913
2024-08-08,Bujumbura,430.54734796708567
2024-08-08,Gitega,450.7481671620435
2024-08-08,Ngozi,391.0276533865531
2024-08-08,Kayanza,543.2598508889085
2024-08-08,Bururi,335.92387914471897
2024-08-08,Cibitoke,484.62129684116485
2024-08-09,Bujumbura,468.207436033622
2024-08-09,Gitega,349.4960740270211
2024-08-09,Ngozi,500.88498119934104
2024-08-09,Kayanza,448.0464504730266
2024-08-09,Bururi,456.45228689380656
2024-08-09,Cibitoke,589.0125857766758
2024-08-10,Bujumbura,377.0422479106966
2024-08-10,Gitega,568.4982888476591
2024-08-10,Ngozi,392.2054699721864
2024-08-10,Kayanza,612.4022662357783
2024-08-10,Bururi,552.8090550731814
2024-08-10,Cibitoke,579.1944770419121
2024-08-11,Bujumbura,278.342056429639
2024-08-11,Gitega,420.4083952812789
2024-08-11,Ngozi,421.36133301286725
2024-08-11,Kayanza,434.9373519526704
2024-08-11,Bururi,442.3288136479366
2024-08-11,Cibitoke,428.20367280242965
2024-08-12,Bujumbura,453.3338417994936
2024-08-12,Gitega,467.25779351665585
2024-08-12,Ngozi,424.9765638321669
2024-08-12,Kayanza,725.0083411571477
2024-08-12,Bururi,358.13078125258744
2024-08-12,Cibitoke,535.2112851429889
2024-08-13,Bujumbura,487.6681367928663
2024-08-13,Gitega,486.57418852850077
2024-08-13,Ngozi,704.810494946038
2024-08-13,Kayanza,379.9701937231087
2024-08-13,Bururi,516.4532408452495
2024-08-13,Cibitoke,401.5027707315903
2024-08-14,Bujumbura,505.98956203920716
2024-08-14,Gitega,531.5023778850588
2024-08-14,Ngozi,366.43016351011204
2024-08-14,Kayanza,190.54783454604294
2024-08-14,Bururi,518.599115996979
2024-08-14,Cibitoke,634.386017411998
2024-08-15,Bujumbura,413.62721643698586
2024-08-15,Gitega,512.3636214392036
2024-08-15,Ngozi,404.46537409333115
2024-08-15,Kayanza,563.396519756335
2024-08-15,Bururi,366.8337436697908
2024-08-15,Cibitoke,551.8762651081114
2024-08-16,Bujumbura,334.299859081863
2024-08-16,Gitega,457.2401681681227
2024-08-16,Ngozi,569.9099719864455
2024-08-16,Kayanza,488.6520273738096
2024-08-16,Bururi,443.4770952382693
2024-08-16,Cibitoke,417.53252513093247
2024-08-17,Bujumbura,361.28693120799943
2024-08-17,Gitega,495.00983662872255
2024-08-17,Ngozi,493.8172075478896
2024-08-17,Kayanza,397.262480153074
2024-08-17,Bururi,549.0827998639704
2024-08-17,Cibitoke,446.29587784522136
2024-08-18,Bujumbura,365.7515284505555
2024-08-18,Gitega,521.7152808678919
2024-08-18,Ngozi,220.75014885695046
2024-08-18,Kayanza,290.857730305873
2024-08-18,Bururi,589.1570018215847
2024-08-18,Cibitoke,502.67700087180737
2024-08-19,Bujumbura,492.2765131632371
2024-08-19,Gitega,510.3622208074053
2024-08-19,Ngozi,425.3480776918073
2024-08-19,Kayanza,600.7735084902081
2024-08-19,Bururi,505.6846159345794
2024-08-19,Cibitoke,694.4659496692209
2024-08-20,Bujumbura,356.8419394741036
2024-08-20,Gitega,352.92313018369094
2024-08-20,Ngozi,533.1111025121448
2024-08-20,Kayanza,473.7023804705878
2024-08-20,Bururi,500.7364395397509
2024-08-20,Cibitoke,322.83801618936604
2024-08-21,Bujumbura,415.8919756304192
2024-08-21,Gitega,293.26392286050736
2024-08-21,Ngozi,432.6345877004941
2024-08-21,Kayanza,475.57050940018667
2024-08-21,Bururi,571.7581459429389
2024-08-21,Cibitoke,489.0212087256622
2024-08-22,Bujumbura,483.0509641730949
2024-08-22,Gitega,466.9965832464088
2024-08-22,Ngozi,386.5363008710162
2024-08-22,Kayanza,441.94102630423674
2024-08-22,Bururi,425.35855309931424
2024-08-22,Cibitoke,578.9549206142884
2024-08-23,Bujumbura,393.76379217175247
2024-08-23,Gitega,429.6861267993657
2024-08-23,Ngozi,500.04170119964823
2024-08-23,Kayanza,475.5877720000214
2024-08-23,Bururi,560.7581428769611
2024-08-23,Cibitoke,395.65432574582735
2024-08-24,Bujumbura,383.49766578006734
2024-08-24,Gitega,463.03666893295656
2024-08-24,Ngozi,440.7081013348891
2024-08-24,Kayanza,585.2781242584402
2024-08-24,Bururi,555.5690026731914
2024-08-24,Cibitoke,481.545493605514
2024-08-25,Bujumbura,388.0465203553418
2024-08-25,Gitega,375.55295230674574
2024-08-25,Ngozi,375.17192499949624
2024-08-25,Kayanza,448.2090374440431
2024-08-25,Bururi,552.0406195919523
2024-08-25,Cibitoke,478.70754143278464
2024-08-26,Bujumbura,343.69395443879966
2024-08-26,Gitega,522.0759477055093
2024-08-26,Ngozi,422.68586636149683
2024-08-26,Kayanza,556.7444147523883
2024-08-26,Bururi,375.34223635383006
2024-08-26,Cibitoke,468.6480241276977
2024-08-27,Bujumbura,613.1673231506901
2024-08-27,Gitega,455.7304369143791
2024-08-27,Ngozi,578.047121583229
2024-08-27,Kayanza,418.5947877796573
2024-08-27,Bururi,305.7736143944161
2024-08-27,Cibitoke,395.52082302670317
2024-08-28,Bujumbura,485.87514068798856
2024-08-28,Gitega,505.70728610080374
2024-08-28,Ngozi,251.28884340543394
2024-08-28,Kayanza,357.276765593751
2024-08-28,Bururi,337.97367419791766
2024-08-28,Cibitoke,404.15911834665565
2024-08-29,Bujumbura,538.0816448194761
2024-08-29,Gitega,441.28089644749497
2024-08-29,Ngozi,401.88784294350455
2024-08-29,Kayanza,492.12677300197623
2024-08-29,Bururi,460.43744863801976
2024-08-29,Cibitoke,527.2057489472676
2024-08-30,Bujumbura,536.4874826365758
2024-08-30,Gitega,571.572729054223
2024-08-30,Ngozi,323.2971872129884
2024-08-30,Kayanza,490.4039702977645
2024-08-30,Bururi,565.9421469106205
2024-08-30,Cibitoke,344.41761171460763
2024-08-31,Bujumbura,278.31260980095726
2024-08-31,Gitega,453.14322718731205
2024-08-31,Ngozi,546.3529784334955
2024-08-31,Kayanza,573.7187054406373
2024-08-31,Bururi,502.8331315907987
2024-08-31,Cibitoke,341.4350517692863
2024-09-01,Bujumbura,389.3615747667898
2024-09-01,Gitega,517.8950850518581
2024-09-01,Ngozi,403.75571970337705
2024-09-01,Kayanza,609.0442758961523
2024-09-01,Bururi,427.2567532226179
2024-09-01,Cibitoke,337.85109241988107
2024-09-02,Bujumbura,402.9384088459041
2024-09-02,Gitega,405.9073582081061
2024-09-02,Ngozi,491.8661797622482
2024-09-02,Kayanza,375.00743648385594
2024-09-02,Bururi,501.2415794184983
2024-09-02,Cibitoke,437.01661773609686
2024-09-03,Bujumbura,457.5202063809529
2024-09-03,Gitega,436.8274947800236
2024-09-03,Ngozi,451.44213996882286
2024-09-03,Kayanza,650.8685766866072
2024-09-03,Bururi,552.1234848133075
2024-09-03,Cibitoke,717.4812998693571
2024-09-04,Bujumbura,473.6171303426105
2024-09-04,Gitega,646.8692208460536
2024-09-04,Ngozi,497.55187438121163
2024-09-04,Kayanza,566.642083418624
2024-09-04,Bururi,300.9192995560222
2024-09-04,Cibitoke,431.1883049683528
2024-09-05,Bujumbura,339.8331650490081
2024-09-05,Gitega,502.8584958700837
2024-09-05,Ngozi,472.86323176863806
2024-09-05,Kayanza,536.6570922470687
2024-09-05,Bururi,305.07075298874025
2024-09-05,Cibitoke,436.40343442975956
2024-09-06,Bujumbura,388.7049333998474
2024-09-06,Gitega,581.942510184204
2024-09-06,Ngozi,369.2286717012105
2024-09-06,Kayanza,527.0689031049582
2024-09-06,Bururi,495.45325269301065
2024-09-06,Cibitoke,466.866700737801
2024-09-07,Bujumbura,557.3268280699291
2024-09-07,Gitega,535.4414754667457
2024-09-07,Ngozi,551.52470460544
2024-09-07,Kayanza,364.73278084598746
2024-09-07,Bururi,379.80588181866926
2024-09-07,Cibitoke,467.8630591225924
2024-09-08,Bujumbura,567.3721643875754
2024-09-08,Gitega,341.9907010608601
2024-09-08,Ngozi,428.8949250439158
2024-09-08,Kayanza,381.8526908352567
2024-09-08,Bururi,321.2271843234211
2024-09-08,Cibitoke,475.71889617450296
2024-09-09,Bujumbura,452.60678971763224
2024-09-09,Gitega,670.4312333419812
2024-09-09,Ngozi,279.9299220609771
2024-09-09,Kayanza,283.0127582981744
2024-09-09,Bururi,480.86522113406807
2024-09-09,Cibitoke,667.3081959757785
2024-09-10,Bujumbura,414.65735219557075
2024-09-10,Gitega,439.50940820311484
2024-09-10,Ngozi,339.01586148765057
2024-09-10,Kayanza,402.9365972583529
2024-09-10,Bururi,481.99805379565134
2024-09-10,Cibitoke,341.02682519486507
2024-09-11,Bujumbura,454.3343868237336
2024-09-11,Gitega,440.8822122865762
2024-09-11,Ngozi,398.00205277462464
2024-09-11,Kayanza,441.89385715783243
2024-09-11,Bururi,426.87542522363253
2024-09-11,Cibitoke,559.3475723682193
2024-09-12,Bujumbura,401.29307602744785
2024-09-12,Gitega,510.8658546318889
2024-09-12,Ngozi,763.3098248587916
2024-09-12,Kayanza,608.8750044122653
2024-09-12,Bururi,495.8491388027389
2024-09-12,Cibitoke,275.06798296438046
2024-09-13,Bujumbura,516.8581509870108
2024-09-13,Gitega,327.730431739796
2024-09-13,Ngozi,357.66765394590925
2024-09-13,Kayanza,578.5736513636616
2024-09-13,Bururi,574.7793362952059
2024-09-13,Cibitoke,498.1304478168811
2024-09-14,Bujumbura,433.0300453082242
2024-09-14,Gitega,452.8320903612038
2024-09-14,Ngozi,520.5687075614803
2024-09-14,Kayanza,396.9972712674842
2024-09-14,Bururi,519.7313705812037
2024-09-14,Cibitoke,437.8136301441986
2024-09-15,Bujumbura,430.827366302844
2024-09-15,Gitega,582.6635821509349
2024-09-15,Ngozi,339.0554233785296
2024-09-15,Kayanza,513.8693624877159
2024-09-15,Bururi,387.9562798948708
2024-09-15,Cibitoke,444.5607708185272
2024-09-16,Bujumbura,505.8075014784652
2024-09-16,Gitega,413.488327585146
2024-09-16,Ngozi,294.8422563499532
2024-09-16,Kayanza,327.03540747594786
2024-09-16,Bururi,596.2916462880321
2024-09-16,Cibitoke,485.43850123589294
2024-09-17,Bujumbura,386.0069212669021
2024-09-17,Gitega,385.2865959145694
2024-09-17,Ngozi,445.2087139317949
2024-09-17,Kayanza,353.37413321256815
2024-09-17,Bururi,539.0661119477236
2024-09-17,Cibitoke,453.71827115737153
2024-09-18,Bujumbura,451.04665216472574
2024-09-18,Gitega,546.86298873653
2024-09-18,Ngozi,440.97951585614567
2024-09-18,Kayanza,320.9056731491704
2024-09-18,Bururi,493.2536280996442
2024-09-18,Cibitoke,399.7750071512412
2024-09-19,Bujumbura,510.8358781601598
2024-09-19,Gitega,542.0154398237062
2024-09-19,Ngozi,345.6357905361196
2024-09-19,Kayanza,359.82115562262993
2024-09-19,Bururi,271.38796750230637
2024-09-19,Cibitoke,591.3169961234809
2024-09-20,Bujumbura,375.43776375347306
2024-09-20,Gitega,382.3261619088644
2024-09-20,Ngozi,354.00816769143876
2024-09-20,Kayanza,372.4773437427242
2024-09-20,Bururi,449.23346861100583
2024-09-20,Cibitoke,389.66946469631785
2024-09-21,Bujumbura,468.77994281022444
2024-09-21,Gitega,356.4050668060061
2024-09-21,Ngozi,396.06492855860296
2024-09-21,Kayanza,560.3181638837716
2024-09-21,Bururi,455.43235239308063
2024-09-21,Cibitoke,507.26004190042164
2024-09-22,Bujumbura,631.4426199615759
2024-09-22,Gitega,458.9175317589428
2024-09-22,Ngozi,331.76526032064817
2024-09-22,Kayanza,469.10148588428035
2024-09-22,Bururi,341.2698633204907
2024-09-22,Cibitoke,393.01468287127636
2024-09-23,Bujumbura,477.5334285762647
2024-09-23,Gitega,242.42153992414225
2024-09-23,Ngozi,513.762750830591
2024-09-23,Kayanza,470.2455791001075
2024-09-23,Bururi,339.1523349029266
2024-09-23,Cibitoke,123.17957643591066
2024-09-24,Bujumbura,529.9220326580489
2024-09-24,Gitega,533.3534189826678
2024-09-24,Ngozi,463.09843306210877
2024-09-24,Kayanza,609.3839895773723
2024-09-24,Bururi,402.5154664282391
2024-09-24,Cibitoke,391.95760934734267
2024-09-25,Bujumbura,541.3815890619024
2024-09-25,Gitega,447.9047492933856
2024-09-25,Ngozi,463.74452894308456
2024-09-25,Kayanza,521.8089389301078
2024-09-25,Bururi,585.4968204661794
2024-09-25,Cibitoke,441.1076717841524
2024-09-26,Bujumbura,532.8716543777649
2024-09-26,Gitega,349.05426025628174
2024-09-26,Ngozi,324.74171987435653
2024-09-26,Kayanza,581.2211144585375
2024-09-26,Bururi,395.4972642669495
2024-09-26,Cibitoke,409.74255327101497
2024-09-27,Bujumbura,485.29017519530873
2024-09-27,Gitega,434.09991151834845
2024-09-27,Ngozi,400.77362760528877
2024-09-27,Kayanza,565.7691617999877
2024-09-27,Bururi,571.1473328806893
2024-09-27,Cibitoke,449.97948862164174
2024-09-28,Bujumbura,523.6042805408239
2024-09-28,Gitega,582.5775216777394
2024-09-28,Ngozi,479.7823512130958
2024-09-28,Kayanza,304.8720749408667
2024-09-28,Bururi,417.09919945632845
2024-09-28,Cibitoke,341.4074154609022
2024-09-29,Bujumbura,529.528972802149
2024-09-29,Gitega,485.2512611504262
2024-09-29,Ngozi,442.52263464223284
2024-09-29,Kayanza,563.0768103732928
2024-09-29,Bururi,452.96877372966384
2024-09-29,Cibitoke,597.0753076427982
2024-09-30,Bujumbura,424.8295684321387
2024-09-30,Gitega,411.56299779381186
2024-09-30,Ngozi,463.7761501175364
2024-09-30,Kayanza,409.18199502381196
2024-09-30,Bururi,604.4462314997426
2024-09-30,Cibitoke,555.7211797712981
2024-10-01,Bujumbura,345.52682701548946
2024-10-01,Gitega,414.79971489586603
2024-10-01,Ngozi,361.21954733630423
2024-10-01,Kayanza,501.7854420479192
2024-10-01,Bururi,283.53617083241335
2024-10-01,Cibitoke,422.8451490857567
2024-10-02,Bujumbura,517.9722729852126
2024-10-02,Gitega,604.9085643992779
2024-10-02,Ngozi,433.9267596084177
2024-10-02,Kayanza,616.8784969267297
2024-10-02,Bururi,338.19783629840697
2024-10-02,Cibitoke,436.88535428255625
2024-10-03,Bujumbura,459.43418538313153
2024-10-03,Gitega,503.9027105365765
2024-10-03,Ngozi,260.047984296491
2024-10-03,Kayanza,469.5785483405201
2024-10-03,Bururi,424.76970859994924
2024-10-03,Cibitoke,395.9362493321544
2024-10-04,Bujumbura,429.76030727189465
2024-10-04,Gitega,542.8399563242072
2024-10-04,Ngozi,271.29911197717047
2024-10-04,Kayanza,410.07554332251055
2024-10-04,Bururi,372.92191962581404
2024-10-04,Cibitoke,541.4637753078845
2024-10-05,Bujumbura,430.6802660104604
2024-10-05,Gitega,674.7707845586242
2024-10-05,Ngozi,374.756956203102
2024-10-05,Kayanza,585.6617183545978
2024-10-05,Bururi,403.7355668293279
2024-10-05,Cibitoke,354.4606607879979
2024-10-06,Bujumbura,306.6570043857563
2024-10-06,Gitega,471.4263944750429
2024-10-06,Ngozi,561.262911291171
2024-10-06,Kayanza,519.6750673635489
2024-10-06,Bururi,544.4132015821032
2024-10-06,Cibitoke,257.9963922535462
2024-10-07,Bujumbura,474.6768443119364
2024-10-07,Gitega,381.03546612826426
2024-10-07,Ngozi,586.5743827635551
2024-10-07,Kayanza,462.1234457762025
2024-10-07,Bururi,362.3375430593069
2024-10-07,Cibitoke,474.910220574753
2024-10-08,Bujumbura,341.6251385822455
2024-10-08,Gitega,311.03764662868457
2024-10-08,Ngozi,514.3755148942842
2024-10-08,Kayanza,472.81420386394575
2024-10-08,Bururi,458.316635475367
2024-10-08,Cibitoke,560.2528630023351
2024-10-09,Bujumbura,351.7445349080512
2024-10-09,Gitega,577.1228930752605
2024-10-09,Ngozi,460.70448292167185
2024-10-09,Kayanza,463.33177988455543
2024-10-09,Bururi,498.98776508040953
2024-10-09,Cibitoke,374.0543563930714
2024-10-10,Bujumbura,652.1866998301472
2024-10-10,Gitega,646.0825566898211
2024-10-10,Ngozi,474.3503762054927
2024-10-10,Kayanza,439.5363267268609
2024-10-10,Bururi,349.32607804591237
2024-10-10,Cibitoke,350.2844158325515
2024-10-11,Bujumbura,443.5676029131133
2024-10-11,Gitega,510.11845853858165
2024-10-11,Ngozi,591.1273861165033
2024-10-11,Kayanza,546.4521947749328
2024-10-11,Bururi,424.66845798341274
2024-10-11,Cibitoke,538.9319921038465
2024-10-12,Bujumbura,351.02264906576187
2024-10-12,Gitega,554.597762600427
2024-10-12,Ngozi,505.6278435789997
2024-10-12,Kayanza,397.96024259107827
2024-10-12,Bururi,476.1034234672023
2024-10-12,Cibitoke,401.9778678333071
2024-10-13,Bujumbura,633.0402496357456
2024-10-13,Gitega,330.19441929292725
2024-10-13,Ngozi,580.5036915979581
2024-10-13,Kayanza,606.2917545245595
2024-10-13,Bururi,237.4160702698761
2024-10-13,Cibitoke,442.25170293351925
2024-10-14,Bujumbura,472.2063166444123
2024-10-14,Gitega,462.1699167154211
2024-10-14,Ngozi,614.1832982240278
2024-10-14,Kayanza,354.99482810392925
2024-10-14,Bururi,481.84318585015143
2024-10-14,Cibitoke,502.0497888200841
2024-10-15,Bujumbura,409.5366816040522
2024-10-15,Gitega,472.05578813622367
2024-10-15,Ngozi,443.9176983642364
2024-10-15,Kayanza,416.7635211061277
2024-10-15,Bururi,478.7541272572788
2024-10-15,Cibitoke,759.0479781069664
2024-10-16,Bujumbura,562.5635701903561
2024-10-16,Gitega,568.4297867285786
2024-10-16,Ngozi,416.0822729299778
2024-10-16,Kayanza,528.3158538754553
2024-10-16,Bururi,504.0064038015569
2024-10-16,Cibitoke,598.9894197945969
2024-10-17,Bujumbura,453.4192040892257
2024-10-17,Gitega,678.7672146967194
2024-10-17,Ngozi,507.30034704974275
2024-10-17,Kayanza,512.6587788506245
2024-10-17,Bururi,468.8038408489124
2024-10-17,Cibitoke,446.5073974628756
2024-10-18,Bujumbura,330.0072966968899
2024-10-18,Gitega,466.18595955411917
2024-10-18,Ngozi,447.6077018066048
2024-10-18,Kayanza,409.4231163045513
2024-10-18,Bururi,509.2252128138296
2024-10-18,Cibitoke,389.73306517921765
2024-10-19,Bujumbura,466.5949473306199
2024-10-19,Gitega,508.5453863030715
2024-10-19,Ngozi,599.115409121331
2024-10-19,Kayanza,443.7948565222362
2024-10-19,Bururi,281.12554329026284
2024-10-19,Cibitoke,636.1721956529472
2024-10-20,Bujumbura,453.92397216237435
2024-10-20,Gitega,489.12553476473926
2024-10-20,Ngozi,634.015349706827
2024-10-20,Kayanza,448.11224615416717
2024-10-20,Bururi,479.34637329537924
2024-10-20,Cibitoke,497.91314406564226
2024-10-21,Bujumbura,381.19150306811713
2024-10-21,Gitega,340.2269602251621
2024-10-21,Ngozi,560.5774468085585
2024-10-21,Kayanza,529.9152526139114
2024-10-21,Bururi,336.77121598399606
2024-10-21,Cibitoke,494.6393183223178
2024-10-22,Bujumbura,609.1459381459756
2024-10-22,Gitega,370.5277971821939
2024-10-22,Ngozi,371.53129802698203
2024-10-22,Kayanza,598.5475362660861
2024-10-22,Bururi,406.6151086484884
2024-10-22,Cibitoke,415.44170306622607
2024-10-23,Bujumbura,431.6058860912263
2024-10-23,Gitega,355.14772315140283
2024-10-23,Ngozi,506.2360189386623
2024-10-23,Kayanza,458.0677305679645
2024-10-23,Bururi,615.6626801835448
2024-10-23,Cibitoke,539.2874187258171
2024-10-24,Bujumbura,504.46409978808776
2024-10-24,Gitega,422.84370172032027
2024-10-24,Ngozi,458.75163535596687
2024-10-24,Kayanza,438.00618964170553
2024-10-24,Bururi,244.4939341030133
2024-10-24,Cibitoke,380.14020297955346
2024-10-25,Bujumbura,536.8592201239277
2024-10-25,Gitega,486.3171662980999
2024-10-25,Ngozi,532.6116817154794
2024-10-25,Kayanza,435.2468131633588
2024-10-25,Bururi,457.0484354841269
2024-10-25,Cibitoke,470.9121432400898
2024-10-26,Bujumbura,543.5417273671798
2024-10-26,Gitega,204.5589984909035
2024-10-26,Ngozi,605.810851346702
2024-10-26,Kayanza,324.8887941335872
2024-10-26,Bururi,318.4791728880631
2024-10-26,Cibitoke,418.86450747665236
2024-10-27,Bujumbura,458.9052979694647
2024-10-27,Gitega,497.8282470890876
2024-10-27,Ngozi,304.0202454740111
2024-10-27,Kayanza,281.62100402305185
2024-10-27,Bururi,376.3518235762636
2024-10-27,Cibitoke,392.42138968499745
2024-10-28,Bujumbura,453.55708389552524
2024-10-28,Gitega,486.5054405147972
2024-10-28,Ngozi,452.62788070903457
2024-10-28,Kayanza,353.33817696698145
2024-10-28,Bururi,595.0581530061874
2024-10-28,Cibitoke,686.1290825232318
2024-10-29,Bujumbura,581.4051252003646
2024-10-29,Gitega,308.1193636725634
2024-10-29,Ngozi,353.28747128662815
2024-10-29,Kayanza,593.9484999930755
2024-10-29,Bururi,478.0219143305826
2024-10-29,Cibitoke,543.6593378233815
2024-10-30,Bujumbura,268.49103364514815
2024-10-30,Gitega,360.52055008262334
2024-10-30,Ngozi,465.09763851981654
2024-10-30,Kayanza,402.29416125669144
2024-10-30,Bururi,420.4124418968988
2024-10-30,Cibitoke,347.87284435965273
2024-10-31,Bujumbura,596.489069309997
2024-10-31,Gitega,442.72477113411315
2024-10-31,Ngozi,572.4221933055959
2024-10-31,Kayanza,549.7814951194216
2024-10-31,Bururi,486.3680598316825
2024-10-31,Cibitoke,470.2860542404292
2024-11-01,Bujumbura,499.6072958446436
2024-11-01,Gitega,602.3829429692204
2024-11-01,Ngozi,379.3643974438723
2024-11-01,Kayanza,582.3444223716932
2024-11-01,Bururi,458.96674088604334
2024-11-01,Cibitoke,542.1407891725171
2024-11-02,Bujumbura,246.3899012194159
2024-11-02,Gitega,445.91346016218887
2024-11-02,Ngozi,346.2422597710053
2024-11-02,Kayanza,361.1204468427609
2024-11-02,Bururi,242.07752119467625
2024-11-02,Cibitoke,403.10910629824815
2024-11-03,Bujumbura,409.62327394798706
2024-11-03,Gitega,456.21007421486155
2024-11-03,Ngozi,417.6597931317889
2024-11-03,Kayanza,399.2276638504477
2024-11-03,Bururi,269.53292590415566
2024-11-03,Cibitoke,603.7785819579343
2024-11-04,Bujumbura,248.235173603452
2024-11-04,Gitega,390.58648259877106
2024-11-04,Ngozi,301.95616621522134
2024-11-04,Kayanza,273.6661554107502
2024-11-04,Bururi,423.23676913788864
2024-11-04,Cibitoke,782.3804330916106
2024-11-05,Bujumbura,374.38535787866635
2024-11-05,Gitega,522.6717269959735
2024-11-05,Ngozi,578.8293269889094
2024-11-05,Kayanza,337.23158792474806
2024-11-05,Bururi,372.62014216647106
2024-11-05,Cibitoke,510.77734192125024
2024-11-06,Bujumbura,331.35047902138876
2024-11-06,Gitega,413.8141476446954
2024-11-06,Ngozi,397.1338591702528
2024-11-06,Kayanza,467.6610505135433
2024-11-06,Bururi,567.7335257777219
2024-11-06,Cibitoke,368.26075035834793
2024-11-07,Bujumbura,301.18897802365166
2024-11-07,Gitega,550.8315249028884
2024-11-07,Ngozi,544.8441284347499
2024-11-07,Kayanza,579.9974110535753
2024-11-07,Bururi,474.91425964065553
2024-11-07,Cibitoke,357.7520667669989
2024-11-08,Bujumbura,584.1996095923433
2024-11-08,Gitega,518.9818984698542
2024-11-08,Ngozi,550.867059729981
2024-11-08,Kayanza,500.46219481146954
2024-11-08,Bururi,450.7450417701351
2024-11-08,Cibitoke,479.1569473504852
2024-11-09,Bujumbura,403.8834650145574
2024-11-09,Gitega,279.9605136332003
2024-11-09,Ngozi,651.8673620838088
2024-11-09,Kayanza,256.2635047262311
2024-11-09,Bururi,521.724505136068
2024-11-09,Cibitoke,475.33697300460733
2024-11-10,Bujumbura,474.0207607625509
2024-11-10,Gitega,477.28599719135104
2024-11-10,Ngozi,348.6443386905329
2024-11-10,Kayanza,614.2120420763425
2024-11-10,Bururi,372.1749411832731
2024-11-10,Cibitoke,519.3815089028926
2024-11-11,Bujumbura,524.4934344853076
2024-11-11,Gitega,528.8728859879576
2024-11-11,Ngozi,359.61942256694965
2024-11-11,Kayanza,416.3914983858198
2024-11-11,Bururi,343.64061812901025
2024-11-11,Cibitoke,453.5456675268474
2024-11-12,Bujumbura,411.6036140045911
2024-11-12,Gitega,382.8154381290533
2024-11-12,Ngozi,534.5730937983935
2024-11-12,Kayanza,429.67669323563933
2024-11-12,Bururi,378.5419183560892
2024-11-12,Cibitoke,434.3128269776096
2024-11-13,Bujumbura,344.8850155748813
2024-11-13,Gitega,492.2608276707481
2024-11-13,Ngozi,479.1526669127916
2024-11-13,Kayanza,281.0324342870683
2024-11-13,Bururi,382.12846888173243
2024-11-13,Cibitoke,364.7411542675526
2024-11-14,Bujumbura,401.7383147061751
2024-11-14,Gitega,627.6925712291845
2024-11-14,Ngozi,634.3182489013096
2024-11-14,Kayanza,433.87523223324587
2024-11-14,Bururi,289.513157388728
2024-11-14,Cibitoke,532.8816040642273
2024-11-15,Bujumbura,535.017203448728
2024-11-15,Gitega,539.3591893960324
2024-11-15,Ngozi,471.08249028753244
2024-11-15,Kayanza,363.5684281750307
2024-11-15,Bururi,396.3457865816687
2024-11-15,Cibitoke,567.5077270293325
2024-11-16,Bujumbura,579.6898741358955
2024-11-16,Gitega,545.5603105673963
2024-11-16,Ngozi,403.54852200875524
2024-11-16,Kayanza,632.3526336542834
2024-11-16,Bururi,367.2400761892501
2024-11-16,Cibitoke,365.4774809259878
2024-11-17,Bujumbura,596.0105168510795
2024-11-17,Gitega,543.1442430480039
2024-11-17,Ngozi,401.77397615310963
2024-11-17,Kayanza,361.40159621076646
2024-11-17,Bururi,412.7950129239448
2024-11-17,Cibitoke,418.6646185169135
2024-11-18,Bujumbura,414.93727152717025
2024-11-18,Gitega,400.05154744779486
2024-11-18,Ngozi,413.4213603009214
2024-11-18,Kayanza,288.3404188493323
2024-11-18,Bururi,378.6829243722319
2024-11-18,Cibitoke,558.9101705169985
2024-11-19,Bujumbura,490.37407297737457
2024-11-19,Gitega,503.4474976521192
2024-11-19,Ngozi,361.1317534649535
2024-11-19,Kayanza,349.21082016764217
2024-11-19,Bururi,360.8859468412553
2024-11-19,Cibitoke,493.65138155563363
2024-11-20,Bujumbura,471.63834900083543
2024-11-20,Gitega,404.7017485358135
2024-11-20,Ngozi,610.8087045652853
2024-11-20,Kayanza,452.6033782680536
2024-11-20,Bururi,521.6163481879538
2024-11-20,Cibitoke,358.1535150845207
2024-11-21,Bujumbura,478.23517294313507
2024-11-21,Gitega,618.6722578324733
2024-11-21,Ngozi,725.1195346929381
2024-11-21,Kayanza,421.23927958543146
2024-11-21,Bururi,480.4982319682887
2024-11-21,Cibitoke,604.923742575496
2024-11-22,Bujumbura,497.34945280248445
2024-11-22,Gitega,513.881456333042
2024-11-22,Ngozi,541.1724594880314
2024-11-22,Kayanza,593.2799826650366
2024-11-22,Bururi,397.40839262642004
2024-11-22,Cibitoke,437.86637979372466
2024-11-23,Bujumbura,373.4325846350168
2024-11-23,Gitega,454.79937080346923
2024-11-23,Ngozi,558.3336909230253
2024-11-23,Kayanza,557.312747744612
2024-11-23,Bururi,327.2861406743605
2024-11-23,Cibitoke,508.4325858534974
2024-11-24,Bujumbura,403.03083825054387
2024-11-24,Gitega,502.7959459464829
2024-11-24,Ngozi,354.4164339664926
2024-11-24,Kayanza,618.2090498573205
2024-11-24,Bururi,518.1242855346264
2024-11-24,Cibitoke,328.51102735301686
2024-11-25,Bujumbura,396.54881248685626
2024-11-25,Gitega,494.42182870641113
2024-11-25,Ngozi,373.75426852521673
2024-11-25,Kayanza,472.0063177914232
2024-11-25,Bururi,390.2908556637913
2024-11-25,Cibitoke,455.2457861462751
2024-11-26,Bujumbura,524.4192737747021
2024-11-26,Gitega,417.2288591170522
2024-11-26,Ngozi,602.5250753031719
2024-11-26,Kayanza,402.07256509302914
2024-11-26,Bururi,594.5570594376801
2024-11-26,Cibitoke,334.6461587852937
2024-11-27,Bujumbura,467.80373239929287
2024-11-27,Gitega,582.1179288965455
2024-11-27,Ngozi,478.54867228564257
2024-11-27,Kayanza,620.2074385000188
2024-11-27,Bururi,422.32163955456645
2024-11-27,Cibitoke,444.1035460504894
2024-11-28,Bujumbura,384.92183431093696
2024-11-28,Gitega,595.0105169156789
2024-11-28,Ngozi,541.8494331686147
2024-11-28,Kayanza,479.71320380271374
2024-11-28,Bururi,529.7295783578346
2024-11-28,Cibitoke,446.78064098402865
2024-11-29,Bujumbura,418.99570834152433
2024-11-29,Gitega,568.1332649752557
2024-11-29,Ngozi,476.50138927819506
2024-11-29,Kayanza,341.1411160978165
2024-11-29,Bururi,438.5760043767981
2024-11-29,Cibitoke,420.523222769031
2024-11-30,Bujumbura,261.46167502973645
2024-11-30,Gitega,505.02795199484837
2024-11-30,Ngozi,376.3739420315321
2024-11-30,Kayanza,482.6481351921091
2024-11-30,Bururi,433.1920345667082
2024-11-30,Cibitoke,458.99771930545097
2024-12-01,Bujumbura,535.5532318323042
2024-12-01,Gitega,483.1045870497283
2024-12-01,Ngozi,313.9973693257206
2024-12-01,Kayanza,379.4601497385619
2024-12-01,Bururi,414.42100277707004
2024-12-01,Cibitoke,274.1873505732579
2024-12-02,Bujumbura,468.3451696426875
2024-12-02,Gitega,369.39282888856593
2024-12-02,Ngozi,436.1207112966322
2024-12-02,Kayanza,545.2305263397141
2024-12-02,Bururi,573.2328055341301
2024-12-02,Cibitoke,545.4526157241014
2024-12-03,Bujumbura,533.9381331659364
2024-12-03,Gitega,329.1643444326869
2024-12-03,Ngozi,434.44714425192683
2024-12-03,Kayanza,508.8873357408368
2024-12-03,Bururi,282.66417380292177
2024-12-03,Cibitoke,494.3023573754073
2024-12-04,Bujumbura,588.8948745325465
2024-12-04,Gitega,465.6912363537199
2024-12-04,Ngozi,424.5238737821885
2024-12-04,Kayanza,585.3755753661623
2024-12-04,Bururi,479.7527440744533
2024-12-04,Cibitoke,635.2197032140177
2024-12-05,Bujumbura,488.53696117808283
2024-12-05,Gitega,531.1040271627538
2024-12-05,Ngozi,258.79084629995873
2024-12-05,Kayanza,543.6740061027009
2024-12-05,Bururi,400.8565117492236
2024-12-05,Cibitoke,479.53185806384283
2024-12-06,Bujumbura,596.5186458457379
2024-12-06,Gitega,524.2782272023024
2024-12-06,Ngozi,570.7303439354971
2024-12-06,Kayanza,498.90139028441274
2024-12-06,Bururi,612.102966308482
2024-12-06,Cibitoke,477.4989917953054
2024-12-07,Bujumbura,512.4051677040176
2024-12-07,Gitega,486.7538068801464
2024-12-07,Ngozi,736.05314552381
2024-12-07,Kayanza,517.5003121082116
2024-12-07,Bururi,649.2112597153925
2024-12-07,Cibitoke,433.7428617887333
2024-12-08,Bujumbura,484.0365579696553
2024-12-08,Gitega,433.21395695847633
2024-12-08,Ngozi,361.79708903979116
2024-12-08,Kayanza,699.0523092741664
2024-12-08,Bururi,452.9232618767472
2024-12-08,Cibitoke,562.935470050769
2024-12-09,Bujumbura,330.1462959822075
2024-12-09,Gitega,504.1558441228122
2024-12-09,Ngozi,453.9475654497451
2024-12-09,Kayanza,399.40121475735407
2024-12-09,Bururi,553.3104236591018
2024-12-09,Cibitoke,310.8648988510768
2024-12-10,Bujumbura,510.1887685872305
2024-12-10,Gitega,405.1106204103368
2024-12-10,Ngozi,470.8876945927052
2024-12-10,Kayanza,508.5510743178955
2024-12-10,Bururi,667.4601794016373
2024-12-10,Cibitoke,483.0986923128868
2024-12-11,Bujumbura,411.6347987369153
2024-12-11,Gitega,378.30285412918585
2024-12-11,Ngozi,319.5525577134086
2024-12-11,Kayanza,440.8961198036425
2024-12-11,Bururi,533.5267295107271
2024-12-11,Cibitoke,414.1109576571906
2024-12-12,Bujumbura,423.53179903198696
2024-12-12,Gitega,251.86427317392318
2024-12-12,Ngozi,527.6629580026395
2024-12-12,Kayanza,590.1571462673047
2024-12-12,Bururi,457.64036154863186
2024-12-12,Cibitoke,584.8628946864754
2024-12-13,Bujumbura,461.396580283791
2024-12-13,Gitega,511.45495122204755
2024-12-13,Ngozi,573.8727142389521
2024-12-13,Kayanza,464.2458814798818
2024-12-13,Bururi,547.1407678717372
2024-12-13,Cibitoke,617.38911685077
2024-12-14,Bujumbura,402.8542211553242
2024-12-14,Gitega,424.4961805179417
2024-12-14,Ngozi,448.2127519674642
2024-12-14,Kayanza,679.2110406740344
2024-12-14,Bururi,327.19497095083176
2024-12-14,Cibitoke,461.5233011622677
2024-12-15,Bujumbura,404.85338246023855
2024-12-15,Gitega,602.0029925314351
2024-12-15,Ngozi,513.5282201065055
2024-12-15,Kayanza,341.7164130652761
2024-12-15,Bururi,562.1194316525422
2024-12-15,Cibitoke,439.5372761347339
2024-12-16,Bujumbura,327.11420336743515
2024-12-16,Gitega,481.69826776572853
2024-12-16,Ngozi,269.35815776958543
2024-12-16,Kayanza,322.88664112964955
2024-12-16,Bururi,411.02610562274765
2024-12-16,Cibitoke,311.2781948598358
2024-12-17,Bujumbura,550.4057281535645
2024-12-17,Gitega,414.0779429818023
2024-12-17,Ngozi,475.1765142279671
2024-12-17,Kayanza,485.4290532983553
2024-12-17,Bururi,450.3121456419515
2024-12-17,Cibitoke,417.847454034304
2024-12-18,Bujumbura,583.4873388954628
2024-12-18,Gitega,480.21428857143144
2024-12-18,Ngozi,544.1242729603666
2024-12-18,Kayanza,444.90087316183246
2024-12-18,Bururi,473.4045876755066
2024-12-18,Cibitoke,408.65397246899033
2024-12-19,Bujumbura,488.23700150575564
2024-12-19,Gitega,350.12643282628454
2024-12-19,Ngozi,527.9859493361139
2024-12-19,Kayanza,557.3903970578502
2024-12-19,Bururi,648.0460279585694
2024-12-19,Cibitoke,602.8898768796872
2024-12-20,Bujumbura,517.5525967982683
2024-12-20,Gitega,442.98369833745005
2024-12-20,Ngozi,623.2383957528262
2024-12-20,Kayanza,475.6720227156691
2024-12-20,Bururi,514.6223294629945
2024-12-20,Cibitoke,408.2598103796244
2024-12-21,Bujumbura,426.40400546499905
2024-12-21,Gitega,462.458315415677
2024-12-21,Ngozi,394.88006603854353
2024-12-21,Kayanza,276.19852551169936
2024-12-21,Bururi,444.3238353902594
2024-12-21,Cibitoke,490.1857588871552
2024-12-22,Bujumbura,396.40892259225524
2024-12-22,Gitega,430.957127346171
2024-12-22,Ngozi,579.6139339596194
2024-12-22,Kayanza,455.66906427141447
2024-12-22,Bururi,668.8871591234818
2024-12-22,Cibitoke,645.7947585644127
2024-12-23,Bujumbura,343.0990815801416
2024-12-23,Gitega,519.8339894589581
2024-12-23,Ngozi,310.6723911690734
2024-12-23,Kayanza,403.1650825492704
2024-12-23,Bururi,480.1775047141549
2024-12-23,Cibitoke,660.995296293233
2024-12-24,Bujumbura,525.979629859208
2024-12-24,Gitega,511.8912996797889
2024-12-24,Ngozi,657.6707620725296
2024-12-24,Kayanza,515.3175454242511
2024-12-24,Bururi,487.5593355599438
2024-12-24,Cibitoke,597.2995394422428
2024-12-25,Bujumbura,677.1771889606605
2024-12-25,Gitega,463.60622218801376
2024-12-25,Ngozi,567.6553246319675
2024-12-25,Kayanza,561.9412141386961
2024-12-25,Bururi,527.7372466043448
2024-12-25,Cibitoke,404.7782810341624
2024-12-26,Bujumbura,479.9496955901233
2024-12-26,Gitega,408.4340221274736
2024-12-26,Ngozi,715.7549685774496
2024-12-26,Kayanza,635.6633977261826
2024-12-26,Bururi,429.41307179497676
2024-12-26,Cibitoke,728.6979021754948
2024-12-27,Bujumbura,370.0423881832582
2024-12-27,Gitega,601.6506260542671
2024-12-27,Ngozi,417.97910960136363
2024-12-27,Kayanza,388.6967065161045
2024-12-27,Bururi,429.3636483047798
2024-12-27,Cibitoke,519.6562373713277
2024-12-28,Bujumbura,473.6247073761551
2024-12-28,Gitega,736.6739197221978
2024-12-28,Ngozi,547.0638722394875
2024-12-28,Kayanza,444.8422163839124
2024-12-28,Bururi,570.5790850238658
2024-12-28,Cibitoke,470.9749398787966
2024-12-29,Bujumbura,359.07910090323617
2024-12-29,Gitega,480.623039777982
2024-12-29,Ngozi,627.1904505282693
2024-12-29,Kayanza,402.77374451411544
2024-12-29,Bururi,632.814282076598
2024-12-29,Cibitoke,568.9443020603985
2024-12-30,Bujumbura,347.7469553922682
2024-12-30,Gitega,463.91114985454897
2024-12-30,Ngozi,447.1833479899782
2024-12-30,Kayanza,405.37692528080885
2024-12-30,Bururi,524.3126946648897
2024-12-30,Cibitoke,651.1684954371708
2024-12-31,Bujumbura,405.97098598172977
2024-12-31,Gitega,602.8399284030312
2024-12-31,Ngozi,491.1693886903573
2024-12-31,Kayanza,525.4178872772063
2024-12-31,Bururi,429.1408499463374
2024-12-31,Cibitoke,415.26166881243705
