timestamp,province,data_usage_gb
2024-01-01,Bujumbura,251.51763855237525
2024-01-01,Gitega,197.46081829422283
2024-01-01,Ngozi,178.4680797774773
2024-01-01,Kayanza,310.1630450758667
2024-01-01,Bururi,275.1215908002128
2024-01-01,Cibitoke,214.35819080622312
2024-01-02,Bujumbura,225.42448777585366
2024-01-02,Gitega,308.8487022215783
2024-01-02,Ngozi,149.2560001267711
2024-01-02,Kayanza,225.08125723932162
2024-01-02,Bururi,174.15484073394484
2024-01-02,Cibitoke,253.88617303322772
2024-01-03,Bujumbura,229.70839910136263
2024-01-03,Gitega,233.112571238612
2024-01-03,Ngozi,298.1744576898691
2024-01-03,Kayanza,114.77009837541104
2024-01-03,Bururi,157.97423686222217
2024-01-03,Cibitoke,258.69349010504277
2024-01-04,Bujumbura,159.5237522701838
2024-01-04,Gitega,251.14336659677562
2024-01-04,Ngozi,196.23035685470643
2024-01-04,Kayanza,96.4863779036805
2024-01-04,Bururi,234.48543469229364
2024-01-04,Cibitoke,301.07956904924964
2024-01-05,Bujumbura,163.56973173100627
2024-01-05,Gitega,217.60500493731425
2024-01-05,Ngozi,157.49179835394628
2024-01-05,Kayanza,225.06963543016707
2024-01-05,Bururi,197.37142924233132
2024-01-05,Cibitoke,246.89025370132723
2024-01-06,Bujumbura,133.13474872641876
2024-01-06,Gitega,198.37651912914777
2024-01-06,Ngozi,246.57622004923036
2024-01-06,Kayanza,263.80742294410567
2024-01-06,Bururi,258.21226496942614
2024-01-06,Cibitoke,236.818973266579
2024-01-07,Bujumbura,252.2756851930429
2024-01-07,Gitega,222.54888059721094
2024-01-07,Ngozi,270.20285446188814
2024-01-07,Kayanza,217.90629368159966
2024-01-07,Bururi,232.30192421864055
2024-01-07,Cibitoke,134.12874461999579
2024-01-08,Bujumbura,217.07707290352576
2024-01-08,Gitega,189.99857258816814
2024-01-08,Ngozi,312.1563420180382
2024-01-08,Kayanza,189.4435817551252
2024-01-08,Bururi,329.77855915113025
2024-01-08,Cibitoke,199.91377442721097
2024-01-09,Bujumbura,189.1313455440211
2024-01-09,Gitega,319.19315854140876
2024-01-09,Ngozi,264.04379317499786
2024-01-09,Kayanza,273.92238690269795
2024-01-09,Bururi,216.43502207120795
2024-01-09,Cibitoke,219.35442436901346
2024-01-10,Bujumbura,322.4521193996656
2024-01-10,Gitega,255.73404056705272
2024-01-10,Ngozi,162.47830568484017
2024-01-10,Kayanza,229.59255273773812
2024-01-10,Bururi,254.0923516195811
2024-01-10,Cibitoke,197.98080111444352
2024-01-11,Bujumbura,197.79334100774219
2024-01-11,Gitega,225.91156894312076
2024-01-11,Ngozi,234.56164019210377
2024-01-11,Kayanza,115.49659881403949
2024-01-11,Bururi,267.99457456327747
2024-01-11,Cibitoke,219.878423619758
2024-01-12,Bujumbura,131.76849455201219
2024-01-12,Gitega,189.28311065821896
2024-01-12,Ngozi,160.74110559911475
2024-01-12,Kayanza,237.6166528231565
2024-01-12,Bururi,217.36482676857747
2024-01-12,Cibitoke,197.65804463783957
2024-01-13,Bujumbura,194.41494549382168
2024-01-13,Gitega,228.46332061180797
2024-01-13,Ngozi,196.4755227361618
2024-01-13,Kayanza,277.2540366674932
2024-01-13,Bururi,223.65055901298564
2024-01-13,Cibitoke,229.51581429447359
2024-01-14,Bujumbura,96.9216785500157
2024-01-14,Gitega,232.73296222610423
2024-01-14,Ngozi,195.06930544454028
2024-01-14,Kayanza,160.62725480247644
2024-01-14,Bururi,220.7104121782852
2024-01-14,Cibitoke,121.52250360269481
2024-01-15,Bujumbura,199.1430197677348
2024-01-15,Gitega,142.88265552260293
2024-01-15,Ngozi,262.5209514003597
2024-01-15,Kayanza,277.26257963054076
2024-01-15,Bururi,201.26795098992955
2024-01-15,Cibitoke,171.30229451568363
2024-01-16,Bujumbura,271.7219929213208
2024-01-16,Gitega,234.85397700940786
2024-01-16,Ngozi,154.12661755857562
2024-01-16,Kayanza,154.74585065882061
2024-01-16,Bururi,172.96307381853524
2024-01-16,Cibitoke,167.94310705826192
2024-01-17,Bujumbura,221.80407150396326
2024-01-17,Gitega,320.2070294853558
2024-01-17,Ngozi,197.50741610282444
2024-01-17,Kayanza,218.32840591128848
2024-01-17,Bururi,125.33223248315305
2024-01-17,Cibitoke,233.08217665844188
2024-01-18,Bujumbura,190.82846889328508
2024-01-18,Gitega,223.1798672517574
2024-01-18,Ngozi,179.24175560617692
2024-01-18,Kayanza,146.01828792436658
2024-01-18,Bururi,154.3861815048192
2024-01-18,Cibitoke,143.53094445006437
2024-01-19,Bujumbura,159.65911823817626
2024-01-19,Gitega,174.84674967347138
2024-01-19,Ngozi,263.32383058479627
2024-01-19,Kayanza,162.2286202172104
2024-01-19,Bururi,165.76284198446254
2024-01-19,Cibitoke,193.79044243308047
2024-01-20,Bujumbura,197.90078900179213
2024-01-20,Gitega,217.4870512755227
2024-01-20,Ngozi,184.0063834781722
2024-01-20,Kayanza,204.6595969074048
2024-01-20,Bururi,243.75998995239104
2024-01-20,Cibitoke,265.706375619074
2024-01-21,Bujumbura,112.7943756565257
2024-01-21,Gitega,178.4830783975618
2024-01-21,Ngozi,120.9527116259145
2024-01-21,Kayanza,217.4653281833447
2024-01-21,Bururi,171.03748419269908
2024-01-21,Cibitoke,133.1831397040987
2024-01-22,Bujumbura,159.83090009074812
2024-01-22,Gitega,335.51526888842216
2024-01-22,Ngozi,188.856226828771
2024-01-22,Kayanza,193.6748485175092
2024-01-22,Bururi,180.49636916530037
2024-01-22,Cibitoke,241.47563116394755
2024-01-23,Bujumbura,213.0270680122371
2024-01-23,Gitega,235.65320768905818
2024-01-23,Ngozi,229.18601092937476
2024-01-23,Kayanza,214.29263142917975
2024-01-23,Bururi,282.67547965622407
2024-01-23,Cibitoke,247.25541094874947
2024-01-24,Bujumbura,230.1752944195307
2024-01-24,Gitega,212.7337377730486
2024-01-24,Ngozi,244.78183933708527
2024-01-24,Kayanza,258.41949426128934
2024-01-24,Bururi,228.28002026594217
2024-01-24,Cibitoke,233.47106456101025
2024-01-25,Bujumbura,269.3926909515338
2024-01-25,Gitega,144.23842452023717
2024-01-25,Ngozi,188.6562240589323
2024-01-25,Kayanza,165.40009292954045
2024-01-25,Bururi,260.03410369823837
2024-01-25,Cibitoke,174.77839064650013
2024-01-26,Bujumbura,188.2537061709523
2024-01-26,Gitega,183.39163229339889
2024-01-26,Ngozi,245.432390000988
2024-01-26,Kayanza,196.18787809983263
2024-01-26,Bururi,180.0785236327399
2024-01-26,Cibitoke,104.08468572269953
2024-01-27,Bujumbura,135.03638483290396
2024-01-27,Gitega,238.65187037281711
2024-01-27,Ngozi,277.3376917165883
2024-01-27,Kayanza,218.35164594371616
2024-01-27,Bururi,193.00245779419438
2024-01-27,Cibitoke,181.1979857136887
2024-01-28,Bujumbura,264.17747519509567
2024-01-28,Gitega,231.22841121211897
2024-01-28,Ngozi,227.5572360624798
2024-01-28,Kayanza,212.2309880785646
2024-01-28,Bururi,113.66259777052352
2024-01-28,Cibitoke,221.2877691811099
2024-01-29,Bujumbura,153.9620339046518
2024-01-29,Gitega,265.4727741856302
2024-01-29,Ngozi,238.51690943848516
2024-01-29,Kayanza,213.85223804700325
2024-01-29,Bururi,203.78074974697304
2024-01-29,Cibitoke,117.19817414205377
2024-01-30,Bujumbura,232.51610542311388
2024-01-30,Gitega,331.84675585388766
2024-01-30,Ngozi,238.39244047235454
2024-01-30,Kayanza,241.7047658483183
2024-01-30,Bururi,353.49944481796
2024-01-30,Cibitoke,176.83416391268153
2024-01-31,Bujumbura,234.8397686839609
2024-01-31,Gitega,171.23990881513595
2024-01-31,Ngozi,250.98562001627604
2024-01-31,Kayanza,166.57745848358545
2024-01-31,Bururi,199.38374739629353
2024-01-31,Cibitoke,296.15352128028536
2024-02-01,Bujumbura,211.5135446398885
2024-02-01,Gitega,312.34627260829916
2024-02-01,Ngozi,218.7766214265166
2024-02-01,Kayanza,207.00685537141658
2024-02-01,Bururi,197.5012850170578
2024-02-01,Cibitoke,193.85463691590667
2024-02-02,Bujumbura,185.68564642410078
2024-02-02,Gitega,350.42892975213937
2024-02-02,Ngozi,237.76994057463128
2024-02-02,Kayanza,256.18992174221637
2024-02-02,Bururi,244.00379821572722
2024-02-02,Cibitoke,196.70062382011136
2024-02-03,Bujumbura,218.68017201164116
2024-02-03,Gitega,117.95864377979487
2024-02-03,Ngozi,275.1452394711528
2024-02-03,Kayanza,188.38146844881678
2024-02-03,Bururi,230.08665827085014
2024-02-03,Cibitoke,198.53395324468516
2024-02-04,Bujumbura,254.55580276387707
2024-02-04,Gitega,193.33155831907195
2024-02-04,Ngozi,188.51813571427712
2024-02-04,Kayanza,162.35428632454563
2024-02-04,Bururi,282.41065817060354
2024-02-04,Cibitoke,132.8609514860705
2024-02-05,Bujumbura,218.37918589954768
2024-02-05,Gitega,224.88971017477948
2024-02-05,Ngozi,196.76575006609892
2024-02-05,Kayanza,248.624276291631
2024-02-05,Bururi,172.20618647911635
2024-02-05,Cibitoke,206.36500601884285
2024-02-06,Bujumbura,193.0192770650909
2024-02-06,Gitega,202.1008923909519
2024-02-06,Ngozi,195.12913817256583
2024-02-06,Kayanza,250.3961454751976
2024-02-06,Bururi,218.90461116828095
2024-02-06,Cibitoke,188.2770684192202
2024-02-07,Bujumbura,192.53152683770801
2024-02-07,Gitega,151.579565149871
2024-02-07,Ngozi,117.53764974333438
2024-02-07,Kayanza,215.31483990435677
2024-02-07,Bururi,185.95076932087076
2024-02-07,Cibitoke,240.87670209192385
2024-02-08,Bujumbura,208.53979280519926
2024-02-08,Gitega,229.7919863973909
2024-02-08,Ngozi,227.5323957548139
2024-02-08,Kayanza,209.138247354175
2024-02-08,Bururi,211.5290186943461
2024-02-08,Cibitoke,146.3538014859936
2024-02-09,Bujumbura,272.0913072870856
2024-02-09,Gitega,225.85750650266334
2024-02-09,Ngozi,231.5969861386928
2024-02-09,Kayanza,252.83836683551922
2024-02-09,Bururi,247.97502558831954
2024-02-09,Cibitoke,257.68168199859855
2024-02-10,Bujumbura,253.1281418278248
2024-02-10,Gitega,216.90109075633055
2024-02-10,Ngozi,276.59919838201193
2024-02-10,Kayanza,190.49753194463648
2024-02-10,Bururi,260.4960941192032
2024-02-10,Cibitoke,212.02974390519722
2024-02-11,Bujumbura,220.66491439096555
2024-02-11,Gitega,237.13932978855598
2024-02-11,Ngozi,176.9794103576822
2024-02-11,Kayanza,123.73134116055594
2024-02-11,Bururi,215.78693833754497
2024-02-11,Cibitoke,294.31564192352073
2024-02-12,Bujumbura,222.98809209668204
2024-02-12,Gitega,184.59648248597307
2024-02-12,Ngozi,198.36225070966015
2024-02-12,Kayanza,180.51502341320406
2024-02-12,Bururi,282.2092044840504
2024-02-12,Cibitoke,202.26881182388792
2024-02-13,Bujumbura,190.0659672668262
2024-02-13,Gitega,248.89061389898353
2024-02-13,Ngozi,235.99747671003567
2024-02-13,Kayanza,262.0881175480636
2024-02-13,Bururi,187.30283151558237
2024-02-13,Cibitoke,167.58249537140378
2024-02-14,Bujumbura,221.80799210042
2024-02-14,Gitega,201.58525117371008
2024-02-14,Ngozi,293.2775413191808
2024-02-14,Kayanza,242.5562450205043
2024-02-14,Bururi,194.58394393203275
2024-02-14,Cibitoke,194.74958324356888
2024-02-15,Bujumbura,311.43053769350956
2024-02-15,Gitega,173.69772664019607
2024-02-15,Ngozi,212.4492999809939
2024-02-15,Kayanza,266.9275770059469
2024-02-15,Bururi,171.57181761346092
2024-02-15,Cibitoke,221.8499819764917
2024-02-16,Bujumbura,266.9846847670011
2024-02-16,Gitega,265.5417285304542
2024-02-16,Ngozi,249.67948896431486
2024-02-16,Kayanza,220.75499045110948
2024-02-16,Bururi,212.057069773209
2024-02-16,Cibitoke,288.96518698720513
2024-02-17,Bujumbura,231.3025038425184
2024-02-17,Gitega,139.3515474561601
2024-02-17,Ngozi,249.3528962820011
2024-02-17,Kayanza,182.9031342963398
2024-02-17,Bururi,231.51779336156252
2024-02-17,Cibitoke,193.21829137606116
2024-02-18,Bujumbura,135.0244873418719
2024-02-18,Gitega,202.04556904073314
2024-02-18,Ngozi,215.00990917920933
2024-02-18,Kayanza,197.48385166673538
2024-02-18,Bururi,260.51891457095917
2024-02-18,Cibitoke,296.0058306896309
2024-02-19,Bujumbura,235.85206627455415
2024-02-19,Gitega,192.7294874619937
2024-02-19,Ngozi,179.20328089727138
2024-02-19,Kayanza,230.56509123493402
2024-02-19,Bururi,256.74307581400103
2024-02-19,Cibitoke,205.05014429910193
2024-02-20,Bujumbura,208.7146874516577
2024-02-20,Gitega,212.71795727616893
2024-02-20,Ngozi,209.9578122323546
2024-02-20,Kayanza,195.81699999575426
2024-02-20,Bururi,155.5188256803137
2024-02-20,Cibitoke,154.36710972393928
2024-02-21,Bujumbura,210.6749323834519
2024-02-21,Gitega,339.72451647196016
2024-02-21,Ngozi,191.13987649191134
2024-02-21,Kayanza,272.2331224823724
2024-02-21,Bururi,217.55273797679405
2024-02-21,Cibitoke,199.83874946889762
2024-02-22,Bujumbura,147.6387909210676
2024-02-22,Gitega,212.48969754639793
2024-02-22,Ngozi,204.90489178294237
2024-02-22,Kayanza,170.62721232271053
2024-02-22,Bururi,149.57261186244466
2024-02-22,Cibitoke,257.0621705342449
2024-02-23,Bujumbura,254.81767358814022
2024-02-23,Gitega,232.46276797375077
2024-02-23,Ngozi,216.60687904162802
2024-02-23,Kayanza,239.3813684624198
2024-02-23,Bururi,130.8242156986966
2024-02-23,Cibitoke,273.67195954217755
2024-02-24,Bujumbura,263.2703606241384
2024-02-24,Gitega,289.01637979139707
2024-02-24,Ngozi,204.2287203215768
2024-02-24,Kayanza,184.68846608621047
2024-02-24,Bururi,297.9147687201161
2024-02-24,Cibitoke,221.07780798339337
2024-02-25,Bujumbura,254.8733992679406
2024-02-25,Gitega,227.8679277728702
2024-02-25,Ngozi,128.55592559379446
2024-02-25,Kayanza,174.54618070644338
2024-02-25,Bururi,211.32826393108587
2024-02-25,Cibitoke,261.5354354413262
2024-02-26,Bujumbura,229.41979904312763
2024-02-26,Gitega,252.63864822660534
2024-02-26,Ngozi,286.119270879292
2024-02-26,Kayanza,233.43478826976687
2024-02-26,Bururi,222.97342598128415
2024-02-26,Cibitoke,277.7829251978419
2024-02-27,Bujumbura,182.83064607492483
2024-02-27,Gitega,260.36788970330457
2024-02-27,Ngozi,248.68355691701453
2024-02-27,Kayanza,249.78696515890354
2024-02-27,Bururi,192.94743379108962
2024-02-27,Cibitoke,316.84519256983293
2024-02-28,Bujumbura,200.36549828141216
2024-02-28,Gitega,201.24996103536614
2024-02-28,Ngozi,298.69612116964214
2024-02-28,Kayanza,315.88755859909264
2024-02-28,Bururi,182.91969725587262
2024-02-28,Cibitoke,195.18389692460175
2024-02-29,Bujumbura,124.2556074690963
2024-02-29,Gitega,187.75691040895802
2024-02-29,Ngozi,226.61828358898973
2024-02-29,Kayanza,208.22909995116694
2024-02-29,Bururi,242.57937254764235
2024-02-29,Cibitoke,276.867948025531
2024-03-01,Bujumbura,128.3881032793993
2024-03-01,Gitega,193.86976550874644
2024-03-01,Ngozi,155.84276600612571
2024-03-01,Kayanza,299.01704437317915
2024-03-01,Bururi,352.5355545799928
2024-03-01,Cibitoke,245.87230014528518
2024-03-02,Bujumbura,150.39215812703466
2024-03-02,Gitega,215.64845124541802
2024-03-02,Ngozi,261.96871171878786
2024-03-02,Kayanza,187.78797562256273
2024-03-02,Bururi,220.24516182311336
2024-03-02,Cibitoke,291.3652448408635
2024-03-03,Bujumbura,206.99226070921205
2024-03-03,Gitega,274.09355279105614
2024-03-03,Ngozi,231.55692034169462
2024-03-03,Kayanza,166.64891081995685
2024-03-03,Bururi,224.1226605448025
2024-03-03,Cibitoke,216.57724220535798
2024-03-04,Bujumbura,209.52495902184796
2024-03-04,Gitega,204.75262008684263
2024-03-04,Ngozi,227.7208098899687
2024-03-04,Kayanza,243.07089587566884
2024-03-04,Bururi,206.68490431067238
2024-03-04,Cibitoke,236.776056389565
2024-03-05,Bujumbura,139.56770641897194
2024-03-05,Gitega,279.1437106516334
2024-03-05,Ngozi,227.68840528315366
2024-03-05,Kayanza,329.847131989705
2024-03-05,Bururi,311.93487106196807
2024-03-05,Cibitoke,286.1275007928043
2024-03-06,Bujumbura,234.89889790335727
2024-03-06,Gitega,292.2390213217005
2024-03-06,Ngozi,272.30013037573497
2024-03-06,Kayanza,256.3218188184364
2024-03-06,Bururi,222.02398236462622
2024-03-06,Cibitoke,229.02476840281315
2024-03-07,Bujumbura,197.1161645184346
2024-03-07,Gitega,263.63436349136975
2024-03-07,Ngozi,102.66572222495576
2024-03-07,Kayanza,207.1506311454977
2024-03-07,Bururi,173.9337421371327
2024-03-07,Cibitoke,184.06879472573428
2024-03-08,Bujumbura,317.9889852125282
2024-03-08,Gitega,176.93228181954623
2024-03-08,Ngozi,204.8970071888427
2024-03-08,Kayanza,242.20163557776394
2024-03-08,Bururi,264.2415696001594
2024-03-08,Cibitoke,301.20075895194395
2024-03-09,Bujumbura,271.2387613828042
2024-03-09,Gitega,184.20698621008927
2024-03-09,Ngozi,222.4170206146016
2024-03-09,Kayanza,276.3060952317402
2024-03-09,Bururi,107.28098645265966
2024-03-09,Cibitoke,185.11349133071067
2024-03-10,Bujumbura,205.73195746780317
2024-03-10,Gitega,236.51573818610922
2024-03-10,Ngozi,227.2976811898499
2024-03-10,Kayanza,336.5066496886828
2024-03-10,Bururi,218.15014717434482
2024-03-10,Cibitoke,228.4206053796381
2024-03-11,Bujumbura,306.7278221643141
2024-03-11,Gitega,334.59262358589973
2024-03-11,Ngozi,232.70175017321228
2024-03-11,Kayanza,291.7455492014041
2024-03-11,Bururi,298.17570612452215
2024-03-11,Cibitoke,260.4843068321247
2024-03-12,Bujumbura,245.78771346507244
2024-03-12,Gitega,201.84104927432406
2024-03-12,Ngozi,165.429752621469
2024-03-12,Kayanza,254.82559627000293
2024-03-12,Bururi,153.95889360053124
2024-03-12,Cibitoke,230.9616010208453
2024-03-13,Bujumbura,277.2840220839805
2024-03-13,Gitega,212.2078862140508
2024-03-13,Ngozi,188.54275056673575
2024-03-13,Kayanza,289.0768051090695
2024-03-13,Bururi,259.8797865490043
2024-03-13,Cibitoke,198.02901962119893
2024-03-14,Bujumbura,276.6971832859813
2024-03-14,Gitega,154.97090629238485
2024-03-14,Ngozi,280.38686714233256
2024-03-14,Kayanza,281.83887124687305
2024-03-14,Bururi,320.14393683639094
2024-03-14,Cibitoke,340.69916022106247
2024-03-15,Bujumbura,279.01557258386697
2024-03-15,Gitega,269.13895664490195
2024-03-15,Ngozi,208.10189554108965
2024-03-15,Kayanza,220.01715776418365
2024-03-15,Bururi,195.30833468797567
2024-03-15,Cibitoke,262.314059941981
2024-03-16,Bujumbura,196.92447175043867
2024-03-16,Gitega,239.3270511146505
2024-03-16,Ngozi,257.6458900382753
2024-03-16,Kayanza,242.75256781445054
2024-03-16,Bururi,177.268027199158
2024-03-16,Cibitoke,181.52332780003275
2024-03-17,Bujumbura,183.51309614305433
2024-03-17,Gitega,233.51520939841117
2024-03-17,Ngozi,125.04895056309611
2024-03-17,Kayanza,222.59011342833142
2024-03-17,Bururi,218.91141536687877
2024-03-17,Cibitoke,312.38939076547626
2024-03-18,Bujumbura,251.12739220844853
2024-03-18,Gitega,197.89166962659846
2024-03-18,Ngozi,274.2427187560223
2024-03-18,Kayanza,185.6109269324732
2024-03-18,Bururi,205.14499286120954
2024-03-18,Cibitoke,275.1582697214898
2024-03-19,Bujumbura,174.73181037223085
2024-03-19,Gitega,223.90058034703873
2024-03-19,Ngozi,132.62035507694722
2024-03-19,Kayanza,216.4981410056829
2024-03-19,Bururi,245.8239746920893
2024-03-19,Cibitoke,200.43594015448284
2024-03-20,Bujumbura,269.9484838625761
2024-03-20,Gitega,234.0684440556595
2024-03-20,Ngozi,271.3206739221873
2024-03-20,Kayanza,176.17362272738777
2024-03-20,Bururi,203.6154200515379
2024-03-20,Cibitoke,231.4189033153489
2024-03-21,Bujumbura,247.41455085709467
2024-03-21,Gitega,236.22876460431414
2024-03-21,Ngozi,231.78380375822414
2024-03-21,Kayanza,201.2953337002938
2024-03-21,Bururi,199.13132842629867
2024-03-21,Cibitoke,287.5717787894778
2024-03-22,Bujumbura,103.87116114575637
2024-03-22,Gitega,267.7781006528542
2024-03-22,Ngozi,236.69592397228996
2024-03-22,Kayanza,283.13663326312013
2024-03-22,Bururi,201.38012310856308
2024-03-22,Cibitoke,257.6117841764151
2024-03-23,Bujumbura,297.1500195740444
2024-03-23,Gitega,218.01261960154983
2024-03-23,Ngozi,232.242922053963
2024-03-23,Kayanza,209.1944023983027
2024-03-23,Bururi,200.08327353233022
2024-03-23,Cibitoke,173.04374940192758
2024-03-24,Bujumbura,197.8100024787297
2024-03-24,Gitega,250.42856453941454
2024-03-24,Ngozi,309.32708396728054
2024-03-24,Kayanza,185.09954880815212
2024-03-24,Bururi,243.09165136335884
2024-03-24,Cibitoke,262.4138801911283
2024-03-25,Bujumbura,238.40793612472373
2024-03-25,Gitega,290.6903819667914
2024-03-25,Ngozi,277.1639378063693
2024-03-25,Kayanza,249.45867532977906
2024-03-25,Bururi,276.5398768147669
2024-03-25,Cibitoke,160.33074671804548
2024-03-26,Bujumbura,175.65435925942162
2024-03-26,Gitega,250.3110554688127
2024-03-26,Ngozi,266.06073144956633
2024-03-26,Kayanza,272.5867441716479
2024-03-26,Bururi,180.74610574734896
2024-03-26,Cibitoke,229.98877027273238
2024-03-27,Bujumbura,204.8006777544422
2024-03-27,Gitega,253.35888360427055
2024-03-27,Ngozi,207.1432378491233
2024-03-27,Kayanza,312.16660274138013
2024-03-27,Bururi,229.62387318051657
2024-03-27,Cibitoke,113.8442427784244
2024-03-28,Bujumbura,232.7184291665721
2024-03-28,Gitega,255.96558937826504
2024-03-28,Ngozi,230.66171293622472
2024-03-28,Kayanza,208.11712042616804
2024-03-28,Bururi,246.01017214839223
2024-03-28,Cibitoke,162.5392850183655
2024-03-29,Bujumbura,294.0348096480483
2024-03-29,Gitega,316.7914694796971
2024-03-29,Ngozi,241.75042514987456
2024-03-29,Kayanza,215.04086658157013
2024-03-29,Bururi,211.2992242442682
2024-03-29,Cibitoke,271.33722081909934
2024-03-30,Bujumbura,233.38876336657563
2024-03-30,Gitega,218.07431502217284
2024-03-30,Ngozi,230.50979324893058
2024-03-30,Kayanza,209.70638789667154
2024-03-30,Bururi,199.55766068559257
2024-03-30,Cibitoke,316.5761074662214
2024-03-31,Bujumbura,212.49052783685087
2024-03-31,Gitega,188.54943818501658
2024-03-31,Ngozi,250.98290394576378
2024-03-31,Kayanza,295.30619301599046
2024-03-31,Bururi,260.2847239751614
2024-03-31,Cibitoke,334.0737171886963
2024-04-01,Bujumbura,251.25698150799622
2024-04-01,Gitega,229.80232861885318
2024-04-01,Ngozi,270.0226819843041
2024-04-01,Kayanza,203.4473311504377
2024-04-01,Bururi,206.57734701758216
2024-04-01,Cibitoke,202.47149535560098
2024-04-02,Bujumbura,311.6506728779703
2024-04-02,Gitega,229.10783019603147
2024-04-02,Ngozi,226.8011360000494
2024-04-02,Kayanza,206.8258962110199
2024-04-02,Bururi,232.805368076942
2024-04-02,Cibitoke,191.5874279604793
2024-04-03,Bujumbura,252.47767511008948
2024-04-03,Gitega,216.29253987097147
2024-04-03,Ngozi,233.47530627190415
2024-04-03,Kayanza,306.3176030513237
2024-04-03,Bururi,227.36514927424608
2024-04-03,Cibitoke,229.13035561299606
2024-04-04,Bujumbura,279.07070286324176
2024-04-04,Gitega,223.83909557231834
2024-04-04,Ngozi,223.60742500476485
2024-04-04,Kayanza,256.8068700680003
2024-04-04,Bururi,255.4307928261318
2024-04-04,Cibitoke,260.1869875855049
2024-04-05,Bujumbura,231.65644398563452
2024-04-05,Gitega,184.96255064419506
2024-04-05,Ngozi,176.73892995384475
2024-04-05,Kayanza,205.91394329513912
2024-04-05,Bururi,237.32930827191285
2024-04-05,Cibitoke,181.80443737072014
2024-04-06,Bujumbura,209.53747864272367
2024-04-06,Gitega,143.46720645161014
2024-04-06,Ngozi,220.73916398588395
2024-04-06,Kayanza,275.55586549748136
2024-04-06,Bururi,242.5229122280761
2024-04-06,Cibitoke,289.67574056598687
2024-04-07,Bujumbura,275.29931354173965
2024-04-07,Gitega,272.56660022526563
2024-04-07,Ngozi,240.77949051748138
2024-04-07,Kayanza,283.84133882386226
2024-04-07,Bururi,306.5853322099108
2024-04-07,Cibitoke,216.65331721199266
2024-04-08,Bujumbura,206.23050310273427
2024-04-08,Gitega,274.5829350738602
2024-04-08,Ngozi,159.99811805994713
2024-04-08,Kayanza,326.6667124101342
2024-04-08,Bururi,233.4343732721084
2024-04-08,Cibitoke,178.36453885751493
2024-04-09,Bujumbura,160.765939941467
2024-04-09,Gitega,273.1958522877558
2024-04-09,Ngozi,199.56563651121738
2024-04-09,Kayanza,242.85784038759374
2024-04-09,Bururi,199.69026453114995
2024-04-09,Cibitoke,201.7593520266594
2024-04-10,Bujumbura,293.5540747113301
2024-04-10,Gitega,199.79393325072323
2024-04-10,Ngozi,266.6205302926859
2024-04-10,Kayanza,297.04407736431415
2024-04-10,Bururi,139.7547547416758
2024-04-10,Cibitoke,185.59474057103395
2024-04-11,Bujumbura,302.2036545022583
2024-04-11,Gitega,248.27495053253548
2024-04-11,Ngozi,225.93433432885234
2024-04-11,Kayanza,219.80475211689148
2024-04-11,Bururi,318.3426991525926
2024-04-11,Cibitoke,233.53804543905082
2024-04-12,Bujumbura,205.17592341473167
2024-04-12,Gitega,311.9226583491089
2024-04-12,Ngozi,226.84046885832197
2024-04-12,Kayanza,293.6030236915239
2024-04-12,Bururi,282.78178175788463
2024-04-12,Cibitoke,240.31604010292102
2024-04-13,Bujumbura,193.6860043695592
2024-04-13,Gitega,172.49973580558344
2024-04-13,Ngozi,333.1608948666754
2024-04-13,Kayanza,277.6766413146378
2024-04-13,Bururi,274.9940627993422
2024-04-13,Cibitoke,202.1179749342279
2024-04-14,Bujumbura,209.10591892874615
2024-04-14,Gitega,210.23833901655527
2024-04-14,Ngozi,201.49645118041596
2024-04-14,Kayanza,187.8205216866917
2024-04-14,Bururi,240.3515681795276
2024-04-14,Cibitoke,233.67362205881506
2024-04-15,Bujumbura,236.40425810690053
2024-04-15,Gitega,257.1477751162965
2024-04-15,Ngozi,173.76170768485775
2024-04-15,Kayanza,185.99466029584792
2024-04-15,Bururi,259.5840085958135
2024-04-15,Cibitoke,325.9673373816712
2024-04-16,Bujumbura,200.4985402108094
2024-04-16,Gitega,167.3110991464431
2024-04-16,Ngozi,270.4375564357364
2024-04-16,Kayanza,252.6323774072039
2024-04-16,Bururi,253.24282798058712
2024-04-16,Cibitoke,261.5978374021545
2024-04-17,Bujumbura,269.36900316125025
2024-04-17,Gitega,155.44075048553222
2024-04-17,Ngozi,237.70858996412997
2024-04-17,Kayanza,160.3318028443027
2024-04-17,Bururi,128.35530159582308
2024-04-17,Cibitoke,211.87651775736657
2024-04-18,Bujumbura,180.0781057759841
2024-04-18,Gitega,142.24223211065856
2024-04-18,Ngozi,276.77675423557173
2024-04-18,Kayanza,278.8015798540658
2024-04-18,Bururi,230.54134494645027
2024-04-18,Cibitoke,201.55535494004786
2024-04-19,Bujumbura,182.2169142673763
2024-04-19,Gitega,165.9815065665819
2024-04-19,Ngozi,143.36495168447027
2024-04-19,Kayanza,269.0765031559207
2024-04-19,Bururi,23.099681671010728
2024-04-19,Cibitoke,191.52274925369457
2024-04-20,Bujumbura,234.21069067204905
2024-04-20,Gitega,199.63380357065
2024-04-20,Ngozi,211.83297076702962
2024-04-20,Kayanza,144.19374685966403
2024-04-20,Bururi,234.90779290949902
2024-04-20,Cibitoke,236.4028405534416
2024-04-21,Bujumbura,259.1039205387356
2024-04-21,Gitega,280.7515431558594
2024-04-21,Ngozi,188.38059167916134
2024-04-21,Kayanza,240.61272632640888
2024-04-21,Bururi,244.80243575779383
2024-04-21,Cibitoke,234.98790658610702
2024-04-22,Bujumbura,214.84201367130703
2024-04-22,Gitega,158.02095045054187
2024-04-22,Ngozi,210.76315988383192
2024-04-22,Kayanza,163.30991681490792
2024-04-22,Bururi,189.01674551249266
2024-04-22,Cibitoke,235.8543322981433
2024-04-23,Bujumbura,254.5827523590173
2024-04-23,Gitega,162.3224163274316
2024-04-23,Ngozi,294.9038632673921
2024-04-23,Kayanza,387.89751026243397
2024-04-23,Bururi,217.2239111044595
2024-04-23,Cibitoke,238.4995162877131
2024-04-24,Bujumbura,215.12790963718842
2024-04-24,Gitega,199.0592059159832
2024-04-24,Ngozi,226.77513938855733
2024-04-24,Kayanza,276.56412180378106
2024-04-24,Bururi,288.11756739864023
2024-04-24,Cibitoke,352.9240691712482
2024-04-25,Bujumbura,271.03200406456995
2024-04-25,Gitega,201.94177476994045
2024-04-25,Ngozi,226.0951640354401
2024-04-25,Kayanza,220.86630736649946
2024-04-25,Bururi,197.5333568997465
2024-04-25,Cibitoke,208.67603719331325
2024-04-26,Bujumbura,241.55639397378025
2024-04-26,Gitega,221.04554528502325
2024-04-26,Ngozi,182.15738260105948
2024-04-26,Kayanza,181.5352565138816
2024-04-26,Bururi,276.9611498045895
2024-04-26,Cibitoke,261.2608229974098
2024-04-27,Bujumbura,285.709760713238
2024-04-27,Gitega,227.44712047252128
2024-04-27,Ngozi,260.3067406461208
2024-04-27,Kayanza,221.10022733056198
2024-04-27,Bururi,269.5180030227537
2024-04-27,Cibitoke,216.1575742722516
2024-04-28,Bujumbura,249.87367452036187
2024-04-28,Gitega,288.2922981532498
2024-04-28,Ngozi,227.80987453334336
2024-04-28,Kayanza,169.36127509278828
2024-04-28,Bururi,268.3443399749918
2024-04-28,Cibitoke,185.44793613420245
2024-04-29,Bujumbura,256.20621623621304
2024-04-29,Gitega,213.0425320529425
2024-04-29,Ngozi,254.06857297335148
2024-04-29,Kayanza,284.42614036015834
2024-04-29,Bururi,199.84765988029932
2024-04-29,Cibitoke,228.17427424867623
2024-04-30,Bujumbura,209.35771997007404
2024-04-30,Gitega,271.97515002722537
2024-04-30,Ngozi,238.62581657536896
2024-04-30,Kayanza,255.3863365965438
2024-04-30,Bururi,243.22857686028593
2024-04-30,Cibitoke,187.83942234332906
2024-05-01,Bujumbura,234.79601710524466
2024-05-01,Gitega,241.45719911738664
2024-05-01,Ngozi,245.3568211517054
2024-05-01,Kayanza,302.9452690291281
2024-05-01,Bururi,154.77646451197785
2024-05-01,Cibitoke,361.9511818351198
2024-05-02,Bujumbura,326.19231089942025
2024-05-02,Gitega,256.32698927097897
2024-05-02,Ngozi,187.26266558854806
2024-05-02,Kayanza,332.33612485432724
2024-05-02,Bururi,275.6947735784649
2024-05-02,Cibitoke,278.6987818471305
2024-05-03,Bujumbura,270.6887354036422
2024-05-03,Gitega,244.92098845879062
2024-05-03,Ngozi,229.20588265868457
2024-05-03,Kayanza,183.9082639790954
2024-05-03,Bururi,76.32847196808571
2024-05-03,Cibitoke,138.23982225275728
2024-05-04,Bujumbura,162.73329660681208
2024-05-04,Gitega,226.64143571567305
2024-05-04,Ngozi,186.6142966559339
2024-05-04,Kayanza,336.42562352738156
2024-05-04,Bururi,164.51455138888042
2024-05-04,Cibitoke,261.0706793127638
2024-05-05,Bujumbura,178.38494098745716
2024-05-05,Gitega,195.05780386983756
2024-05-05,Ngozi,202.2076277146615
2024-05-05,Kayanza,247.44772382392375
2024-05-05,Bururi,218.41242924914238
2024-05-05,Cibitoke,251.9823176718507
2024-05-06,Bujumbura,97.88414381419813
2024-05-06,Gitega,261.35817703955854
2024-05-06,Ngozi,201.4455182176114
2024-05-06,Kayanza,122.55938154807254
2024-05-06,Bururi,329.5248132784892
2024-05-06,Cibitoke,206.79308253296355
2024-05-07,Bujumbura,321.0998900568839
2024-05-07,Gitega,270.7361079375372
2024-05-07,Ngozi,87.18215059944337
2024-05-07,Kayanza,190.796738158782
2024-05-07,Bururi,245.10780016723564
2024-05-07,Cibitoke,212.3037477398344
2024-05-08,Bujumbura,140.45702035537172
2024-05-08,Gitega,224.1202433983842
2024-05-08,Ngozi,319.3189356498213
2024-05-08,Kayanza,241.47235889512726
2024-05-08,Bururi,279.474985259852
2024-05-08,Cibitoke,136.07045870419
2024-05-09,Bujumbura,275.67866423242583
2024-05-09,Gitega,264.53492485662855
2024-05-09,Ngozi,241.1357841427292
2024-05-09,Kayanza,131.56669444863397
2024-05-09,Bururi,206.46861062106473
2024-05-09,Cibitoke,159.72888448906917
2024-05-10,Bujumbura,163.8056900190062
2024-05-10,Gitega,265.791491795227
2024-05-10,Ngozi,226.0442635924564
2024-05-10,Kayanza,153.13096808052885
2024-05-10,Bururi,199.0102541654682
2024-05-10,Cibitoke,128.07577121872322
2024-05-11,Bujumbura,217.17482724062418
2024-05-11,Gitega,208.4135462038341
2024-05-11,Ngozi,207.2995504506656
2024-05-11,Kayanza,217.82274216191095
2024-05-11,Bururi,252.6254618684555
2024-05-11,Cibitoke,245.88730536952338
2024-05-12,Bujumbura,230.13084479320872
2024-05-12,Gitega,254.05482965510603
2024-05-12,Ngozi,216.05633148128226
2024-05-12,Kayanza,171.3625037001677
2024-05-12,Bururi,299.3419448314346
2024-05-12,Cibitoke,216.75270185036268
2024-05-13,Bujumbura,173.11458583852757
2024-05-13,Gitega,224.55411446948168
2024-05-13,Ngozi,204.52785715451338
2024-05-13,Kayanza,258.41298811140086
2024-05-13,Bururi,295.74981623707475
2024-05-13,Cibitoke,278.19693649077084
2024-05-14,Bujumbura,212.76240030317499
2024-05-14,Gitega,158.85705875393126
2024-05-14,Ngozi,167.75512688264467
2024-05-14,Kayanza,184.28725450974434
2024-05-14,Bururi,182.39486463967344
2024-05-14,Cibitoke,211.7604626455005
2024-05-15,Bujumbura,150.7386149839653
2024-05-15,Gitega,183.8714440490008
2024-05-15,Ngozi,267.6471696841279
2024-05-15,Kayanza,226.19327133156114
2024-05-15,Bururi,224.76776133977532
2024-05-15,Cibitoke,206.6482276230397
2024-05-16,Bujumbura,258.192117580833
2024-05-16,Gitega,213.42363447483945
2024-05-16,Ngozi,147.90423456786
2024-05-16,Kayanza,283.3690903839971
2024-05-16,Bururi,167.42660213725352
2024-05-16,Cibitoke,133.96724683809677
2024-05-17,Bujumbura,178.40840457682935
2024-05-17,Gitega,264.1380654116335
2024-05-17,Ngozi,235.43525452471965
2024-05-17,Kayanza,232.6184894797828
2024-05-17,Bururi,299.03503391307896
2024-05-17,Cibitoke,177.0434795548208
2024-05-18,Bujumbura,288.6712194833514
2024-05-18,Gitega,259.3582803367116
2024-05-18,Ngozi,292.54338803516873
2024-05-18,Kayanza,125.5272362175475
2024-05-18,Bururi,191.98292119853613
2024-05-18,Cibitoke,214.35415321545133
2024-05-19,Bujumbura,245.68017563244334
2024-05-19,Gitega,154.7648904540089
2024-05-19,Ngozi,219.31859692940893
2024-05-19,Kayanza,257.67102407271216
2024-05-19,Bururi,299.6660700658724
2024-05-19,Cibitoke,200.93591737758754
2024-05-20,Bujumbura,178.85234484892266
2024-05-20,Gitega,125.29114882628522
2024-05-20,Ngozi,238.28347276016495
2024-05-20,Kayanza,131.9805820184032
2024-05-20,Bururi,186.4820627996367
2024-05-20,Cibitoke,205.22874291726342
2024-05-21,Bujumbura,200.6593761923454
2024-05-21,Gitega,220.9394320094874
2024-05-21,Ngozi,222.01712712898978
2024-05-21,Kayanza,174.38651995691117
2024-05-21,Bururi,249.953321262756
2024-05-21,Cibitoke,192.97130797626437
2024-05-22,Bujumbura,205.7461634312509
2024-05-22,Gitega,172.62650216008825
2024-05-22,Ngozi,171.8991167278495
2024-05-22,Kayanza,227.56671199666138
2024-05-22,Bururi,256.6219471182098
2024-05-22,Cibitoke,257.27876341222105
2024-05-23,Bujumbura,193.43676881329085
2024-05-23,Gitega,243.22657165608464
2024-05-23,Ngozi,226.10387262604903
2024-05-23,Kayanza,299.85090515017475
2024-05-23,Bururi,195.47302594872514
2024-05-23,Cibitoke,221.30752050797153
2024-05-24,Bujumbura,386.466988106865
2024-05-24,Gitega,252.93297751232723
2024-05-24,Ngozi,276.16587661206233
2024-05-24,Kayanza,163.14311472483837
2024-05-24,Bururi,239.2856773782874
2024-05-24,Cibitoke,139.65663233817338
2024-05-25,Bujumbura,210.25759903059003
2024-05-25,Gitega,125.90378009903976
2024-05-25,Ngozi,241.30765883573088
2024-05-25,Kayanza,338.9743060989327
2024-05-25,Bururi,305.17071010022687
2024-05-25,Cibitoke,133.9518154654143
2024-05-26,Bujumbura,139.14433609748798
2024-05-26,Gitega,249.07246644659773
2024-05-26,Ngozi,227.02321297341737
2024-05-26,Kayanza,252.8272655901803
2024-05-26,Bururi,140.8921373095617
2024-05-26,Cibitoke,111.73611304858959
2024-05-27,Bujumbura,174.25059961040904
2024-05-27,Gitega,214.7699878118725
2024-05-27,Ngozi,163.3150319806549
2024-05-27,Kayanza,245.3534773401218
2024-05-27,Bururi,232.90327972476427
2024-05-27,Cibitoke,287.5051214047677
2024-05-28,Bujumbura,166.28457063700225
2024-05-28,Gitega,209.02743981936118
2024-05-28,Ngozi,240.78208221824312
2024-05-28,Kayanza,201.83651956149535
2024-05-28,Bururi,216.64915297820752
2024-05-28,Cibitoke,251.29120371169915
2024-05-29,Bujumbura,287.754470303382
2024-05-29,Gitega,260.54208066501525
2024-05-29,Ngozi,254.65246438100317
2024-05-29,Kayanza,195.2310344259027
2024-05-29,Bururi,234.4514088484071
2024-05-29,Cibitoke,230.70080124178037
2024-05-30,Bujumbura,221.92879055268986
2024-05-30,Gitega,279.9823530396057
2024-05-30,Ngozi,243.8345797513752
2024-05-30,Kayanza,263.704652714307
2024-05-30,Bururi,185.74880882868504
2024-05-30,Cibitoke,215.7475994192277
2024-05-31,Bujumbura,273.2775084314496
2024-05-31,Gitega,264.5397512272274
2024-05-31,Ngozi,142.1520709723354
2024-05-31,Kayanza,180.64315736473426
2024-05-31,Bururi,323.9624039516971
2024-05-31,Cibitoke,204.71755491616662
2024-06-01,Bujumbura,189.2560227436079
2024-06-01,Gitega,143.40903808164637
2024-06-01,Ngozi,155.84500901333487
2024-06-01,Kayanza,327.97310074705194
2024-06-01,Bururi,240.9269922711407
2024-06-01,Cibitoke,249.83067985213935
2024-06-02,Bujumbura,292.4697589008571
2024-06-02,Gitega,304.7545298402969
2024-06-02,Ngozi,185.7192667025804
2024-06-02,Kayanza,204.6962188573634
2024-06-02,Bururi,150.29041391817094
2024-06-02,Cibitoke,265.9681768327388
2024-06-03,Bujumbura,225.99358408069378
2024-06-03,Gitega,202.7351175223228
2024-06-03,Ngozi,170.8036567999181
2024-06-03,Kayanza,242.67621619935738
2024-06-03,Bururi,78.81097366448418
2024-06-03,Cibitoke,159.42465517097986
2024-06-04,Bujumbura,182.99892925499637
2024-06-04,Gitega,279.4412658206887
2024-06-04,Ngozi,161.1106235535576
2024-06-04,Kayanza,217.45825124862853
2024-06-04,Bururi,247.4187019400154
2024-06-04,Cibitoke,283.54071546738453
2024-06-05,Bujumbura,298.9053808718515
2024-06-05,Gitega,313.96239542004764
2024-06-05,Ngozi,273.65590819676356
2024-06-05,Kayanza,240.70665322364434
2024-06-05,Bururi,220.63714785205636
2024-06-05,Cibitoke,216.27608445028096
2024-06-06,Bujumbura,196.87688764473833
2024-06-06,Gitega,139.50288844633997
2024-06-06,Ngozi,259.1686445405495
2024-06-06,Kayanza,198.7967344165336
2024-06-06,Bururi,282.62109602838547
2024-06-06,Cibitoke,246.64434663655166
2024-06-07,Bujumbura,285.98681660176624
2024-06-07,Gitega,194.9523796814841
2024-06-07,Ngozi,254.6777259838423
2024-06-07,Kayanza,222.46323091379688
2024-06-07,Bururi,161.93501843165308
2024-06-07,Cibitoke,137.97504656069586
2024-06-08,Bujumbura,154.31335933546487
2024-06-08,Gitega,269.62372135607967
2024-06-08,Ngozi,170.1394543913976
2024-06-08,Kayanza,209.0329281204851
2024-06-08,Bururi,212.20360955818487
2024-06-08,Cibitoke,287.0601679056648
2024-06-09,Bujumbura,202.73900787886365
2024-06-09,Gitega,239.2022138337183
2024-06-09,Ngozi,234.39930006441926
2024-06-09,Kayanza,247.59806065913992
2024-06-09,Bururi,203.688469200075
2024-06-09,Cibitoke,195.24877303675663
2024-06-10,Bujumbura,247.39888226319533
2024-06-10,Gitega,254.5933661132392
2024-06-10,Ngozi,212.183373260726
2024-06-10,Kayanza,276.4150663028598
2024-06-10,Bururi,261.35189053825763
2024-06-10,Cibitoke,224.34441271572885
2024-06-11,Bujumbura,132.808910447493
2024-06-11,Gitega,150.42213798008834
2024-06-11,Ngozi,246.4265975122926
2024-06-11,Kayanza,137.42839070684602
2024-06-11,Bururi,190.3975813377332
2024-06-11,Cibitoke,255.67566060308232
2024-06-12,Bujumbura,213.95813095887272
2024-06-12,Gitega,229.57668048517743
2024-06-12,Ngozi,239.63759144695592
2024-06-12,Kayanza,199.7984168119131
2024-06-12,Bururi,189.73619967001102
2024-06-12,Cibitoke,139.9849005565378
2024-06-13,Bujumbura,205.9501457183878
2024-06-13,Gitega,186.94142352488888
2024-06-13,Ngozi,189.17366467298976
2024-06-13,Kayanza,287.59810688036146
2024-06-13,Bururi,246.60190024146823
2024-06-13,Cibitoke,155.47959604377846
2024-06-14,Bujumbura,210.94689906310225
2024-06-14,Gitega,236.00393038863658
2024-06-14,Ngozi,265.50158502433476
2024-06-14,Kayanza,207.75955540806842
2024-06-14,Bururi,168.54751721126758
2024-06-14,Cibitoke,226.205810837508
2024-06-15,Bujumbura,280.70248658488765
2024-06-15,Gitega,172.47629967571166
2024-06-15,Ngozi,223.47907404848664
2024-06-15,Kayanza,219.9091646284547
2024-06-15,Bururi,255.87144719981555
2024-06-15,Cibitoke,183.30791431429572
2024-06-16,Bujumbura,250.78057899176622
2024-06-16,Gitega,180.6301029028249
2024-06-16,Ngozi,235.7765070894293
2024-06-16,Kayanza,271.48827150067723
2024-06-16,Bururi,250.83223950929255
2024-06-16,Cibitoke,183.6419108107919
2024-06-17,Bujumbura,191.46317137188308
2024-06-17,Gitega,201.0396496657047
2024-06-17,Ngozi,50.02661754224471
2024-06-17,Kayanza,109.61955623948525
2024-06-17,Bururi,242.11073422463303
2024-06-17,Cibitoke,188.48054104538508
2024-06-18,Bujumbura,141.40785710260812
2024-06-18,Gitega,167.8210561234822
2024-06-18,Ngozi,150.8286455930767
2024-06-18,Kayanza,176.7992208065717
2024-06-18,Bururi,168.4785188459493
2024-06-18,Cibitoke,149.3377597802063
2024-06-19,Bujumbura,103.5112047582662
2024-06-19,Gitega,298.19236702878135
2024-06-19,Ngozi,282.86683557759005
2024-06-19,Kayanza,158.08611243229035
2024-06-19,Bururi,215.34108722969327
2024-06-19,Cibitoke,278.10847382291183
2024-06-20,Bujumbura,179.99776758345058
2024-06-20,Gitega,308.31289672900016
2024-06-20,Ngozi,175.5575059548878
2024-06-20,Kayanza,148.1599329367064
2024-06-20,Bururi,279.7207212571531
2024-06-20,Cibitoke,182.2574288822458
2024-06-21,Bujumbura,205.56831505852338
2024-06-21,Gitega,125.7242678688444
2024-06-21,Ngozi,141.87225746678752
2024-06-21,Kayanza,162.5033824475362
2024-06-21,Bururi,199.2781237877841
2024-06-21,Cibitoke,63.459895464127506
2024-06-22,Bujumbura,199.14340743674924
2024-06-22,Gitega,106.89170766642994
2024-06-22,Ngozi,277.7353563571032
2024-06-22,Kayanza,235.52697746679377
2024-06-22,Bururi,227.43978584938426
2024-06-22,Cibitoke,130.44725111079703
2024-06-23,Bujumbura,200.8094102920766
2024-06-23,Gitega,250.5945180749246
2024-06-23,Ngozi,157.72406250399985
2024-06-23,Kayanza,184.21837134510068
2024-06-23,Bururi,222.02662746134783
2024-06-23,Cibitoke,172.90843250087073
2024-06-24,Bujumbura,216.77554330091573
2024-06-24,Gitega,241.83180029747135
2024-06-24,Ngozi,226.24110008793613
2024-06-24,Kayanza,281.38177915990866
2024-06-24,Bururi,238.83609678042393
2024-06-24,Cibitoke,159.40113405435977
2024-06-25,Bujumbura,263.276452353422
2024-06-25,Gitega,202.91215320176786
2024-06-25,Ngozi,199.83935740459802
2024-06-25,Kayanza,166.0958178948284
2024-06-25,Bururi,144.61449091413473
2024-06-25,Cibitoke,363.40852083434595
2024-06-26,Bujumbura,164.28571911906812
2024-06-26,Gitega,210.85392186365044
2024-06-26,Ngozi,222.29703441390168
2024-06-26,Kayanza,261.9024568457434
2024-06-26,Bururi,192.35331563995499
2024-06-26,Cibitoke,250.09739085277616
2024-06-27,Bujumbura,171.4581639973991
2024-06-27,Gitega,146.52274240171002
2024-06-27,Ngozi,144.40757280562752
2024-06-27,Kayanza,207.2435179067482
2024-06-27,Bururi,171.6405894523189
2024-06-27,Cibitoke,229.29985046791433
2024-06-28,Bujumbura,106.07563796947086
2024-06-28,Gitega,290.16946947575326
2024-06-28,Ngozi,204.38290051922218
2024-06-28,Kayanza,278.35589583243365
2024-06-28,Bururi,197.28902612235314
2024-06-28,Cibitoke,131.72536076029124
2024-06-29,Bujumbura,250.32310756477224
2024-06-29,Gitega,169.9373160157819
2024-06-29,Ngozi,208.43216753607697
2024-06-29,Kayanza,209.1235186494022
2024-06-29,Bururi,273.884906016073
2024-06-29,Cibitoke,261.2026162643634
2024-06-30,Bujumbura,251.14487281669585
2024-06-30,Gitega,205.97865349770296
2024-06-30,Ngozi,234.74190167818549
2024-06-30,Kayanza,134.4846049658709
2024-06-30,Bururi,121.60461026155063
2024-06-30,Cibitoke,244.1641798885299
2024-07-01,Bujumbura,149.8322822432127
2024-07-01,Gitega,260.0151667956161
2024-07-01,Ngozi,222.34433907409814
2024-07-01,Kayanza,186.15012974834906
2024-07-01,Bururi,226.37195711404578
2024-07-01,Cibitoke,257.4623115767024
2024-07-02,Bujumbura,140.45498946857188
2024-07-02,Gitega,171.74834156110683
2024-07-02,Ngozi,230.9117534203965
2024-07-02,Kayanza,275.5578461833855
2024-07-02,Bururi,246.977073850778
2024-07-02,Cibitoke,185.3039256912678
2024-07-03,Bujumbura,204.65532430576576
2024-07-03,Gitega,252.99919320746247
2024-07-03,Ngozi,151.9679571472133
2024-07-03,Kayanza,101.68580991806412
2024-07-03,Bururi,150.11657418082186
2024-07-03,Cibitoke,292.5411870468563
2024-07-04,Bujumbura,207.5881342060145
2024-07-04,Gitega,218.20832854520253
2024-07-04,Ngozi,171.24535747315602
2024-07-04,Kayanza,158.79534930553854
2024-07-04,Bururi,198.6128330339175
2024-07-04,Cibitoke,240.25181361557256
2024-07-05,Bujumbura,178.88936576581816
2024-07-05,Gitega,203.06669891950534
2024-07-05,Ngozi,218.59989513350158
2024-07-05,Kayanza,106.71676416764119
2024-07-05,Bururi,165.45997933000226
2024-07-05,Cibitoke,241.24426575571673
2024-07-06,Bujumbura,185.87706774057335
2024-07-06,Gitega,218.4310933149937
2024-07-06,Ngozi,226.1184948366231
2024-07-06,Kayanza,177.12497845572474
2024-07-06,Bururi,139.21312592179996
2024-07-06,Cibitoke,188.3807308766755
2024-07-07,Bujumbura,350.665675010359
2024-07-07,Gitega,188.92028223518216
2024-07-07,Ngozi,193.20850055671113
2024-07-07,Kayanza,163.95553721395163
2024-07-07,Bururi,176.95432669611716
2024-07-07,Cibitoke,217.13443848764862
2024-07-08,Bujumbura,269.9783963325566
2024-07-08,Gitega,119.76933426769268
2024-07-08,Ngozi,180.20523779114885
2024-07-08,Kayanza,216.4905898962754
2024-07-08,Bururi,224.61791618192396
2024-07-08,Cibitoke,237.20142999392323
2024-07-09,Bujumbura,138.27014556674357
2024-07-09,Gitega,219.26873629204687
2024-07-09,Ngozi,141.13735191025393
2024-07-09,Kayanza,340.3435118376117
2024-07-09,Bururi,193.3291700546937
2024-07-09,Cibitoke,80.09743171142595
2024-07-10,Bujumbura,201.39764962992496
2024-07-10,Gitega,127.11128473586207
2024-07-10,Ngozi,231.67305467685011
2024-07-10,Kayanza,230.9860547256799
2024-07-10,Bururi,127.52486628839473
2024-07-10,Cibitoke,249.0728149598588
2024-07-11,Bujumbura,199.93419906766053
2024-07-11,Gitega,193.1228230185214
2024-07-11,Ngozi,224.53764193812682
2024-07-11,Kayanza,176.36115726699913
2024-07-11,Bururi,244.649123864884
2024-07-11,Cibitoke,210.46030095866112
2024-07-12,Bujumbura,209.04924777587732
2024-07-12,Gitega,198.05761224504218
2024-07-12,Ngozi,157.6835438264555
2024-07-12,Kayanza,138.16899629510695
2024-07-12,Bururi,75.97401922830173
2024-07-12,Cibitoke,184.8644568633029
2024-07-13,Bujumbura,230.2550064635123
2024-07-13,Gitega,195.3436967038265
2024-07-13,Ngozi,251.25821126581104
2024-07-13,Kayanza,222.95367366349652
2024-07-13,Bururi,163.03001082410276
2024-07-13,Cibitoke,226.57056904336505
2024-07-14,Bujumbura,160.64727014488435
2024-07-14,Gitega,160.844681956962
2024-07-14,Ngozi,179.7687257911223
2024-07-14,Kayanza,198.95090557696503
2024-07-14,Bururi,124.37246091587538
2024-07-14,Cibitoke,236.53303161542672
2024-07-15,Bujumbura,161.23847094558099
2024-07-15,Gitega,304.30182137236204
2024-07-15,Ngozi,207.19990706207454
2024-07-15,Kayanza,211.50742294937643
2024-07-15,Bururi,83.95905253877552
2024-07-15,Cibitoke,159.4651939729834
2024-07-16,Bujumbura,236.19688335402068
2024-07-16,Gitega,183.6687247758531
2024-07-16,Ngozi,177.89587592265121
2024-07-16,Kayanza,207.2550330448386
2024-07-16,Bururi,244.68939619185082
2024-07-16,Cibitoke,68.18677496272349
2024-07-17,Bujumbura,195.53042205432314
2024-07-17,Gitega,232.95926245476753
2024-07-17,Ngozi,106.00275041606031
2024-07-17,Kayanza,236.9099963025924
2024-07-17,Bururi,166.2915056011498
2024-07-17,Cibitoke,138.5554800652997
2024-07-18,Bujumbura,139.35691345107708
2024-07-18,Gitega,151.4329496051583
2024-07-18,Ngozi,237.34984981279746
2024-07-18,Kayanza,201.54621458048783
2024-07-18,Bururi,141.70933436045257
2024-07-18,Cibitoke,182.46327116788922
2024-07-19,Bujumbura,166.2583634952973
2024-07-19,Gitega,211.9987701445122
2024-07-19,Ngozi,182.21879835825294
2024-07-19,Kayanza,130.54378014719953
2024-07-19,Bururi,185.5020396538081
2024-07-19,Cibitoke,185.5188746279746
2024-07-20,Bujumbura,165.3312796659236
2024-07-20,Gitega,264.2959826867108
2024-07-20,Ngozi,263.0909925927085
2024-07-20,Kayanza,215.47535416254513
2024-07-20,Bururi,229.5143547986947
2024-07-20,Cibitoke,229.71141549168735
2024-07-21,Bujumbura,204.00450348516702
2024-07-21,Gitega,182.5364656665447
2024-07-21,Ngozi,204.69441537620023
2024-07-21,Kayanza,289.6710215346962
2024-07-21,Bururi,153.8743031267409
2024-07-21,Cibitoke,292.6493138418826
2024-07-22,Bujumbura,96.14238135206656
2024-07-22,Gitega,149.68505157176793
2024-07-22,Ngozi,154.87551446374408
2024-07-22,Kayanza,185.94411678911362
2024-07-22,Bururi,80.30795049087787
2024-07-22,Cibitoke,161.45363964250538
2024-07-23,Bujumbura,252.25570567421337
2024-07-23,Gitega,172.9125849433644
2024-07-23,Ngozi,157.28744936944747
2024-07-23,Kayanza,269.36999696112804
2024-07-23,Bururi,168.90522088745112
2024-07-23,Cibitoke,234.78779604801989
2024-07-24,Bujumbura,188.06918039237678
2024-07-24,Gitega,194.65405418433664
2024-07-24,Ngozi,78.49132626788173
2024-07-24,Kayanza,172.8520011349429
2024-07-24,Bururi,174.5158332298493
2024-07-24,Cibitoke,232.43993062397368
2024-07-25,Bujumbura,181.0050787201751
2024-07-25,Gitega,188.54124252179497
2024-07-25,Ngozi,233.18888562437274
2024-07-25,Kayanza,178.90139056256118
2024-07-25,Bururi,189.7164164760884
2024-07-25,Cibitoke,175.2344547241667
2024-07-26,Bujumbura,275.27934371622644
2024-07-26,Gitega,178.22949139345218
2024-07-26,Ngozi,180.8231110556528
2024-07-26,Kayanza,183.9002850357717
2024-07-26,Bururi,154.62687859582041
2024-07-26,Cibitoke,125.37544854988208
2024-07-27,Bujumbura,170.70390647928625
2024-07-27,Gitega,308.7954617071187
2024-07-27,Ngozi,148.60017626069364
2024-07-27,Kayanza,211.8555397615545
2024-07-27,Bururi,235.41554108681342
2024-07-27,Cibitoke,216.01099750294608
2024-07-28,Bujumbura,177.43442920854977
2024-07-28,Gitega,170.64149478665092
2024-07-28,Ngozi,157.46093686891192
2024-07-28,Kayanza,113.72436346473245
2024-07-28,Bururi,166.71637367910412
2024-07-28,Cibitoke,201.09561997676317
2024-07-29,Bujumbura,232.05692645993076
2024-07-29,Gitega,194.7638313756165
2024-07-29,Ngozi,120.06905089371931
2024-07-29,Kayanza,174.31466011534906
2024-07-29,Bururi,273.2426490391555
2024-07-29,Cibitoke,201.84422060582773
2024-07-30,Bujumbura,205.12572102449045
2024-07-30,Gitega,231.22726505396136
2024-07-30,Ngozi,199.38703967673342
2024-07-30,Kayanza,158.758994561793
2024-07-30,Bururi,99.83792107575307
2024-07-30,Cibitoke,141.30470593013015
2024-07-31,Bujumbura,42.36938288142319
2024-07-31,Gitega,145.1000829403189
2024-07-31,Ngozi,142.52630684584037
2024-07-31,Kayanza,270.4592159844329
2024-07-31,Bururi,153.26393332862773
2024-07-31,Cibitoke,217.3131963763484
2024-08-01,Bujumbura,274.5318419497965
2024-08-01,Gitega,231.27177131475108
2024-08-01,Ngozi,271.79018899776054
2024-08-01,Kayanza,260.1242458992562
2024-08-01,Bururi,273.06867827889243
2024-08-01,Cibitoke,137.0446814813354
2024-08-02,Bujumbura,208.47473969282265
2024-08-02,Gitega,154.2802911367004
2024-08-02,Ngozi,140.0370209895265
2024-08-02,Kayanza,188.8944844029791
2024-08-02,Bururi,204.14518277321997
2024-08-02,Cibitoke,178.4327557396788
2024-08-03,Bujumbura,239.41753293022185
2024-08-03,Gitega,160.54653568770257
2024-08-03,Ngozi,70.1833411283473
2024-08-03,Kayanza,165.33064385337815
2024-08-03,Bururi,208.23075610035426
2024-08-03,Cibitoke,141.03098214305618
2024-08-04,Bujumbura,205.8263430584425
2024-08-04,Gitega,196.32708820192573
2024-08-04,Ngozi,101.95547571479617
2024-08-04,Kayanza,207.61329727897916
2024-08-04,Bururi,151.87137451163127
2024-08-04,Cibitoke,198.58452633410073
2024-08-05,Bujumbura,201.4027127683892
2024-08-05,Gitega,198.9838884704907
2024-08-05,Ngozi,198.03219215439933
2024-08-05,Kayanza,94.0444578169862
2024-08-05,Bururi,219.59225116433393
2024-08-05,Cibitoke,206.26639671666922
2024-08-06,Bujumbura,69.44410944570969
2024-08-06,Gitega,146.28957779820294
2024-08-06,Ngozi,188.3457312863771
2024-08-06,Kayanza,114.20637316845912
2024-08-06,Bururi,186.0137791147716
2024-08-06,Cibitoke,123.54991848104254
2024-08-07,Bujumbura,119.2274074795381
2024-08-07,Gitega,106.07434709535593
2024-08-07,Ngozi,166.94351133355744
2024-08-07,Kayanza,32.64008012934705
2024-08-07,Bururi,107.89455835619651
2024-08-07,Cibitoke,185.5338713678359
2024-08-08,Bujumbura,123.19925153858884
2024-08-08,Gitega,182.6620436767867
2024-08-08,Ngozi,194.99765289249152
2024-08-08,Kayanza,139.3446870965644
2024-08-08,Bururi,258.7248244658255
2024-08-08,Cibitoke,160.6779172142748
2024-08-09,Bujumbura,203.89570713278195
2024-08-09,Gitega,186.77073853715072
2024-08-09,Ngozi,214.92380638913528
2024-08-09,Kayanza,154.3921570130616
2024-08-09,Bururi,274.8855175532627
2024-08-09,Cibitoke,160.47627711329648
2024-08-10,Bujumbura,205.94347533639387
2024-08-10,Gitega,174.6825416277291
2024-08-10,Ngozi,146.91671853593755
2024-08-10,Kayanza,87.54753358214428
2024-08-10,Bururi,229.2148022103762
2024-08-10,Cibitoke,234.15823777874942
2024-08-11,Bujumbura,203.28983957536417
2024-08-11,Gitega,210.5751613658081
2024-08-11,Ngozi,225.62687133453574
2024-08-11,Kayanza,148.30464471318666
2024-08-11,Bururi,124.72751623131988
2024-08-11,Cibitoke,278.5135919861137
2024-08-12,Bujumbura,161.66845955315654
2024-08-12,Gitega,180.3991221722007
2024-08-12,Ngozi,161.97447064654494
2024-08-12,Kayanza,225.72413541354635
2024-08-12,Bururi,84.7642542475968
2024-08-12,Cibitoke,190.90525195821954
2024-08-13,Bujumbura,44.38835978466824
2024-08-13,Gitega,193.7746737956102
2024-08-13,Ngozi,267.1512835292998
2024-08-13,Kayanza,203.24000596867864
2024-08-13,Bururi,198.33471250304552
2024-08-13,Cibitoke,260.3685597614085
2024-08-14,Bujumbura,187.89771807971312
2024-08-14,Gitega,161.955419260585
2024-08-14,Ngozi,123.64289357587904
2024-08-14,Kayanza,264.0304948000317
2024-08-14,Bururi,209.9707175779349
2024-08-14,Cibitoke,206.20112674397
2024-08-15,Bujumbura,92.04794337784794
2024-08-15,Gitega,171.42885844487185
2024-08-15,Ngozi,190.35106440233167
2024-08-15,Kayanza,264.3451288507447
2024-08-15,Bururi,191.8231279906348
2024-08-15,Cibitoke,151.16795587316759
2024-08-16,Bujumbura,220.2309152533736
2024-08-16,Gitega,102.73070286069694
2024-08-16,Ngozi,215.82013219601674
2024-08-16,Kayanza,190.7115881752319
2024-08-16,Bururi,193.64821345467814
2024-08-16,Cibitoke,246.40818584796614
2024-08-17,Bujumbura,199.8032866867331
2024-08-17,Gitega,209.56120300545228
2024-08-17,Ngozi,142.34029914905642
2024-08-17,Kayanza,184.14764204769466
2024-08-17,Bururi,155.46414546609873
2024-08-17,Cibitoke,96.87156366342204
2024-08-18,Bujumbura,152.83322247674954
2024-08-18,Gitega,245.01586499662193
2024-08-18,Ngozi,185.30521846842797
2024-08-18,Kayanza,154.7571937910687
2024-08-18,Bururi,203.40238462132513
2024-08-18,Cibitoke,186.2955172256152
2024-08-19,Bujumbura,41.92194816436621
2024-08-19,Gitega,94.30912636896473
2024-08-19,Ngozi,196.82609139109763
2024-08-19,Kayanza,219.89176263604907
2024-08-19,Bururi,223.4202465660287
2024-08-19,Cibitoke,107.49315408624422
2024-08-20,Bujumbura,226.7732658443931
2024-08-20,Gitega,183.3176567783337
2024-08-20,Ngozi,153.57335135856016
2024-08-20,Kayanza,228.34801744655462
2024-08-20,Bururi,101.66374155920805
2024-08-20,Cibitoke,211.91555571016718
2024-08-21,Bujumbura,211.7411427860177
2024-08-21,Gitega,140.73825372255007
2024-08-21,Ngozi,105.81389710401945
2024-08-21,Kayanza,196.54978326381908
2024-08-21,Bururi,178.8788644979062
2024-08-21,Cibitoke,104.59742240432564
2024-08-22,Bujumbura,178.1899803477865
2024-08-22,Gitega,205.9382997586714
2024-08-22,Ngozi,177.7274469115827
2024-08-22,Kayanza,164.64350030324306
2024-08-22,Bururi,186.5953307345742
2024-08-22,Cibitoke,136.63658137902334
2024-08-23,Bujumbura,270.2795739733244
2024-08-23,Gitega,235.1208665607836
2024-08-23,Ngozi,177.9581724127642
2024-08-23,Kayanza,223.39545892074142
2024-08-23,Bururi,184.3060302912059
2024-08-23,Cibitoke,193.23044766530302
2024-08-24,Bujumbura,125.70654123847694
2024-08-24,Gitega,136.61888746291012
2024-08-24,Ngozi,188.4259234513487
2024-08-24,Kayanza,95.1619291409601
2024-08-24,Bururi,144.16198182464157
2024-08-24,Cibitoke,233.46170925476312
2024-08-25,Bujumbura,132.20450212640986
2024-08-25,Gitega,201.8558986339961
2024-08-25,Ngozi,155.94402552746283
2024-08-25,Kayanza,220.07412730696092
2024-08-25,Bururi,294.67794378862584
2024-08-25,Cibitoke,149.8663923826381
2024-08-26,Bujumbura,110.25390026418616
2024-08-26,Gitega,170.1775320302125
2024-08-26,Ngozi,212.18081547894923
2024-08-26,Kayanza,193.8750020735531
2024-08-26,Bururi,182.01760670319953
2024-08-26,Cibitoke,159.0089187614946
2024-08-27,Bujumbura,190.74968052214837
2024-08-27,Gitega,177.71264644416516
2024-08-27,Ngozi,194.5367224941279
2024-08-27,Kayanza,221.5569008516644
2024-08-27,Bururi,289.84049465403393
2024-08-27,Cibitoke,147.93390289458597
2024-08-28,Bujumbura,225.13929807276529
2024-08-28,Gitega,196.13767598827442
2024-08-28,Ngozi,192.81250055931582
2024-08-28,Kayanza,154.10776128636817
2024-08-28,Bururi,139.89339253673836
2024-08-28,Cibitoke,264.6216437850818
2024-08-29,Bujumbura,221.65129023944044
2024-08-29,Gitega,120.32050596310586
2024-08-29,Ngozi,173.3585853272184
2024-08-29,Kayanza,194.6611675406108
2024-08-29,Bururi,170.6945042074736
2024-08-29,Cibitoke,200.28452423384385
2024-08-30,Bujumbura,182.67932192190273
2024-08-30,Gitega,160.83635758977863
2024-08-30,Ngozi,171.22940300074222
2024-08-30,Kayanza,137.4393231612958
2024-08-30,Bururi,91.21664058434455
2024-08-30,Cibitoke,197.81666917139137
2024-08-31,Bujumbura,327.30890860574436
2024-08-31,Gitega,183.3771248362093
2024-08-31,Ngozi,231.68726033498052
2024-08-31,Kayanza,70.39606221559492
2024-08-31,Bururi,152.67650639638038
2024-08-31,Cibitoke,154.4781738876701
2024-09-01,Bujumbura,219.79874410873597
2024-09-01,Gitega,209.14136253508778
2024-09-01,Ngozi,245.4992567839089
2024-09-01,Kayanza,191.33196555233545
2024-09-01,Bururi,194.80258660684382
2024-09-01,Cibitoke,254.48411852513726
2024-09-02,Bujumbura,279.38175773969414
2024-09-02,Gitega,215.40044685662346
2024-09-02,Ngozi,186.75346181467398
2024-09-02,Kayanza,191.9850478729226
2024-09-02,Bururi,207.59135765334617
2024-09-02,Cibitoke,167.5970034918476
2024-09-03,Bujumbura,138.05333354176457
2024-09-03,Gitega,150.2860829918768
2024-09-03,Ngozi,180.82509507661507
2024-09-03,Kayanza,165.20171372885983
2024-09-03,Bururi,215.60488102312394
2024-09-03,Cibitoke,204.23239329344688
2024-09-04,Bujumbura,162.77365297223398
2024-09-04,Gitega,177.9521398881952
2024-09-04,Ngozi,173.6728317045934
2024-09-04,Kayanza,187.78069981563905
2024-09-04,Bururi,151.18585923172458
2024-09-04,Cibitoke,212.22801566806945
2024-09-05,Bujumbura,223.18837004482018
2024-09-05,Gitega,164.28385792101687
2024-09-05,Ngozi,169.02294634312815
2024-09-05,Kayanza,223.65783116703614
2024-09-05,Bururi,227.31406710756977
2024-09-05,Cibitoke,220.09505123192525
2024-09-06,Bujumbura,258.0374508661784
2024-09-06,Gitega,221.44494056126786
2024-09-06,Ngozi,152.8044703483613
2024-09-06,Kayanza,179.94139650956376
2024-09-06,Bururi,170.89712161384787
2024-09-06,Cibitoke,235.6906265513396
2024-09-07,Bujumbura,194.37416896384522
2024-09-07,Gitega,145.07072024228242
2024-09-07,Ngozi,134.18215149777316
2024-09-07,Kayanza,169.59204298523477
2024-09-07,Bururi,246.00684345044297
2024-09-07,Cibitoke,41.54247977219768
2024-09-08,Bujumbura,193.82719554226514
2024-09-08,Gitega,180.7924456624396
2024-09-08,Ngozi,152.5900989296709
2024-09-08,Kayanza,210.90376803731877
2024-09-08,Bururi,165.34801180935264
2024-09-08,Cibitoke,186.92449193124716
2024-09-09,Bujumbura,81.65320868712638
2024-09-09,Gitega,302.088417007878
2024-09-09,Ngozi,206.4599304730465
2024-09-09,Kayanza,123.9673141427636
2024-09-09,Bururi,112.99420535994318
2024-09-09,Cibitoke,157.35668084708408
2024-09-10,Bujumbura,107.28409035697729
2024-09-10,Gitega,125.43524855775141
2024-09-10,Ngozi,183.44601907023946
2024-09-10,Kayanza,186.4275216255359
2024-09-10,Bururi,185.21048299630928
2024-09-10,Cibitoke,121.0621089550111
2024-09-11,Bujumbura,145.16472066452513
2024-09-11,Gitega,170.28895456590791
2024-09-11,Ngozi,119.06546338365871
2024-09-11,Kayanza,190.7709820702769
2024-09-11,Bururi,223.4199324557302
2024-09-11,Cibitoke,206.617586799295
2024-09-12,Bujumbura,159.71065356997073
2024-09-12,Gitega,163.4897955229972
2024-09-12,Ngozi,183.5433922586848
2024-09-12,Kayanza,191.53499302648572
2024-09-12,Bururi,167.07506238019343
2024-09-12,Cibitoke,193.25029968080992
2024-09-13,Bujumbura,284.12493958046446
2024-09-13,Gitega,227.11996193825408
2024-09-13,Ngozi,110.16907050521
2024-09-13,Kayanza,135.72182945245052
2024-09-13,Bururi,94.28106134707235
2024-09-13,Cibitoke,221.67325579260088
2024-09-14,Bujumbura,228.91170072643578
2024-09-14,Gitega,139.38612576414667
2024-09-14,Ngozi,172.61495537285833
2024-09-14,Kayanza,127.37936230036412
2024-09-14,Bururi,162.05980194861223
2024-09-14,Cibitoke,275.4366095979344
2024-09-15,Bujumbura,164.6896209891448
2024-09-15,Gitega,235.4503112829605
2024-09-15,Ngozi,160.19383908375374
2024-09-15,Kayanza,211.84495284653508
2024-09-15,Bururi,116.81635122902975
2024-09-15,Cibitoke,152.4199134584121
2024-09-16,Bujumbura,236.8378359847769
2024-09-16,Gitega,145.83303731543867
2024-09-16,Ngozi,236.18157230804493
2024-09-16,Kayanza,129.00376107006107
2024-09-16,Bururi,187.18882904298601
2024-09-16,Cibitoke,117.33515511437102
2024-09-17,Bujumbura,173.42436534552755
2024-09-17,Gitega,176.9248185310559
2024-09-17,Ngozi,195.229242657857
2024-09-17,Kayanza,197.18796391210986
2024-09-17,Bururi,178.4760693002478
2024-09-17,Cibitoke,157.30099945738465
2024-09-18,Bujumbura,219.18840440211628
2024-09-18,Gitega,109.78871725792226
2024-09-18,Ngozi,261.57348149452764
2024-09-18,Kayanza,212.47921285796596
2024-09-18,Bururi,107.42212113105123
2024-09-18,Cibitoke,155.29913791042833
2024-09-19,Bujumbura,205.19448607081446
2024-09-19,Gitega,254.1195809080792
2024-09-19,Ngozi,121.77643864078672
2024-09-19,Kayanza,173.337217657171
2024-09-19,Bururi,184.75217603644128
2024-09-19,Cibitoke,187.3301289107233
2024-09-20,Bujumbura,188.53398667922318
2024-09-20,Gitega,74.77339852414157
2024-09-20,Ngozi,230.14586656076995
2024-09-20,Kayanza,294.03573901734507
2024-09-20,Bururi,198.6307010333356
2024-09-20,Cibitoke,198.68190231655734
2024-09-21,Bujumbura,95.07816044127624
2024-09-21,Gitega,96.16654238838595
2024-09-21,Ngozi,150.60039485174465
2024-09-21,Kayanza,120.51350408093629
2024-09-21,Bururi,123.62597458679565
2024-09-21,Cibitoke,201.20891070145893
2024-09-22,Bujumbura,209.6593681341449
2024-09-22,Gitega,167.01459510636266
2024-09-22,Ngozi,172.20377877591707
2024-09-22,Kayanza,242.0656096060794
2024-09-22,Bururi,236.70204396319585
2024-09-22,Cibitoke,177.85649035404862
2024-09-23,Bujumbura,137.36843835343024
2024-09-23,Gitega,126.29591493203742
2024-09-23,Ngozi,84.22696785950936
2024-09-23,Kayanza,110.51782687698125
2024-09-23,Bururi,130.89326950378435
2024-09-23,Cibitoke,180.46777853890015
2024-09-24,Bujumbura,125.77233561596324
2024-09-24,Gitega,119.1579743186964
2024-09-24,Ngozi,128.82318492685124
2024-09-24,Kayanza,169.02915668033293
2024-09-24,Bururi,75.29824169035071
2024-09-24,Cibitoke,233.60112561106354
2024-09-25,Bujumbura,146.6774887324667
2024-09-25,Gitega,301.4202947249063
2024-09-25,Ngozi,118.67369895264159
2024-09-25,Kayanza,157.95915030729068
2024-09-25,Bururi,156.6381790138528
2024-09-25,Cibitoke,176.8048792781636
2024-09-26,Bujumbura,226.5820145983466
2024-09-26,Gitega,201.29242180442358
2024-09-26,Ngozi,106.63603814940315
2024-09-26,Kayanza,235.72146838996414
2024-09-26,Bururi,185.046319681821
2024-09-26,Cibitoke,185.04539445728594
2024-09-27,Bujumbura,92.16672263358349
2024-09-27,Gitega,128.3746328444944
2024-09-27,Ngozi,256.07752758816184
2024-09-27,Kayanza,148.63507689642753
2024-09-27,Bururi,175.99601313968225
2024-09-27,Cibitoke,117.21095135061219
2024-09-28,Bujumbura,123.13240174589527
2024-09-28,Gitega,222.35626247368222
2024-09-28,Ngozi,210.68937755853003
2024-09-28,Kayanza,198.82548485971276
2024-09-28,Bururi,152.13643038312108
2024-09-28,Cibitoke,141.0562711503064
2024-09-29,Bujumbura,137.68308930086604
2024-09-29,Gitega,207.44993891739446
2024-09-29,Ngozi,190.08962451484854
2024-09-29,Kayanza,168.3071072991702
2024-09-29,Bururi,282.95424175594184
2024-09-29,Cibitoke,153.22127657010293
2024-09-30,Bujumbura,161.8056165853746
2024-09-30,Gitega,188.86542864004275
2024-09-30,Ngozi,172.70430830897558
2024-09-30,Kayanza,176.0633299288187
2024-09-30,Bururi,200.21695822857626
2024-09-30,Cibitoke,196.60629874421298
2024-10-01,Bujumbura,224.00818135348212
2024-10-01,Gitega,138.5046052477048
2024-10-01,Ngozi,182.7649181892228
2024-10-01,Kayanza,116.55990641494476
2024-10-01,Bururi,184.69653781199983
2024-10-01,Cibitoke,156.95474542154963
2024-10-02,Bujumbura,145.44322999589576
2024-10-02,Gitega,117.86963526822989
2024-10-02,Ngozi,189.88985314278693
2024-10-02,Kayanza,225.16821598779535
2024-10-02,Bururi,143.10324828931135
2024-10-02,Cibitoke,195.75527122241658
2024-10-03,Bujumbura,188.796272790294
2024-10-03,Gitega,159.66617697228853
2024-10-03,Ngozi,134.33734066199617
2024-10-03,Kayanza,132.2212745304855
2024-10-03,Bururi,155.90870545552713
2024-10-03,Cibitoke,142.79132137198695
2024-10-04,Bujumbura,181.73893899533294
2024-10-04,Gitega,121.32137244773277
2024-10-04,Ngozi,129.5459711949705
2024-10-04,Kayanza,225.72988996782595
2024-10-04,Bururi,210.2068112099738
2024-10-04,Cibitoke,141.66442955170686
2024-10-05,Bujumbura,168.55045235292283
2024-10-05,Gitega,221.02954636591954
2024-10-05,Ngozi,229.96157185473618
2024-10-05,Kayanza,248.34208082953296
2024-10-05,Bururi,103.31141102157687
2024-10-05,Cibitoke,93.64641334990972
2024-10-06,Bujumbura,143.30265093077514
2024-10-06,Gitega,234.15826831194568
2024-10-06,Ngozi,90.21616821448553
2024-10-06,Kayanza,201.93062227479695
2024-10-06,Bururi,262.67938631080017
2024-10-06,Cibitoke,110.79576241242881
2024-10-07,Bujumbura,176.59480677743207
2024-10-07,Gitega,83.73088230471912
2024-10-07,Ngozi,117.22810611610164
2024-10-07,Kayanza,159.59941457288264
2024-10-07,Bururi,126.15289957343917
2024-10-07,Cibitoke,131.19531397720445
2024-10-08,Bujumbura,186.88724311296392
2024-10-08,Gitega,205.1379130987891
2024-10-08,Ngozi,191.41686825898466
2024-10-08,Kayanza,205.7641891436088
2024-10-08,Bururi,199.48590475660643
2024-10-08,Cibitoke,234.2338936812148
2024-10-09,Bujumbura,223.76730908719273
2024-10-09,Gitega,52.25112661454105
2024-10-09,Ngozi,187.12427546740412
2024-10-09,Kayanza,160.0943584677912
2024-10-09,Bururi,77.83676175660243
2024-10-09,Cibitoke,131.37047839137423
2024-10-10,Bujumbura,101.50492406970838
2024-10-10,Gitega,210.57018412055618
2024-10-10,Ngozi,139.27377066012042
2024-10-10,Kayanza,212.1818880441702
2024-10-10,Bururi,225.575606804277
2024-10-10,Cibitoke,131.47623793750185
2024-10-11,Bujumbura,204.39719908800146
2024-10-11,Gitega,208.23225600755217
2024-10-11,Ngozi,153.1177068066457
2024-10-11,Kayanza,112.21414795155542
2024-10-11,Bururi,142.7692439389443
2024-10-11,Cibitoke,185.0595364707092
2024-10-12,Bujumbura,147.6413838061387
2024-10-12,Gitega,167.7664454643486
2024-10-12,Ngozi,156.76877983340842
2024-10-12,Kayanza,230.81894838894365
2024-10-12,Bururi,184.43152379105123
2024-10-12,Cibitoke,107.19867904765164
2024-10-13,Bujumbura,166.7174706697414
2024-10-13,Gitega,252.02274645122668
2024-10-13,Ngozi,181.73403539507336
2024-10-13,Kayanza,132.9114730246641
2024-10-13,Bururi,202.83166078506636
2024-10-13,Cibitoke,152.93571199717815
2024-10-14,Bujumbura,295.2986431348116
2024-10-14,Gitega,222.15017817775225
2024-10-14,Ngozi,109.60864034989551
2024-10-14,Kayanza,193.05969858676008
2024-10-14,Bururi,194.56989068753828
2024-10-14,Cibitoke,159.1517524118131
2024-10-15,Bujumbura,162.71508110015978
2024-10-15,Gitega,171.66693064968536
2024-10-15,Ngozi,129.39880663501606
2024-10-15,Kayanza,146.1828782128331
2024-10-15,Bururi,189.67301856418396
2024-10-15,Cibitoke,148.9745244663422
2024-10-16,Bujumbura,184.092994779766
2024-10-16,Gitega,103.77743361681515
2024-10-16,Ngozi,172.41014683973043
2024-10-16,Kayanza,200.21327317489596
2024-10-16,Bururi,215.92983935722077
2024-10-16,Cibitoke,213.08663231880655
2024-10-17,Bujumbura,161.25166947807134
2024-10-17,Gitega,116.03436811201911
2024-10-17,Ngozi,164.90198716892047
2024-10-17,Kayanza,262.8326268862925
2024-10-17,Bururi,133.49141648461412
2024-10-17,Cibitoke,209.24639152996764
2024-10-18,Bujumbura,114.32714966662914
2024-10-18,Gitega,182.37003924579548
2024-10-18,Ngozi,107.27942706335665
2024-10-18,Kayanza,239.17447518545754
2024-10-18,Bururi,238.54451013882095
2024-10-18,Cibitoke,235.4383329591414
2024-10-19,Bujumbura,44.11603175169104
2024-10-19,Gitega,157.85237626747946
2024-10-19,Ngozi,141.56028272861658
2024-10-19,Kayanza,223.49997781019303
2024-10-19,Bururi,253.09025014966284
2024-10-19,Cibitoke,107.73218828661591
2024-10-20,Bujumbura,214.23052438401825
2024-10-20,Gitega,184.96757587644103
2024-10-20,Ngozi,249.0273091987642
2024-10-20,Kayanza,136.22341745322052
2024-10-20,Bururi,110.10805866127345
2024-10-20,Cibitoke,241.41639147783528
2024-10-21,Bujumbura,260.0537121933168
2024-10-21,Gitega,210.41150861624948
2024-10-21,Ngozi,181.28018933034207
2024-10-21,Kayanza,129.0149174507414
2024-10-21,Bururi,181.59168553761123
2024-10-21,Cibitoke,151.1782777475264
2024-10-22,Bujumbura,202.96338175478
2024-10-22,Gitega,113.12810769431326
2024-10-22,Ngozi,194.1175136759739
2024-10-22,Kayanza,129.86976617611455
2024-10-22,Bururi,144.08726109275187
2024-10-22,Cibitoke,169.81510434977915
2024-10-23,Bujumbura,174.7914177129508
2024-10-23,Gitega,181.00910638308355
2024-10-23,Ngozi,76.43357183997824
2024-10-23,Kayanza,170.3355848539201
2024-10-23,Bururi,298.3424679551186
2024-10-23,Cibitoke,72.06605092460435
2024-10-24,Bujumbura,140.03112171155675
2024-10-24,Gitega,169.26349459239987
2024-10-24,Ngozi,235.58816871768664
2024-10-24,Kayanza,130.7882238764571
2024-10-24,Bururi,131.36815905775615
2024-10-24,Cibitoke,203.8155490922693
2024-10-25,Bujumbura,125.52047495732012
2024-10-25,Gitega,150.8219501026745
2024-10-25,Ngozi,229.6437005340848
2024-10-25,Kayanza,166.5870257974826
2024-10-25,Bururi,167.09825672372455
2024-10-25,Cibitoke,195.87015480524948
2024-10-26,Bujumbura,177.01161174474453
2024-10-26,Gitega,135.75289972003446
2024-10-26,Ngozi,214.07654084164687
2024-10-26,Kayanza,253.4925797123821
2024-10-26,Bururi,183.50115469902482
2024-10-26,Cibitoke,228.25810754419476
2024-10-27,Bujumbura,64.5970970462819
2024-10-27,Gitega,163.75294170001578
2024-10-27,Ngozi,132.68365437181825
2024-10-27,Kayanza,126.597547044266
2024-10-27,Bururi,167.17388717473344
2024-10-27,Cibitoke,131.5462090892015
2024-10-28,Bujumbura,111.26267553931439
2024-10-28,Gitega,96.96034795069596
2024-10-28,Ngozi,204.3191075145137
2024-10-28,Kayanza,159.21555768941872
2024-10-28,Bururi,153.95791341293574
2024-10-28,Cibitoke,133.03375166275924
2024-10-29,Bujumbura,118.25675398071095
2024-10-29,Gitega,143.04652373991837
2024-10-29,Ngozi,112.143518065541
2024-10-29,Kayanza,54.183909977228794
2024-10-29,Bururi,210.49937631051722
2024-10-29,Cibitoke,198.513361370462
2024-10-30,Bujumbura,170.19518249514982
2024-10-30,Gitega,198.9748771453893
2024-10-30,Ngozi,159.66615375069978
2024-10-30,Kayanza,92.79096540565274
2024-10-30,Bururi,154.12259221847003
2024-10-30,Cibitoke,117.98894145789122
2024-10-31,Bujumbura,159.36935427240968
2024-10-31,Gitega,170.3378169999646
2024-10-31,Ngozi,306.9011773972538
2024-10-31,Kayanza,224.42675678971293
2024-10-31,Bururi,101.56970104431961
2024-10-31,Cibitoke,197.8073659589435
2024-11-01,Bujumbura,141.92726997395363
2024-11-01,Gitega,168.1847407903951
2024-11-01,Ngozi,119.91140570081104
2024-11-01,Kayanza,232.33783710969345
2024-11-01,Bururi,270.443328180926
2024-11-01,Cibitoke,203.2946185962511
2024-11-02,Bujumbura,188.077093453301
2024-11-02,Gitega,168.22316902185614
2024-11-02,Ngozi,135.5880938880838
2024-11-02,Kayanza,140.95126742954224
2024-11-02,Bururi,191.76857346138942
2024-11-02,Cibitoke,114.74376434404832
2024-11-03,Bujumbura,141.42723347346137
2024-11-03,Gitega,159.01405567994098
2024-11-03,Ngozi,107.03641535938112
2024-11-03,Kayanza,160.936337969554
2024-11-03,Bururi,118.63497644508126
2024-11-03,Cibitoke,188.93833952561735
2024-11-04,Bujumbura,175.08124306092824
2024-11-04,Gitega,136.91538424433006
2024-11-04,Ngozi,218.338807725814
2024-11-04,Kayanza,142.79314645749716
2024-11-04,Bururi,107.53750025846365
2024-11-04,Cibitoke,200.05534082101317
2024-11-05,Bujumbura,133.8019901375382
2024-11-05,Gitega,199.66221111836558
2024-11-05,Ngozi,141.50071536783247
2024-11-05,Kayanza,223.75516481842413
2024-11-05,Bururi,139.61004616031403
2024-11-05,Cibitoke,196.48813805869497
2024-11-06,Bujumbura,115.39602009661274
2024-11-06,Gitega,148.73726797040925
2024-11-06,Ngozi,168.3425619242968
2024-11-06,Kayanza,161.7627642814378
2024-11-06,Bururi,69.7235293564766
2024-11-06,Cibitoke,200.19021020575647
2024-11-07,Bujumbura,186.29948669022744
2024-11-07,Gitega,183.50331000276287
2024-11-07,Ngozi,147.87821781411168
2024-11-07,Kayanza,252.095007632047
2024-11-07,Bururi,149.16207140880124
2024-11-07,Cibitoke,224.0368373797405
2024-11-08,Bujumbura,231.2865200566655
2024-11-08,Gitega,173.6150250933214
2024-11-08,Ngozi,130.80485779016917
2024-11-08,Kayanza,188.3192061720237
2024-11-08,Bururi,112.28254582385063
2024-11-08,Cibitoke,160.72452551598636
2024-11-09,Bujumbura,167.3738549708307
2024-11-09,Gitega,179.20997989586016
2024-11-09,Ngozi,102.23309241467382
2024-11-09,Kayanza,251.80349946709651
2024-11-09,Bururi,193.9406615732807
2024-11-09,Cibitoke,122.31555115164406
2024-11-10,Bujumbura,164.87777331517864
2024-11-10,Gitega,136.91505695494044
2024-11-10,Ngozi,176.37634824921062
2024-11-10,Kayanza,112.59120522408234
2024-11-10,Bururi,247.36621886965963
2024-11-10,Cibitoke,160.08538230996314
2024-11-11,Bujumbura,203.97548488321306
2024-11-11,Gitega,156.68092091847265
2024-11-11,Ngozi,147.47247881847372
2024-11-11,Kayanza,183.87027078256872
2024-11-11,Bururi,119.94350881074706
2024-11-11,Cibitoke,144.97639011162082
2024-11-12,Bujumbura,233.36809016178728
2024-11-12,Gitega,158.90685270283183
2024-11-12,Ngozi,201.9904462314185
2024-11-12,Kayanza,223.10948247339456
2024-11-12,Bururi,141.38499305789344
2024-11-12,Cibitoke,96.38575934804835
2024-11-13,Bujumbura,122.38955293085183
2024-11-13,Gitega,200.43417836098178
2024-11-13,Ngozi,130.87017679203592
2024-11-13,Kayanza,224.16421317571985
2024-11-13,Bururi,141.87653437350204
2024-11-13,Cibitoke,101.05294349376835
2024-11-14,Bujumbura,239.74163841777926
2024-11-14,Gitega,59.30071479937592
2024-11-14,Ngozi,247.65160810914853
2024-11-14,Kayanza,146.4527155759824
2024-11-14,Bururi,117.34435401866668
2024-11-14,Cibitoke,126.17677259890681
2024-11-15,Bujumbura,166.7310882248509
2024-11-15,Gitega,162.78551725033498
2024-11-15,Ngozi,193.7441536879553
2024-11-15,Kayanza,226.94152616129097
2024-11-15,Bururi,70.09231275499069
2024-11-15,Cibitoke,294.94562064968915
2024-11-16,Bujumbura,168.26576596708173
2024-11-16,Gitega,209.50989693738464
2024-11-16,Ngozi,173.96101008376155
2024-11-16,Kayanza,144.1110091500336
2024-11-16,Bururi,258.8237999877315
2024-11-16,Cibitoke,263.9265475822226
2024-11-17,Bujumbura,162.91789211187478
2024-11-17,Gitega,206.0041005078749
2024-11-17,Ngozi,141.76443066411392
2024-11-17,Kayanza,201.0835944069088
2024-11-17,Bururi,265.9557782276964
2024-11-17,Cibitoke,57.379891831505454
2024-11-18,Bujumbura,265.3690478505872
2024-11-18,Gitega,230.1673844521206
2024-11-18,Ngozi,147.74458319827667
2024-11-18,Kayanza,185.8743890284453
2024-11-18,Bururi,216.2318770293936
2024-11-18,Cibitoke,161.89640262952494
2024-11-19,Bujumbura,137.82764459884942
2024-11-19,Gitega,199.56856617424182
2024-11-19,Ngozi,102.48656291398433
2024-11-19,Kayanza,202.05084012990582
2024-11-19,Bururi,208.48663142163525
2024-11-19,Cibitoke,206.888886144614
2024-11-20,Bujumbura,174.20883126705448
2024-11-20,Gitega,196.03212744833027
2024-11-20,Ngozi,104.39888500929831
2024-11-20,Kayanza,208.98530494790037
2024-11-20,Bururi,135.03313538528033
2024-11-20,Cibitoke,152.36151682695436
2024-11-21,Bujumbura,167.97969761921098
2024-11-21,Gitega,200.7220847553691
2024-11-21,Ngozi,151.9567417959552
2024-11-21,Kayanza,94.77128291742962
2024-11-21,Bururi,207.82421951789607
2024-11-21,Cibitoke,268.4365752793849
2024-11-22,Bujumbura,198.92230953570632
2024-11-22,Gitega,245.05300241552507
2024-11-22,Ngozi,200.32347302266712
2024-11-22,Kayanza,199.39826650435006
2024-11-22,Bururi,202.94118275976368
2024-11-22,Cibitoke,87.10164683488165
2024-11-23,Bujumbura,164.2991141746655
2024-11-23,Gitega,192.13232063382623
2024-11-23,Ngozi,221.8110740453542
2024-11-23,Kayanza,221.19840099101935
2024-11-23,Bururi,182.61122528039627
2024-11-23,Cibitoke,155.6015494469686
2024-11-24,Bujumbura,149.13745675677922
2024-11-24,Gitega,230.64039365924106
2024-11-24,Ngozi,165.04276816844595
2024-11-24,Kayanza,154.53390382109745
2024-11-24,Bururi,158.87373659946581
2024-11-24,Cibitoke,194.28779973897088
2024-11-25,Bujumbura,153.80979433184586
2024-11-25,Gitega,215.11395851808734
2024-11-25,Ngozi,281.9386012275324
2024-11-25,Kayanza,182.5351476111411
2024-11-25,Bururi,213.52433641895186
2024-11-25,Cibitoke,238.09946512765714
2024-11-26,Bujumbura,275.9375678438777
2024-11-26,Gitega,159.36798811022172
2024-11-26,Ngozi,152.0209617446706
2024-11-26,Kayanza,236.48002820264432
2024-11-26,Bururi,258.408844692473
2024-11-26,Cibitoke,173.4003099005607
2024-11-27,Bujumbura,198.0057786910291
2024-11-27,Gitega,236.34329945832494
2024-11-27,Ngozi,254.0426935313474
2024-11-27,Kayanza,167.96273574269904
2024-11-27,Bururi,193.42206111670924
2024-11-27,Cibitoke,168.24942020088508
2024-11-28,Bujumbura,216.39582905558274
2024-11-28,Gitega,173.57405368751017
2024-11-28,Ngozi,224.36993212250098
2024-11-28,Kayanza,215.83871578063264
2024-11-28,Bururi,46.55668042252127
2024-11-28,Cibitoke,136.23005120118734
2024-11-29,Bujumbura,188.99666021180352
2024-11-29,Gitega,220.82685043730635
2024-11-29,Ngozi,172.6033157442995
2024-11-29,Kayanza,83.58692885834812
2024-11-29,Bururi,211.77640328635286
2024-11-29,Cibitoke,211.14732902852833
2024-11-30,Bujumbura,161.3428227761335
2024-11-30,Gitega,119.96754056956397
2024-11-30,Ngozi,168.24011036224212
2024-11-30,Kayanza,254.91482103386463
2024-11-30,Bururi,193.70971310361625
2024-11-30,Cibitoke,135.72222975829055
2024-12-01,Bujumbura,200.90273196351708
2024-12-01,Gitega,212.4269954828508
2024-12-01,Ngozi,162.62965557460734
2024-12-01,Kayanza,170.35584340639787
2024-12-01,Bururi,124.68254400361053
2024-12-01,Cibitoke,117.80301334126023
2024-12-02,Bujumbura,171.6434229242195
2024-12-02,Gitega,87.86963507814963
2024-12-02,Ngozi,130.20742026856942
2024-12-02,Kayanza,241.960725004095
2024-12-02,Bururi,121.41346615226985
2024-12-02,Cibitoke,76.86447124041615
2024-12-03,Bujumbura,256.07274615701823
2024-12-03,Gitega,181.1472511680436
2024-12-03,Ngozi,156.40462580829603
2024-12-03,Kayanza,222.31474715191317
2024-12-03,Bururi,109.95099985645345
2024-12-03,Cibitoke,159.86081818343388
2024-12-04,Bujumbura,280.93255129473954
2024-12-04,Gitega,209.37080501784266
2024-12-04,Ngozi,72.0177436194995
2024-12-04,Kayanza,301.7387277932915
2024-12-04,Bururi,185.31614132487573
2024-12-04,Cibitoke,145.20932772972915
2024-12-05,Bujumbura,202.17452205990446
2024-12-05,Gitega,159.37001057598053
2024-12-05,Ngozi,130.65335601116936
2024-12-05,Kayanza,182.77158291340984
2024-12-05,Bururi,215.64993009402204
2024-12-05,Cibitoke,247.868718575238
2024-12-06,Bujumbura,255.65399950943458
2024-12-06,Gitega,212.18315347237376
2024-12-06,Ngozi,105.88743583485429
2024-12-06,Kayanza,142.2229830833097
2024-12-06,Bururi,155.9624746960642
2024-12-06,Cibitoke,151.6143436893633
2024-12-07,Bujumbura,159.0974024026331
2024-12-07,Gitega,208.28698395585818
2024-12-07,Ngozi,155.27647080564125
2024-12-07,Kayanza,126.72157082194906
2024-12-07,Bururi,63.28083385941144
2024-12-07,Cibitoke,133.01981668130833
2024-12-08,Bujumbura,138.80345003269943
2024-12-08,Gitega,132.69351738502144
2024-12-08,Ngozi,157.30327699704247
2024-12-08,Kayanza,136.09713824819883
2024-12-08,Bururi,147.31733716335646
2024-12-08,Cibitoke,110.57578597648883
2024-12-09,Bujumbura,133.20086741640247
2024-12-09,Gitega,185.9316475203135
2024-12-09,Ngozi,167.58266240145863
2024-12-09,Kayanza,145.86125570114308
2024-12-09,Bururi,230.4407193419487
2024-12-09,Cibitoke,261.68491744883903
2024-12-10,Bujumbura,147.09713740628507
2024-12-10,Gitega,80.75968420457978
2024-12-10,Ngozi,263.4602267023167
2024-12-10,Kayanza,154.77007778195915
2024-12-10,Bururi,182.03833543665283
2024-12-10,Cibitoke,206.4900978774298
2024-12-11,Bujumbura,162.47571466568618
2024-12-11,Gitega,205.1600399332284
2024-12-11,Ngozi,136.45528379648832
2024-12-11,Kayanza,213.60658634707724
2024-12-11,Bururi,174.0004698623874
2024-12-11,Cibitoke,198.7472392521627
2024-12-12,Bujumbura,179.57725854481566
2024-12-12,Gitega,209.8419287984343
2024-12-12,Ngozi,179.00010766882858
2024-12-12,Kayanza,184.57136452157334
2024-12-12,Bururi,148.30550551948184
2024-12-12,Cibitoke,233.15714072792446
2024-12-13,Bujumbura,130.8854127167462
2024-12-13,Gitega,149.4202851385151
2024-12-13,Ngozi,281.27666756491163
2024-12-13,Kayanza,228.50776140265788
2024-12-13,Bururi,172.92117160409748
2024-12-13,Cibitoke,239.61460864897612
2024-12-14,Bujumbura,269.00704332048946
2024-12-14,Gitega,189.5134539331416
2024-12-14,Ngozi,177.4748883252034
2024-12-14,Kayanza,241.23779025371843
2024-12-14,Bururi,131.37672999139713
2024-12-14,Cibitoke,235.12183882245924
2024-12-15,Bujumbura,333.4652029759836
2024-12-15,Gitega,141.5145971934427
2024-12-15,Ngozi,270.79877051863394
2024-12-15,Kayanza,165.98745362292684
2024-12-15,Bururi,127.48567355750788
2024-12-15,Cibitoke,231.5638724688995
2024-12-16,Bujumbura,139.13058261921137
2024-12-16,Gitega,121.28030871169072
2024-12-16,Ngozi,195.69528829215156
2024-12-16,Kayanza,216.14996103622852
2024-12-16,Bururi,245.75372241030215
2024-12-16,Cibitoke,174.8636752150493
2024-12-17,Bujumbura,141.74499599014794
2024-12-17,Gitega,180.35523879169054
2024-12-17,Ngozi,167.4033029531061
2024-12-17,Kayanza,157.55528957043055
2024-12-17,Bururi,294.4403921196442
2024-12-17,Cibitoke,174.40356680708584
2024-12-18,Bujumbura,165.68389064348762
2024-12-18,Gitega,145.58095193192923
2024-12-18,Ngozi,201.48114792390376
2024-12-18,Kayanza,189.65791423841915
2024-12-18,Bururi,180.538422591859
2024-12-18,Cibitoke,161.66074182479932
2024-12-19,Bujumbura,170.25998193420594
2024-12-19,Gitega,177.0398141713421
2024-12-19,Ngozi,231.42731632515995
2024-12-19,Kayanza,211.46135388558022
2024-12-19,Bururi,139.62984839614023
2024-12-19,Cibitoke,170.72783236247201
2024-12-20,Bujumbura,140.91956920464347
2024-12-20,Gitega,178.94600921178215
2024-12-20,Ngozi,190.96410120611327
2024-12-20,Kayanza,246.2068796292387
2024-12-20,Bururi,169.58624634814416
2024-12-20,Cibitoke,111.0183621552853
2024-12-21,Bujumbura,183.0402153640384
2024-12-21,Gitega,245.29796630531757
2024-12-21,Ngozi,227.2432640399157
2024-12-21,Kayanza,194.2078414068356
2024-12-21,Bururi,146.56780362477642
2024-12-21,Cibitoke,157.08890004437177
2024-12-22,Bujumbura,125.10485594689456
2024-12-22,Gitega,168.02840722614783
2024-12-22,Ngozi,178.9206240753635
2024-12-22,Kayanza,211.88692108943545
2024-12-22,Bururi,185.07132202318198
2024-12-22,Cibitoke,156.3010398573234
2024-12-23,Bujumbura,221.83512843375013
2024-12-23,Gitega,166.66787390134817
2024-12-23,Ngozi,213.9002667164836
2024-12-23,Kayanza,177.4309607479555
2024-12-23,Bururi,145.0589137374305
2024-12-23,Cibitoke,123.29159766300272
2024-12-24,Bujumbura,217.49001307146864
2024-12-24,Gitega,174.8008465098582
2024-12-24,Ngozi,220.6313290178877
2024-12-24,Kayanza,94.52926542701057
2024-12-24,Bururi,211.94111819817238
2024-12-24,Cibitoke,207.4075185290227
2024-12-25,Bujumbura,160.19663643225712
2024-12-25,Gitega,307.0653103570661
2024-12-25,Ngozi,149.83891588574284
2024-12-25,Kayanza,158.19495876007812
2024-12-25,Bururi,221.44436379728526
2024-12-25,Cibitoke,224.28475012871786
2024-12-26,Bujumbura,162.51801366268373
2024-12-26,Gitega,211.07094867257376
2024-12-26,Ngozi,229.94834587187725
2024-12-26,Kayanza,223.86285612569156
2024-12-26,Bururi,210.56727430704208
2024-12-26,Cibitoke,290.63092584805054
2024-12-27,Bujumbura,194.9567580694104
2024-12-27,Gitega,226.15961850726646
2024-12-27,Ngozi,131.8765195775959
2024-12-27,Kayanza,220.42357216478524
2024-12-27,Bururi,256.5562131221229
2024-12-27,Cibitoke,228.0628931764124
2024-12-28,Bujumbura,216.59704237474122
2024-12-28,Gitega,174.98995431461972
2024-12-28,Ngozi,189.3974731218034
2024-12-28,Kayanza,306.212948758761
2024-12-28,Bururi,185.7858302588135
2024-12-28,Cibitoke,129.8602106439065
2024-12-29,Bujumbura,139.41527611476985
2024-12-29,Gitega,256.5643876587215
2024-12-29,Ngozi,311.79017249841655
2024-12-29,Kayanza,140.22097432501363
2024-12-29,Bururi,202.79052257514962
2024-12-29,Cibitoke,306.9118903735515
2024-12-30,Bujumbura,302.0549961927027
2024-12-30,Gitega,172.6852278442614
2024-12-30,Ngozi,192.67114142921545
2024-12-30,Kayanza,214.82410232565024
2024-12-30,Bururi,212.71518320616386
2024-12-30,Cibitoke,118.31856103201652
2024-12-31,Bujumbura,247.71087607528347
2024-12-31,Gitega,167.7625361661576
2024-12-31,Ngozi,209.36672390695549
2024-12-31,Kayanza,214.00579833783576
2024-12-31,Bururi,125.35501467716546
2024-12-31,Cibitoke,199.5698586428359
