timestamp,province,transaction_volume,transaction_count
2024-01-01,Bujumbura,1321.0185008471308,49
2024-01-01,Gitega,1034.2934317672073,64
2024-01-01,Ngozi,684.7987529190227,58
2024-01-01,Kayanza,705.3466260163857,47
2024-01-01,Bururi,1240.4512962307772,45
2024-01-01,Cibitoke,850.7788853856281,46
2024-01-02,Bujumbura,942.0538601605381,53
2024-01-02,Gitega,1023.0359878862399,53
2024-01-02,Ngozi,966.2147143854698,52
2024-01-02,Kayanza,1039.0342123792898,39
2024-01-02,Bururi,1063.8175885753922,52
2024-01-02,Cibitoke,1080.8420868117857,55
2024-01-03,Bujumbura,1060.988663539297,55
2024-01-03,Gitega,1012.7140884557269,51
2024-01-03,Ngozi,1034.5392915272544,50
2024-01-03,Kayanza,1011.5095997333717,57
2024-01-03,Bururi,953.733218267949,59
2024-01-03,Cibitoke,1027.7340356788545,56
2024-01-04,Bujumbura,1297.5544852699418,51
2024-01-04,Gitega,1314.4735389531584,53
2024-01-04,Ngozi,1053.4951995666574,50
2024-01-04,Kayanza,758.6030098210206,48
2024-01-04,Bururi,1340.4196855598336,45
2024-01-04,Cibitoke,981.1154717797057,60
2024-01-05,Bujumbura,1158.8469008714492,46
2024-01-05,Gitega,1088.9832060067133,39
2024-01-05,Ngozi,710.1018776540626,39
2024-01-05,Kayanza,624.423950384264,37
2024-01-05,Bururi,1088.1704452885895,46
2024-01-05,Cibitoke,1230.0434474003775,51
2024-01-06,Bujumbura,958.3398195420568,53
2024-01-06,Gitega,1313.272484202063,38
2024-01-06,Ngozi,755.6233980856648,42
2024-01-06,Kayanza,1047.9626989961105,51
2024-01-06,Bururi,884.105235170186,56
2024-01-06,Cibitoke,645.7375671259953,58
2024-01-07,Bujumbura,1150.4499709091774,46
2024-01-07,Gitega,964.3254463650782,49
2024-01-07,Ngozi,894.2717685836637,42
2024-01-07,Kayanza,958.8319704668356,52
2024-01-07,Bururi,1215.5502759784563,42
2024-01-07,Cibitoke,1192.6041547653665,50
2024-01-08,Bujumbura,1254.5229764825287,47
2024-01-08,Gitega,971.4069044872883,49
2024-01-08,Ngozi,965.5301025340664,50
2024-01-08,Kayanza,1203.427548500161,48
2024-01-08,Bururi,1631.1483856161533,47
2024-01-08,Cibitoke,1105.2136719143732,60
2024-01-09,Bujumbura,874.0831389657313,44
2024-01-09,Gitega,1015.4020165001849,50
2024-01-09,Ngozi,1067.7164340788229,45
2024-01-09,Kayanza,1247.2311621272102,54
2024-01-09,Bururi,1079.532265079091,50
2024-01-09,Cibitoke,901.5432290127368,49
2024-01-10,Bujumbura,887.6544203983248,55
2024-01-10,Gitega,958.17548488393,52
2024-01-10,Ngozi,1151.8545073454623,47
2024-01-10,Kayanza,897.7013566635408,48
2024-01-10,Bururi,1252.3385764886762,63
2024-01-10,Cibitoke,1119.2803314059504,50
2024-01-11,Bujumbura,940.0076663113339,56
2024-01-11,Gitega,940.3836995071996,48
2024-01-11,Ngozi,846.9048139239954,57
2024-01-11,Kayanza,1138.2043990726336,45
2024-01-11,Bururi,1291.4162755617351,50
2024-01-11,Cibitoke,833.7401196339645,42
2024-01-12,Bujumbura,1118.8472455097383,57
2024-01-12,Gitega,885.8492208232082,46
2024-01-12,Ngozi,1149.1036520467565,59
2024-01-12,Kayanza,712.1869570287786,59
2024-01-12,Bururi,1132.8303643629033,45
2024-01-12,Cibitoke,1134.9412457070684,63
2024-01-13,Bujumbura,1059.8018450496418,56
2024-01-13,Gitega,980.6693533113179,50
2024-01-13,Ngozi,853.7013688120967,53
2024-01-13,Kayanza,809.4057781143597,42
2024-01-13,Bururi,923.7613383604858,48
2024-01-13,Cibitoke,1224.599706382092,35
2024-01-14,Bujumbura,1182.7390940098294,50
2024-01-14,Gitega,847.3772571876705,51
2024-01-14,Ngozi,1173.1439731560931,55
2024-01-14,Kayanza,998.1125137417101,51
2024-01-14,Bururi,1266.520902007315,46
2024-01-14,Cibitoke,1107.5166088576757,41
2024-01-15,Bujumbura,484.71762094637074,46
2024-01-15,Gitega,1055.627221909499,47
2024-01-15,Ngozi,945.3520905575294,49
2024-01-15,Kayanza,790.0956315944429,60
2024-01-15,Bururi,1023.4020010412991,44
2024-01-15,Cibitoke,1138.490703207812,46
2024-01-16,Bujumbura,966.0509548369146,49
2024-01-16,Gitega,855.5776423603228,39
2024-01-16,Ngozi,912.1446343763502,38
2024-01-16,Kayanza,1156.9313509662384,44
2024-01-16,Bururi,1135.6772789001957,45
2024-01-16,Cibitoke,1222.5507996319375,38
2024-01-17,Bujumbura,807.7989184065108,66
2024-01-17,Gitega,1083.9861143628452,52
2024-01-17,Ngozi,1249.4574687192066,41
2024-01-17,Kayanza,937.0157506406404,56
2024-01-17,Bururi,911.230318207916,55
2024-01-17,Cibitoke,710.9528733198333,56
2024-01-18,Bujumbura,853.9162095057752,37
2024-01-18,Gitega,957.3893092957445,60
2024-01-18,Ngozi,1179.5315417661352,45
2024-01-18,Kayanza,1249.969822786825,46
2024-01-18,Bururi,1178.7057700687503,36
2024-01-18,Cibitoke,1151.9947230585976,51
2024-01-19,Bujumbura,1025.2955723592677,45
2024-01-19,Gitega,1036.8687199654169,50
2024-01-19,Ngozi,1090.266834917273,46
2024-01-19,Kayanza,1044.9384194415236,47
2024-01-19,Bururi,1214.5787984938056,55
2024-01-19,Cibitoke,678.9468975220419,55
2024-01-20,Bujumbura,1187.6932697225575,53
2024-01-20,Gitega,921.004189346921,52
2024-01-20,Ngozi,950.6549224355264,40
2024-01-20,Kayanza,1276.2011688713183,49
2024-01-20,Bururi,1129.7860992078097,64
2024-01-20,Cibitoke,715.9904601696215,41
2024-01-21,Bujumbura,1238.944020409026,48
2024-01-21,Gitega,1070.1805997749407,46
2024-01-21,Ngozi,876.4162233277261,45
2024-01-21,Kayanza,1285.361118919015,55
2024-01-21,Bururi,902.7984716956763,49
2024-01-21,Cibitoke,1215.2122127192965,48
2024-01-22,Bujumbura,743.3166790599395,55
2024-01-22,Gitega,928.9767140184631,48
2024-01-22,Ngozi,835.1825530120219,43
2024-01-22,Kayanza,990.7474943695203,45
2024-01-22,Bururi,852.1573720334369,38
2024-01-22,Cibitoke,1233.2082475125187,56
2024-01-23,Bujumbura,1187.5042624089058,51
2024-01-23,Gitega,972.1168587852441,54
2024-01-23,Ngozi,1134.1885626964574,69
2024-01-23,Kayanza,1060.6136058651005,46
2024-01-23,Bururi,1217.7604242277098,55
2024-01-23,Cibitoke,1339.159706892522,42
2024-01-24,Bujumbura,1075.3594387350863,60
2024-01-24,Gitega,1388.3031513992862,49
2024-01-24,Ngozi,1067.5641221748049,48
2024-01-24,Kayanza,1052.6213711048754,49
2024-01-24,Bururi,930.1775257081863,48
2024-01-24,Cibitoke,726.951816795246,38
2024-01-25,Bujumbura,1186.2934569490071,52
2024-01-25,Gitega,1062.8619698860368,41
2024-01-25,Ngozi,897.7984459702634,50
2024-01-25,Kayanza,1098.2848231266273,42
2024-01-25,Bururi,1049.459076249682,52
2024-01-25,Cibitoke,1215.6452423192768,57
2024-01-26,Bujumbura,1085.988175041317,54
2024-01-26,Gitega,1141.325163832869,60
2024-01-26,Ngozi,1307.208678059284,37
2024-01-26,Kayanza,811.6730395365738,67
2024-01-26,Bururi,799.7855757735289,51
2024-01-26,Cibitoke,1034.3793669080942,54
2024-01-27,Bujumbura,1398.0646299756668,54
2024-01-27,Gitega,1065.7618455772997,48
2024-01-27,Ngozi,1198.3873396481313,57
2024-01-27,Kayanza,1189.660716432917,52
2024-01-27,Bururi,1106.2432572672044,53
2024-01-27,Cibitoke,952.5113736813297,50
2024-01-28,Bujumbura,841.2656261913344,46
2024-01-28,Gitega,969.0546679767863,43
2024-01-28,Ngozi,792.7867907759226,52
2024-01-28,Kayanza,977.9685403678577,47
2024-01-28,Bururi,1479.7941840008991,55
2024-01-28,Cibitoke,916.1183766637926,48
2024-01-29,Bujumbura,1106.5416666591511,46
2024-01-29,Gitega,1117.7941471285974,37
2024-01-29,Ngozi,1057.8732864292822,48
2024-01-29,Kayanza,1079.2656898322173,63
2024-01-29,Bururi,1111.9026928084272,56
2024-01-29,Cibitoke,989.0841139438118,40
2024-01-30,Bujumbura,1052.5448054397439,44
2024-01-30,Gitega,1264.1057972992728,46
2024-01-30,Ngozi,978.1917145480888,60
2024-01-30,Kayanza,1026.782393544669,53
2024-01-30,Bururi,834.9963161486754,62
2024-01-30,Cibitoke,1168.1372368931052,40
2024-01-31,Bujumbura,1264.9021281316857,54
2024-01-31,Gitega,1074.8275540445788,65
2024-01-31,Ngozi,892.9405899335173,46
2024-01-31,Kayanza,1239.1469837874424,40
2024-01-31,Bururi,937.1646530081581,31
2024-01-31,Cibitoke,1108.113966739954,63
2024-02-01,Bujumbura,1247.1788680395873,47
2024-02-01,Gitega,1523.3043379111034,52
2024-02-01,Ngozi,994.8811218637815,40
2024-02-01,Kayanza,678.4521238224615,54
2024-02-01,Bururi,1156.9461652400194,45
2024-02-01,Cibitoke,785.455629093856,64
2024-02-02,Bujumbura,964.0381978939464,53
2024-02-02,Gitega,970.7768223298629,45
2024-02-02,Ngozi,887.6643371346199,55
2024-02-02,Kayanza,1120.8524635946815,40
2024-02-02,Bururi,1289.5740482103495,40
2024-02-02,Cibitoke,1007.2236857312699,47
2024-02-03,Bujumbura,895.8849937219385,50
2024-02-03,Gitega,1139.5653883537916,45
2024-02-03,Ngozi,919.3285931985465,51
2024-02-03,Kayanza,1220.3075465826937,43
2024-02-03,Bururi,1229.8101364021531,64
2024-02-03,Cibitoke,945.2703670966915,38
2024-02-04,Bujumbura,1044.1867373453265,57
2024-02-04,Gitega,1099.6363285099578,58
2024-02-04,Ngozi,789.9682730000752,46
2024-02-04,Kayanza,1490.2040732597236,47
2024-02-04,Bururi,1011.3262769947111,45
2024-02-04,Cibitoke,913.6910365925844,49
2024-02-05,Bujumbura,1108.5182204139558,45
2024-02-05,Gitega,1259.1693466684073,53
2024-02-05,Ngozi,1016.4799492852977,53
2024-02-05,Kayanza,1007.6829414099328,48
2024-02-05,Bururi,1171.2243619396108,52
2024-02-05,Cibitoke,1041.6896338239922,46
2024-02-06,Bujumbura,725.5600024262337,35
2024-02-06,Gitega,1200.5103728273605,47
2024-02-06,Ngozi,916.3547787852382,50
2024-02-06,Kayanza,1491.4648122209996,49
2024-02-06,Bururi,1355.701908852355,42
2024-02-06,Cibitoke,724.47698331604,57
2024-02-07,Bujumbura,1258.36467578005,53
2024-02-07,Gitega,1241.9418635095742,46
2024-02-07,Ngozi,1317.2752130552658,46
2024-02-07,Kayanza,1127.8851278977945,46
2024-02-07,Bururi,1060.3085531448237,52
2024-02-07,Cibitoke,1157.4546829810038,57
2024-02-08,Bujumbura,905.9983288177392,46
2024-02-08,Gitega,1150.699980202813,47
2024-02-08,Ngozi,1280.6984447501054,47
2024-02-08,Kayanza,1121.126316216121,56
2024-02-08,Bururi,904.4142371042874,41
2024-02-08,Cibitoke,843.2467857483899,50
2024-02-09,Bujumbura,678.4164248064421,47
2024-02-09,Gitega,1187.8990431809827,45
2024-02-09,Ngozi,1148.6280016156152,39
2024-02-09,Kayanza,1227.5416375045377,54
2024-02-09,Bururi,855.7930578287311,43
2024-02-09,Cibitoke,1141.1524533711292,51
2024-02-10,Bujumbura,1058.8591759712506,48
2024-02-10,Gitega,816.9571928670098,47
2024-02-10,Ngozi,861.0315021173976,51
2024-02-10,Kayanza,940.9790977177349,48
2024-02-10,Bururi,1016.1280712651271,45
2024-02-10,Cibitoke,1326.8531090912875,64
2024-02-11,Bujumbura,859.4991007107662,50
2024-02-11,Gitega,1066.7473251143404,50
2024-02-11,Ngozi,986.685859535997,47
2024-02-11,Kayanza,705.7648946927102,40
2024-02-11,Bururi,1015.8952127171506,52
2024-02-11,Cibitoke,727.5171216019164,57
2024-02-12,Bujumbura,864.8810988202205,42
2024-02-12,Gitega,1143.951471586274,51
2024-02-12,Ngozi,1054.4347226926477,53
2024-02-12,Kayanza,1182.7484356873633,55
2024-02-12,Bururi,1176.893069760979,53
2024-02-12,Cibitoke,1007.7612536985941,58
2024-02-13,Bujumbura,1301.7459346441194,56
2024-02-13,Gitega,1143.680945854049,54
2024-02-13,Ngozi,904.0581511062551,69
2024-02-13,Kayanza,751.0748446570869,60
2024-02-13,Bururi,1051.2545003491653,51
2024-02-13,Cibitoke,1300.5225425373012,50
2024-02-14,Bujumbura,1071.1715180923757,45
2024-02-14,Gitega,1267.5479023090638,50
2024-02-14,Ngozi,1049.838193704055,49
2024-02-14,Kayanza,1030.6526565429028,50
2024-02-14,Bururi,1310.7922143019869,56
2024-02-14,Cibitoke,1161.5298213091573,57
2024-02-15,Bujumbura,1143.765616428696,58
2024-02-15,Gitega,722.3239468799012,62
2024-02-15,Ngozi,1272.7727850125946,55
2024-02-15,Kayanza,1360.6979091688922,47
2024-02-15,Bururi,1119.0650513584183,38
2024-02-15,Cibitoke,1314.9654107291817,57
2024-02-16,Bujumbura,1001.763439073217,61
2024-02-16,Gitega,967.9228258091531,43
2024-02-16,Ngozi,1091.5718362379516,47
2024-02-16,Kayanza,1208.940377991917,45
2024-02-16,Bururi,651.4177430867187,47
2024-02-16,Cibitoke,1163.3414327610963,56
2024-02-17,Bujumbura,1230.5235344810744,39
2024-02-17,Gitega,873.6084971019171,46
2024-02-17,Ngozi,1121.2974735795888,59
2024-02-17,Kayanza,801.9278281965013,58
2024-02-17,Bururi,1082.4134451579368,42
2024-02-17,Cibitoke,1153.539299809954,49
2024-02-18,Bujumbura,1439.5910834278923,58
2024-02-18,Gitega,963.7911069820848,39
2024-02-18,Ngozi,749.7433741569688,52
2024-02-18,Kayanza,1186.5672657637451,44
2024-02-18,Bururi,366.8663140516753,60
2024-02-18,Cibitoke,1132.5236197110644,50
2024-02-19,Bujumbura,807.1626107404381,51
2024-02-19,Gitega,1088.9937938286291,38
2024-02-19,Ngozi,1028.8010748487518,38
2024-02-19,Kayanza,1431.4487627559038,61
2024-02-19,Bururi,875.8270751577891,59
2024-02-19,Cibitoke,1055.4494106371067,49
2024-02-20,Bujumbura,1082.7442472473056,44
2024-02-20,Gitega,1273.2445537606784,46
2024-02-20,Ngozi,1111.058680712014,45
2024-02-20,Kayanza,1064.2156282009144,44
2024-02-20,Bururi,951.768069731788,44
2024-02-20,Cibitoke,1118.531378325075,45
2024-02-21,Bujumbura,1176.7326084959554,49
2024-02-21,Gitega,855.9179121677288,54
2024-02-21,Ngozi,1137.6214686266574,51
2024-02-21,Kayanza,960.8552650681523,69
2024-02-21,Bururi,872.8479065552757,55
2024-02-21,Cibitoke,1380.6733858260197,43
2024-02-22,Bujumbura,1205.6329981967226,43
2024-02-22,Gitega,903.440360057957,44
2024-02-22,Ngozi,1168.08253767902,45
2024-02-22,Kayanza,1159.0804379544372,61
2024-02-22,Bururi,1105.3571675531387,50
2024-02-22,Cibitoke,1114.5065434601345,49
2024-02-23,Bujumbura,1247.1602015953158,62
2024-02-23,Gitega,1025.647510132982,57
2024-02-23,Ngozi,1367.3850019051988,51
2024-02-23,Kayanza,1192.6405818776395,42
2024-02-23,Bururi,1000.3307682971744,52
2024-02-23,Cibitoke,870.2051986807628,50
2024-02-24,Bujumbura,845.4041594065588,51
2024-02-24,Gitega,1484.0344975680432,56
2024-02-24,Ngozi,953.6937250767705,48
2024-02-24,Kayanza,1533.0162359089504,55
2024-02-24,Bururi,864.503767453697,62
2024-02-24,Cibitoke,1106.8419674083157,44
2024-02-25,Bujumbura,1081.2451782218782,57
2024-02-25,Gitega,1054.6350927600743,55
2024-02-25,Ngozi,1192.0720074200976,43
2024-02-25,Kayanza,846.0639474901013,47
2024-02-25,Bururi,1123.9093130513604,58
2024-02-25,Cibitoke,1007.3854147368859,65
2024-02-26,Bujumbura,936.0982653679529,57
2024-02-26,Gitega,1011.8032057765608,46
2024-02-26,Ngozi,738.5241081024358,52
2024-02-26,Kayanza,919.253764793792,47
2024-02-26,Bururi,1034.0851296666394,47
2024-02-26,Cibitoke,1083.1165972182541,52
2024-02-27,Bujumbura,1187.6781072811655,51
2024-02-27,Gitega,779.7601332557373,49
2024-02-27,Ngozi,1027.925213245587,50
2024-02-27,Kayanza,1229.557380406045,46
2024-02-27,Bururi,761.9897273893508,49
2024-02-27,Cibitoke,961.6165276789262,48
2024-02-28,Bujumbura,1602.1492678127304,56
2024-02-28,Gitega,1019.994654865563,60
2024-02-28,Ngozi,964.4670667477465,54
2024-02-28,Kayanza,750.111103960613,56
2024-02-28,Bururi,1289.5890773060876,54
2024-02-28,Cibitoke,1212.2712783001923,48
2024-02-29,Bujumbura,888.4829955758578,42
2024-02-29,Gitega,1272.5177321144497,55
2024-02-29,Ngozi,994.3388043425246,56
2024-02-29,Kayanza,836.5999598604368,46
2024-02-29,Bururi,1042.075297279287,46
2024-02-29,Cibitoke,1034.2942881648728,47
2024-03-01,Bujumbura,1539.090576437753,47
2024-03-01,Gitega,1101.2064388439812,54
2024-03-01,Ngozi,1129.5284005394665,50
2024-03-01,Kayanza,1209.6922461782276,56
2024-03-01,Bururi,1036.3384226285532,41
2024-03-01,Cibitoke,785.6673444603534,46
2024-03-02,Bujumbura,1015.9093469839931,47
2024-03-02,Gitega,940.632062179796,51
2024-03-02,Ngozi,1320.1592238816277,60
2024-03-02,Kayanza,1015.0551991194309,63
2024-03-02,Bururi,932.6367551547687,51
2024-03-02,Cibitoke,1420.5538863127008,45
2024-03-03,Bujumbura,1238.606898467354,55
2024-03-03,Gitega,1016.0584346192734,47
2024-03-03,Ngozi,1036.0932066097357,48
2024-03-03,Kayanza,1133.0309390473813,43
2024-03-03,Bururi,976.2873973706866,47
2024-03-03,Cibitoke,593.9780633253278,49
2024-03-04,Bujumbura,1128.3379158213572,54
2024-03-04,Gitega,1224.503541616877,54
2024-03-04,Ngozi,1108.7640044792345,56
2024-03-04,Kayanza,551.9308520489366,51
2024-03-04,Bururi,1201.9101081535107,51
2024-03-04,Cibitoke,1077.9107426234996,56
2024-03-05,Bujumbura,1141.6396979056558,65
2024-03-05,Gitega,1077.3123695043635,55
2024-03-05,Ngozi,1366.6748603959504,40
2024-03-05,Kayanza,1261.7635146172804,51
2024-03-05,Bururi,1006.1527778331729,51
2024-03-05,Cibitoke,1343.2647383924548,60
2024-03-06,Bujumbura,1077.136611446964,49
2024-03-06,Gitega,1279.8603668773646,56
2024-03-06,Ngozi,1004.2713492618333,45
2024-03-06,Kayanza,1391.7777556751469,58
2024-03-06,Bururi,1311.304631908586,52
2024-03-06,Cibitoke,1138.8738268282973,48
2024-03-07,Bujumbura,1268.4970863966143,47
2024-03-07,Gitega,1074.4948132990162,45
2024-03-07,Ngozi,755.6863545964383,52
2024-03-07,Kayanza,883.1564855784709,49
2024-03-07,Bururi,1134.855811068374,45
2024-03-07,Cibitoke,1191.8044332853149,44
2024-03-08,Bujumbura,1638.8394851409782,51
2024-03-08,Gitega,1004.8507113405373,66
2024-03-08,Ngozi,1168.7486344045642,49
2024-03-08,Kayanza,664.0419902000812,43
2024-03-08,Bururi,1159.7303902638064,53
2024-03-08,Cibitoke,1388.5709789719474,46
2024-03-09,Bujumbura,1084.679548247113,57
2024-03-09,Gitega,1486.3938791935752,45
2024-03-09,Ngozi,1360.026210958255,65
2024-03-09,Kayanza,1088.6635035258469,39
2024-03-09,Bururi,1162.9912452743577,55
2024-03-09,Cibitoke,1167.2721896855298,57
2024-03-10,Bujumbura,1047.8648889625165,43
2024-03-10,Gitega,945.4558516127802,51
2024-03-10,Ngozi,1109.964677257362,40
2024-03-10,Kayanza,1174.6080913412927,53
2024-03-10,Bururi,946.0087321980089,38
2024-03-10,Cibitoke,1248.9489099650925,49
2024-03-11,Bujumbura,1626.1635837647884,57
2024-03-11,Gitega,633.5060979672237,47
2024-03-11,Ngozi,1000.1310612255386,46
2024-03-11,Kayanza,948.3094973091097,41
2024-03-11,Bururi,722.1104834923933,57
2024-03-11,Cibitoke,1173.0387099839245,58
2024-03-12,Bujumbura,978.0809657943709,40
2024-03-12,Gitega,1191.86163923919,50
2024-03-12,Ngozi,1071.5814548358683,40
2024-03-12,Kayanza,966.2970767906627,41
2024-03-12,Bururi,1241.4411823799826,46
2024-03-12,Cibitoke,1257.3127907878632,59
2024-03-13,Bujumbura,1102.834805753962,56
2024-03-13,Gitega,813.3852857509679,46
2024-03-13,Ngozi,1401.0579500258855,68
2024-03-13,Kayanza,1274.2840520718264,52
2024-03-13,Bururi,976.5701109036261,69
2024-03-13,Cibitoke,1327.8022431489296,60
2024-03-14,Bujumbura,1092.7247244006323,45
2024-03-14,Gitega,1290.314259978028,56
2024-03-14,Ngozi,1040.308985382042,58
2024-03-14,Kayanza,1255.1288408101805,51
2024-03-14,Bururi,1097.4812556705033,65
2024-03-14,Cibitoke,989.114867077093,53
2024-03-15,Bujumbura,1394.9190043186138,49
2024-03-15,Gitega,874.7448907091116,51
2024-03-15,Ngozi,1222.7902568781615,57
2024-03-15,Kayanza,1100.163406435721,59
2024-03-15,Bururi,808.10154069551,47
2024-03-15,Cibitoke,955.0692756265252,58
2024-03-16,Bujumbura,1534.332313105018,46
2024-03-16,Gitega,1318.0649231527752,58
2024-03-16,Ngozi,901.7693106861616,56
2024-03-16,Kayanza,1538.1860356988889,53
2024-03-16,Bururi,1164.9557243989834,56
2024-03-16,Cibitoke,945.9681258224116,40
2024-03-17,Bujumbura,1246.8776790285067,54
2024-03-17,Gitega,1274.124265280479,47
2024-03-17,Ngozi,1367.8109965827305,41
2024-03-17,Kayanza,1253.3514888054365,36
2024-03-17,Bururi,563.6489350595197,57
2024-03-17,Cibitoke,1119.5117207460955,47
2024-03-18,Bujumbura,1111.3736365794748,48
2024-03-18,Gitega,1125.7121597459125,49
2024-03-18,Ngozi,1203.2936137287315,40
2024-03-18,Kayanza,856.7748089672295,32
2024-03-18,Bururi,1147.7081119598195,56
2024-03-18,Cibitoke,1193.995991901675,56
2024-03-19,Bujumbura,1017.2723935467418,42
2024-03-19,Gitega,1038.7357271124404,57
2024-03-19,Ngozi,1118.428456927222,65
2024-03-19,Kayanza,1265.502669853714,47
2024-03-19,Bururi,1186.4177948480676,49
2024-03-19,Cibitoke,1234.1774250262943,48
2024-03-20,Bujumbura,1159.228264880729,40
2024-03-20,Gitega,871.5166391372893,45
2024-03-20,Ngozi,1028.839313583199,46
2024-03-20,Kayanza,1324.6467571250128,45
2024-03-20,Bururi,682.354396226202,44
2024-03-20,Cibitoke,990.0436739726404,50
2024-03-21,Bujumbura,1329.1297746991445,49
2024-03-21,Gitega,775.5078888994451,47
2024-03-21,Ngozi,1046.811435836717,46
2024-03-21,Kayanza,1224.6994816841413,44
2024-03-21,Bururi,1268.6185964096962,44
2024-03-21,Cibitoke,1372.187325861318,65
2024-03-22,Bujumbura,1110.1691944246093,58
2024-03-22,Gitega,939.3939205470199,40
2024-03-22,Ngozi,1164.3066383622022,45
2024-03-22,Kayanza,947.2898456479272,49
2024-03-22,Bururi,840.8084121342843,50
2024-03-22,Cibitoke,1181.2860522410717,63
2024-03-23,Bujumbura,686.5283455163105,45
2024-03-23,Gitega,1465.2001615241077,33
2024-03-23,Ngozi,1419.883839838537,56
2024-03-23,Kayanza,1436.6623509284584,49
2024-03-23,Bururi,1128.5794272958078,47
2024-03-23,Cibitoke,1349.719600161445,56
2024-03-24,Bujumbura,763.9934762969933,48
2024-03-24,Gitega,677.5846838805958,32
2024-03-24,Ngozi,1053.7211713384102,53
2024-03-24,Kayanza,896.8911398508617,54
2024-03-24,Bururi,1088.920242911391,42
2024-03-24,Cibitoke,1158.0858035939673,45
2024-03-25,Bujumbura,1000.0490137929695,53
2024-03-25,Gitega,746.8212628914963,48
2024-03-25,Ngozi,891.5738412387266,41
2024-03-25,Kayanza,1231.713355324202,52
2024-03-25,Bururi,1215.8125533618982,41
2024-03-25,Cibitoke,1569.1781489044936,47
2024-03-26,Bujumbura,1008.9116772763869,55
2024-03-26,Gitega,926.7669907923698,47
2024-03-26,Ngozi,994.8706903003218,53
2024-03-26,Kayanza,1210.7423358092628,55
2024-03-26,Bururi,1287.9414814844176,44
2024-03-26,Cibitoke,1250.3418149932602,50
2024-03-27,Bujumbura,1602.9343074851256,64
2024-03-27,Gitega,1241.8522257275129,53
2024-03-27,Ngozi,1087.5496044260797,47
2024-03-27,Kayanza,1194.9025933484209,39
2024-03-27,Bururi,1050.2322770902385,52
2024-03-27,Cibitoke,941.2023979954762,50
2024-03-28,Bujumbura,1328.2240145046894,36
2024-03-28,Gitega,1068.7080663965492,42
2024-03-28,Ngozi,1062.5871359203065,50
2024-03-28,Kayanza,1326.0924043052196,43
2024-03-28,Bururi,975.0820256642803,62
2024-03-28,Cibitoke,1243.191257171294,48
2024-03-29,Bujumbura,1241.3384177292346,57
2024-03-29,Gitega,1163.6137702329327,53
2024-03-29,Ngozi,1291.9750664321855,59
2024-03-29,Kayanza,1282.1142146165944,48
2024-03-29,Bururi,997.1346804385244,45
2024-03-29,Cibitoke,1094.2961329832458,34
2024-03-30,Bujumbura,1195.517813436074,63
2024-03-30,Gitega,710.2703612077712,41
2024-03-30,Ngozi,1227.3480101342016,59
2024-03-30,Kayanza,1252.7650109348804,50
2024-03-30,Bururi,868.9421845755015,33
2024-03-30,Cibitoke,1134.1884873317335,60
2024-03-31,Bujumbura,1899.5770842576958,50
2024-03-31,Gitega,1144.6670454512655,42
2024-03-31,Ngozi,1012.5283260957744,52
2024-03-31,Kayanza,804.4153383710968,55
2024-03-31,Bururi,1434.6595997468087,42
2024-03-31,Cibitoke,900.4920206812712,47
2024-04-01,Bujumbura,917.1205813227101,63
2024-04-01,Gitega,791.2101139299293,66
2024-04-01,Ngozi,1218.7170409440732,45
2024-04-01,Kayanza,727.4635093171557,47
2024-04-01,Bururi,1212.4151914866056,51
2024-04-01,Cibitoke,1271.6644496278022,57
2024-04-02,Bujumbura,925.0445666032284,49
2024-04-02,Gitega,1064.800118723249,53
2024-04-02,Ngozi,1178.2583101660437,51
2024-04-02,Kayanza,1112.8066603478178,56
2024-04-02,Bururi,845.3077333155649,57
2024-04-02,Cibitoke,1018.5199517258084,29
2024-04-03,Bujumbura,699.745158221611,60
2024-04-03,Gitega,1069.6456561027767,45
2024-04-03,Ngozi,568.333226644331,53
2024-04-03,Kayanza,1332.6967094030722,50
2024-04-03,Bururi,1433.4803582067836,55
2024-04-03,Cibitoke,1116.106728559435,61
2024-04-04,Bujumbura,1101.8782993943923,59
2024-04-04,Gitega,772.8584309907035,48
2024-04-04,Ngozi,1086.8497714294456,42
2024-04-04,Kayanza,1074.7948952060508,61
2024-04-04,Bururi,1133.876833328373,56
2024-04-04,Cibitoke,1054.41905791093,31
2024-04-05,Bujumbura,1243.2608182127533,48
2024-04-05,Gitega,1159.509299882577,52
2024-04-05,Ngozi,886.1134888858146,45
2024-04-05,Kayanza,883.086179968926,49
2024-04-05,Bururi,1361.6652855440382,46
2024-04-05,Cibitoke,1123.8540893836614,51
2024-04-06,Bujumbura,1089.6129399777665,32
2024-04-06,Gitega,1342.5438655941616,59
2024-04-06,Ngozi,1033.5371319579538,55
2024-04-06,Kayanza,1092.7618351551673,45
2024-04-06,Bururi,1262.0451712474437,58
2024-04-06,Cibitoke,1051.8849315409398,48
2024-04-07,Bujumbura,1353.56789271371,54
2024-04-07,Gitega,976.4808506327893,48
2024-04-07,Ngozi,1161.0923214699556,47
2024-04-07,Kayanza,1246.1889020997824,47
2024-04-07,Bururi,855.6137122884651,53
2024-04-07,Cibitoke,920.182257621611,50
2024-04-08,Bujumbura,1061.6856588372723,40
2024-04-08,Gitega,1159.498295649765,47
2024-04-08,Ngozi,1134.606643397385,34
2024-04-08,Kayanza,1311.5343459975395,50
2024-04-08,Bururi,1407.218886186021,57
2024-04-08,Cibitoke,1001.4795140355372,59
2024-04-09,Bujumbura,947.0687126569884,63
2024-04-09,Gitega,1187.2475837859924,41
2024-04-09,Ngozi,1504.4959605254685,50
2024-04-09,Kayanza,942.3557304593008,51
2024-04-09,Bururi,1316.9440088574856,45
2024-04-09,Cibitoke,1044.096549943316,57
2024-04-10,Bujumbura,993.8146797868494,46
2024-04-10,Gitega,1499.9820862677527,50
2024-04-10,Ngozi,1122.7710280019521,47
2024-04-10,Kayanza,1027.001625196559,45
2024-04-10,Bururi,1231.9697675933573,55
2024-04-10,Cibitoke,1173.2111640383514,54
2024-04-11,Bujumbura,1160.8566438326977,50
2024-04-11,Gitega,1216.2661022610616,49
2024-04-11,Ngozi,1099.5561423606182,62
2024-04-11,Kayanza,1082.7168232246052,54
2024-04-11,Bururi,1239.9440784477597,44
2024-04-11,Cibitoke,981.9320467087581,49
2024-04-12,Bujumbura,1268.732653562066,40
2024-04-12,Gitega,1187.2883484787267,54
2024-04-12,Ngozi,1264.0967974104153,47
2024-04-12,Kayanza,970.3522028573677,36
2024-04-12,Bururi,1060.6073193998589,52
2024-04-12,Cibitoke,1001.0436504581053,48
2024-04-13,Bujumbura,1191.9642635948749,62
2024-04-13,Gitega,954.6117804263431,54
2024-04-13,Ngozi,1250.922335123545,49
2024-04-13,Kayanza,961.1661568734869,56
2024-04-13,Bururi,1136.3559265709234,55
2024-04-13,Cibitoke,1090.9725780833055,60
2024-04-14,Bujumbura,1177.2822684927878,52
2024-04-14,Gitega,1228.1799005350808,45
2024-04-14,Ngozi,1309.9833753988037,62
2024-04-14,Kayanza,1069.7925765427012,36
2024-04-14,Bururi,1020.3983238503522,42
2024-04-14,Cibitoke,1469.7633328558568,55
2024-04-15,Bujumbura,1239.559140501048,52
2024-04-15,Gitega,1292.9899346740342,51
2024-04-15,Ngozi,817.9668206479586,55
2024-04-15,Kayanza,1295.5637796501424,46
2024-04-15,Bururi,1081.7913889330134,42
2024-04-15,Cibitoke,1044.5252452513073,36
2024-04-16,Bujumbura,1007.7024819751707,58
2024-04-16,Gitega,1371.6270489829571,49
2024-04-16,Ngozi,1363.0501360447258,48
2024-04-16,Kayanza,1196.9198188534583,59
2024-04-16,Bururi,904.1192212867094,45
2024-04-16,Cibitoke,1025.472427317692,37
2024-04-17,Bujumbura,773.585577598365,49
2024-04-17,Gitega,1278.6935051567013,51
2024-04-17,Ngozi,960.8803638420204,50
2024-04-17,Kayanza,1154.0532440077775,51
2024-04-17,Bururi,1138.5454761793103,40
2024-04-17,Cibitoke,1092.2001541531693,50
2024-04-18,Bujumbura,1191.936601289442,55
2024-04-18,Gitega,679.2248366823458,41
2024-04-18,Ngozi,918.8399580788588,46
2024-04-18,Kayanza,1168.661616633409,59
2024-04-18,Bururi,965.9018613150723,57
2024-04-18,Cibitoke,1054.5969591573414,49
2024-04-19,Bujumbura,1280.581762213474,46
2024-04-19,Gitega,1159.8858393923665,44
2024-04-19,Ngozi,1333.4384287619905,47
2024-04-19,Kayanza,1351.0015350871272,53
2024-04-19,Bururi,780.4417935974678,41
2024-04-19,Cibitoke,835.4858061221357,46
2024-04-20,Bujumbura,1031.1624766799168,46
2024-04-20,Gitega,1204.0921470666194,41
2024-04-20,Ngozi,997.9605481800425,48
2024-04-20,Kayanza,1044.5624461111279,63
2024-04-20,Bururi,1240.8550177540733,46
2024-04-20,Cibitoke,1151.6632200156093,58
2024-04-21,Bujumbura,1053.4464783876927,52
2024-04-21,Gitega,963.1647273201487,57
2024-04-21,Ngozi,1461.2535988578977,58
2024-04-21,Kayanza,971.7906344373339,41
2024-04-21,Bururi,1048.4888349140394,47
2024-04-21,Cibitoke,1278.6516976357389,54
2024-04-22,Bujumbura,1507.8897428917003,40
2024-04-22,Gitega,982.0426163411994,45
2024-04-22,Ngozi,1136.1056006777453,56
2024-04-22,Kayanza,1119.83175291643,48
2024-04-22,Bururi,1127.51213010244,45
2024-04-22,Cibitoke,1395.374765238941,47
2024-04-23,Bujumbura,1130.456617413251,57
2024-04-23,Gitega,751.8845059448339,55
2024-04-23,Ngozi,1160.4304394166447,49
2024-04-23,Kayanza,946.7891556531814,56
2024-04-23,Bururi,743.9628131805852,48
2024-04-23,Cibitoke,692.3753748776332,60
2024-04-24,Bujumbura,1229.5156654729285,45
2024-04-24,Gitega,1160.6514718485944,51
2024-04-24,Ngozi,1019.2891915414062,52
2024-04-24,Kayanza,1429.7471559051098,55
2024-04-24,Bururi,1277.7742116845568,48
2024-04-24,Cibitoke,616.6864417380287,54
2024-04-25,Bujumbura,898.3276235117652,45
2024-04-25,Gitega,1100.6498021872308,47
2024-04-25,Ngozi,1144.0941789852243,47
2024-04-25,Kayanza,920.25000576576,49
2024-04-25,Bururi,959.2063663704934,34
2024-04-25,Cibitoke,1369.166920606734,55
2024-04-26,Bujumbura,942.0266783071183,56
2024-04-26,Gitega,1280.957765859967,47
2024-04-26,Ngozi,1129.4411550783059,56
2024-04-26,Kayanza,985.3397169383335,49
2024-04-26,Bururi,1068.2286660160314,44
2024-04-26,Cibitoke,1082.4501541018014,58
2024-04-27,Bujumbura,793.8641472311107,48
2024-04-27,Gitega,1253.2997319003978,46
2024-04-27,Ngozi,988.9343078203523,59
2024-04-27,Kayanza,1121.7260895834734,33
2024-04-27,Bururi,567.7141901245641,48
2024-04-27,Cibitoke,1011.455279179262,56
2024-04-28,Bujumbura,1252.9626046722462,57
2024-04-28,Gitega,915.6322732535555,48
2024-04-28,Ngozi,649.3251740507071,65
2024-04-28,Kayanza,1075.4054798274915,49
2024-04-28,Bururi,1108.6757425695755,38
2024-04-28,Cibitoke,995.1073185641148,53
2024-04-29,Bujumbura,1055.6447565815868,33
2024-04-29,Gitega,1075.0033986922263,53
2024-04-29,Ngozi,889.5120230769733,50
2024-04-29,Kayanza,839.2572433187305,47
2024-04-29,Bururi,1118.1788975014179,45
2024-04-29,Cibitoke,925.3751818233486,47
2024-04-30,Bujumbura,1300.1157031363014,41
2024-04-30,Gitega,1015.9323363473665,56
2024-04-30,Ngozi,617.8331704472332,57
2024-04-30,Kayanza,860.7087497173067,66
2024-04-30,Bururi,1273.8906491697444,57
2024-04-30,Cibitoke,992.8319000742813,54
2024-05-01,Bujumbura,1229.9526448783263,55
2024-05-01,Gitega,1360.7219255196542,49
2024-05-01,Ngozi,1452.544231561969,60
2024-05-01,Kayanza,854.6320073349688,47
2024-05-01,Bururi,1124.2015532548767,55
2024-05-01,Cibitoke,1337.2819024640694,37
2024-05-02,Bujumbura,978.2661543916176,43
2024-05-02,Gitega,770.3134042517389,41
2024-05-02,Ngozi,1131.5236898816813,50
2024-05-02,Kayanza,1239.0225736668797,35
2024-05-02,Bururi,851.1407221966309,46
2024-05-02,Cibitoke,1207.1897122731782,59
2024-05-03,Bujumbura,1215.5603596243996,53
2024-05-03,Gitega,1312.5995666331833,55
2024-05-03,Ngozi,1041.41993380859,36
2024-05-03,Kayanza,1010.6059303460339,44
2024-05-03,Bururi,1002.7930763357462,61
2024-05-03,Cibitoke,923.2708586792065,59
2024-05-04,Bujumbura,1096.3555307539323,57
2024-05-04,Gitega,1280.7432382855993,45
2024-05-04,Ngozi,661.9496573970492,54
2024-05-04,Kayanza,1311.157037694729,43
2024-05-04,Bururi,845.4995828011208,45
2024-05-04,Cibitoke,1302.345182975723,35
2024-05-05,Bujumbura,802.8283894770368,44
2024-05-05,Gitega,682.7298311649051,57
2024-05-05,Ngozi,1166.7353328344927,51
2024-05-05,Kayanza,656.931346751517,48
2024-05-05,Bururi,1201.3866005837024,55
2024-05-05,Cibitoke,798.2245024026986,67
2024-05-06,Bujumbura,1143.4306279213292,45
2024-05-06,Gitega,779.428141568635,57
2024-05-06,Ngozi,1032.2796559268784,57
2024-05-06,Kayanza,1036.93165579803,56
2024-05-06,Bururi,1039.5116151609147,56
2024-05-06,Cibitoke,969.3253627303274,51
2024-05-07,Bujumbura,927.3890736604646,44
2024-05-07,Gitega,1008.1937350333249,59
2024-05-07,Ngozi,1184.9170105300448,37
2024-05-07,Kayanza,823.9828948040872,39
2024-05-07,Bururi,1006.9890179083418,43
2024-05-07,Cibitoke,1454.1536993587383,42
2024-05-08,Bujumbura,743.7307460013245,56
2024-05-08,Gitega,1308.507255356316,59
2024-05-08,Ngozi,963.4802385475899,56
2024-05-08,Kayanza,1080.7351104341142,61
2024-05-08,Bururi,826.0368939556711,48
2024-05-08,Cibitoke,1100.5021596429228,48
2024-05-09,Bujumbura,1069.4550763732796,50
2024-05-09,Gitega,907.1392729927893,63
2024-05-09,Ngozi,804.0603226459921,47
2024-05-09,Kayanza,1052.087363153962,57
2024-05-09,Bururi,778.1241568107449,56
2024-05-09,Cibitoke,1233.5890216568623,58
2024-05-10,Bujumbura,1015.217048099306,39
2024-05-10,Gitega,1104.262781155922,55
2024-05-10,Ngozi,873.0406370539042,48
2024-05-10,Kayanza,957.6870459171264,41
2024-05-10,Bururi,1579.3242224992584,62
2024-05-10,Cibitoke,1177.4265895710248,61
2024-05-11,Bujumbura,1144.074871637539,65
2024-05-11,Gitega,1269.5844151895205,44
2024-05-11,Ngozi,1153.4145895726535,49
2024-05-11,Kayanza,1009.936962975172,48
2024-05-11,Bururi,896.5655246909879,55
2024-05-11,Cibitoke,1018.3892695415574,48
2024-05-12,Bujumbura,917.2450405147155,50
2024-05-12,Gitega,814.8289282584834,33
2024-05-12,Ngozi,890.5143511532013,49
2024-05-12,Kayanza,1026.1590283382095,52
2024-05-12,Bururi,897.3409753186291,44
2024-05-12,Cibitoke,743.3194177651106,42
2024-05-13,Bujumbura,1385.9278594315751,47
2024-05-13,Gitega,1408.4053548266772,46
2024-05-13,Ngozi,1228.5306141741783,47
2024-05-13,Kayanza,988.8429745764462,47
2024-05-13,Bururi,1235.7603199681448,56
2024-05-13,Cibitoke,1278.4875298881661,49
2024-05-14,Bujumbura,1403.2987757544543,51
2024-05-14,Gitega,1126.9052596632143,57
2024-05-14,Ngozi,959.0562984221202,50
2024-05-14,Kayanza,1155.5587608402386,43
2024-05-14,Bururi,809.8934662981648,52
2024-05-14,Cibitoke,1148.037459647869,45
2024-05-15,Bujumbura,1114.4395082444125,51
2024-05-15,Gitega,617.8689253452098,57
2024-05-15,Ngozi,1262.3293037559101,49
2024-05-15,Kayanza,692.8545806077336,57
2024-05-15,Bururi,1231.8387083718558,47
2024-05-15,Cibitoke,1118.0522581795165,47
2024-05-16,Bujumbura,925.5222865666375,36
2024-05-16,Gitega,1167.4352945202004,40
2024-05-16,Ngozi,1093.3790741009716,44
2024-05-16,Kayanza,1195.2110664133,45
2024-05-16,Bururi,1014.5567454298505,49
2024-05-16,Cibitoke,1124.299233285522,59
2024-05-17,Bujumbura,1182.7073700717337,44
2024-05-17,Gitega,1220.4680434578231,53
2024-05-17,Ngozi,1207.1064778004913,53
2024-05-17,Kayanza,611.5992883225352,57
2024-05-17,Bururi,1081.3968064623896,65
2024-05-17,Cibitoke,1016.9898457938302,53
2024-05-18,Bujumbura,1378.4824703536435,48
2024-05-18,Gitega,1016.4476918453106,52
2024-05-18,Ngozi,905.2259911244689,43
2024-05-18,Kayanza,792.366459428728,48
2024-05-18,Bururi,1464.9203223898994,54
2024-05-18,Cibitoke,859.3084544391019,45
2024-05-19,Bujumbura,907.3902577452525,47
2024-05-19,Gitega,1278.4236384967492,43
2024-05-19,Ngozi,798.7480904798381,50
2024-05-19,Kayanza,979.0186061702672,55
2024-05-19,Bururi,980.3135275565552,50
2024-05-19,Cibitoke,739.8826399756308,44
2024-05-20,Bujumbura,1456.0244193857209,53
2024-05-20,Gitega,1145.0218473745747,45
2024-05-20,Ngozi,1086.5237509436595,51
2024-05-20,Kayanza,836.0174858954839,57
2024-05-20,Bururi,944.7997367125168,55
2024-05-20,Cibitoke,1010.3846351103647,40
2024-05-21,Bujumbura,1141.6335096848927,49
2024-05-21,Gitega,853.8757529087757,44
2024-05-21,Ngozi,799.5684362945283,54
2024-05-21,Kayanza,1008.9946898774386,46
2024-05-21,Bururi,1206.4155171251916,54
2024-05-21,Cibitoke,1317.2959852663341,41
2024-05-22,Bujumbura,1195.9299875846073,53
2024-05-22,Gitega,1416.2583707493827,51
2024-05-22,Ngozi,1156.445973685842,37
2024-05-22,Kayanza,733.1560837404998,43
2024-05-22,Bururi,796.6129868830608,51
2024-05-22,Cibitoke,885.6203046007442,48
2024-05-23,Bujumbura,1333.6168911075724,52
2024-05-23,Gitega,1193.6926479777917,34
2024-05-23,Ngozi,1001.3571473579151,38
2024-05-23,Kayanza,1148.095690621762,53
2024-05-23,Bururi,1256.7426115608332,55
2024-05-23,Cibitoke,768.8156017736046,54
2024-05-24,Bujumbura,1305.1354203102424,41
2024-05-24,Gitega,850.6015300612316,51
2024-05-24,Ngozi,684.811942278493,47
2024-05-24,Kayanza,919.5045181320871,44
2024-05-24,Bururi,702.4481219226235,46
2024-05-24,Cibitoke,1241.849434856409,56
2024-05-25,Bujumbura,1011.0902558057804,52
2024-05-25,Gitega,820.5717589885616,35
2024-05-25,Ngozi,1002.5732329679698,60
2024-05-25,Kayanza,1041.1137728052565,53
2024-05-25,Bururi,1041.0571542945124,47
2024-05-25,Cibitoke,819.6472570346024,43
2024-05-26,Bujumbura,1549.843917881745,45
2024-05-26,Gitega,1255.191556490788,54
2024-05-26,Ngozi,1373.2544228042696,56
2024-05-26,Kayanza,828.6425708435618,55
2024-05-26,Bururi,1040.6443911189876,53
2024-05-26,Cibitoke,1155.1375346353543,62
2024-05-27,Bujumbura,1238.2786263205523,50
2024-05-27,Gitega,1032.8222431399115,48
2024-05-27,Ngozi,1070.0925768617471,46
2024-05-27,Kayanza,944.5743221822348,44
2024-05-27,Bururi,765.3933281617966,65
2024-05-27,Cibitoke,953.4067276634943,51
2024-05-28,Bujumbura,910.5325197361772,56
2024-05-28,Gitega,1254.744368904848,55
2024-05-28,Ngozi,846.419812219993,52
2024-05-28,Kayanza,833.2337814876694,44
2024-05-28,Bururi,1185.9629102087988,58
2024-05-28,Cibitoke,1239.2510025572712,36
2024-05-29,Bujumbura,978.7768995259144,39
2024-05-29,Gitega,1275.4337102276031,55
2024-05-29,Ngozi,1363.1893886958521,68
2024-05-29,Kayanza,872.7705051185667,43
2024-05-29,Bururi,803.2818229387088,53
2024-05-29,Cibitoke,1113.4629547222758,51
2024-05-30,Bujumbura,691.0004334147137,40
2024-05-30,Gitega,1382.7077669884598,61
2024-05-30,Ngozi,951.6198291673884,56
2024-05-30,Kayanza,913.2153857842627,55
2024-05-30,Bururi,1198.945682646233,50
2024-05-30,Cibitoke,1100.1810678254826,49
2024-05-31,Bujumbura,1099.6076027255772,44
2024-05-31,Gitega,904.4102591343502,64
2024-05-31,Ngozi,1096.9470727417497,40
2024-05-31,Kayanza,1056.9476881784485,45
2024-05-31,Bururi,877.5545760006736,42
2024-05-31,Cibitoke,533.7817940629216,46
2024-06-01,Bujumbura,1147.9785620775235,66
2024-06-01,Gitega,1092.2242639708527,35
2024-06-01,Ngozi,1220.7329741056335,45
2024-06-01,Kayanza,499.9712971484303,45
2024-06-01,Bururi,851.2691424201712,61
2024-06-01,Cibitoke,1156.9082962152356,52
2024-06-02,Bujumbura,937.1452657072747,56
2024-06-02,Gitega,1321.6708646401066,62
2024-06-02,Ngozi,1045.8363004537389,57
2024-06-02,Kayanza,1179.1038421478931,52
2024-06-02,Bururi,1048.2205941643165,56
2024-06-02,Cibitoke,1016.9911331683724,44
2024-06-03,Bujumbura,1279.0843106089262,45
2024-06-03,Gitega,1489.7737981254882,49
2024-06-03,Ngozi,1160.4129685250598,47
2024-06-03,Kayanza,929.9949289958382,41
2024-06-03,Bururi,675.5615834894937,44
2024-06-03,Cibitoke,1189.0290557936987,48
2024-06-04,Bujumbura,991.2111416492703,46
2024-06-04,Gitega,1272.0362981104258,46
2024-06-04,Ngozi,807.2133257725563,42
2024-06-04,Kayanza,1031.9500029947392,54
2024-06-04,Bururi,1033.687829196329,50
2024-06-04,Cibitoke,783.906821599528,52
2024-06-05,Bujumbura,1138.3820908094485,48
2024-06-05,Gitega,858.6118002092838,45
2024-06-05,Ngozi,920.0124020892912,53
2024-06-05,Kayanza,1108.2884544923866,52
2024-06-05,Bururi,712.3795032125995,51
2024-06-05,Cibitoke,1100.2406187140584,49
2024-06-06,Bujumbura,1249.1476640387732,54
2024-06-06,Gitega,1111.0511395628366,44
2024-06-06,Ngozi,772.6775184879128,53
2024-06-06,Kayanza,1169.382700353252,47
2024-06-06,Bururi,1064.8406842281897,54
2024-06-06,Cibitoke,917.956825265902,38
2024-06-07,Bujumbura,1023.4580071161826,42
2024-06-07,Gitega,1006.5469008922624,49
2024-06-07,Ngozi,892.466660572432,48
2024-06-07,Kayanza,888.0522454351841,50
2024-06-07,Bururi,1314.5850272814614,59
2024-06-07,Cibitoke,1155.2918083208363,54
2024-06-08,Bujumbura,907.8086561592042,52
2024-06-08,Gitega,907.3275769084006,54
2024-06-08,Ngozi,1087.119604658442,57
2024-06-08,Kayanza,1231.247863991547,49
2024-06-08,Bururi,1186.9990177895638,58
2024-06-08,Cibitoke,1102.0132513926212,45
2024-06-09,Bujumbura,1069.464373196184,46
2024-06-09,Gitega,1175.1079773182225,46
2024-06-09,Ngozi,902.2663466141024,52
2024-06-09,Kayanza,1393.3925858520918,52
2024-06-09,Bururi,1277.9725523202092,47
2024-06-09,Cibitoke,945.1494588683405,45
2024-06-10,Bujumbura,1378.6278754541904,44
2024-06-10,Gitega,1129.1804658633534,45
2024-06-10,Ngozi,609.7509806974657,49
2024-06-10,Kayanza,1012.8254255990788,54
2024-06-10,Bururi,367.0252158947734,57
2024-06-10,Cibitoke,1179.4346648307476,48
2024-06-11,Bujumbura,1006.009333001911,37
2024-06-11,Gitega,1111.079613980878,54
2024-06-11,Ngozi,1107.416750090742,43
2024-06-11,Kayanza,1086.434443507881,41
2024-06-11,Bururi,717.9200418975965,42
2024-06-11,Cibitoke,1030.269443981896,44
2024-06-12,Bujumbura,966.5545042617107,44
2024-06-12,Gitega,710.580656781177,60
2024-06-12,Ngozi,760.1921250898577,46
2024-06-12,Kayanza,1104.2279201334886,41
2024-06-12,Bururi,1110.492519756448,50
2024-06-12,Cibitoke,729.6678351333691,51
2024-06-13,Bujumbura,1291.9092907868742,56
2024-06-13,Gitega,1003.5147843992581,54
2024-06-13,Ngozi,1072.2962366294023,41
2024-06-13,Kayanza,807.193412225868,55
2024-06-13,Bururi,1106.7356066124894,41
2024-06-13,Cibitoke,1451.2028021750132,52
2024-06-14,Bujumbura,1154.9810945800505,52
2024-06-14,Gitega,809.3413558140054,42
2024-06-14,Ngozi,958.75404320622,52
2024-06-14,Kayanza,1281.6239694562616,73
2024-06-14,Bururi,828.0752418867747,50
2024-06-14,Cibitoke,887.9167277374437,59
2024-06-15,Bujumbura,1226.5931872209544,54
2024-06-15,Gitega,1320.977636139417,50
2024-06-15,Ngozi,953.557983335743,47
2024-06-15,Kayanza,1600.7514160297026,46
2024-06-15,Bururi,1155.877461100468,41
2024-06-15,Cibitoke,1060.3796569798621,47
2024-06-16,Bujumbura,1284.8743050137477,42
2024-06-16,Gitega,821.3021237937968,48
2024-06-16,Ngozi,931.2474310084509,36
2024-06-16,Kayanza,746.1778616081265,49
2024-06-16,Bururi,855.6771687376754,41
2024-06-16,Cibitoke,1079.2615740477593,58
2024-06-17,Bujumbura,988.7878632149898,44
2024-06-17,Gitega,1180.488115783374,54
2024-06-17,Ngozi,1197.6716116540513,56
2024-06-17,Kayanza,806.8711995901705,52
2024-06-17,Bururi,1136.7895818494105,57
2024-06-17,Cibitoke,1105.5925107589944,44
2024-06-18,Bujumbura,857.2886989680283,46
2024-06-18,Gitega,688.9791579741116,54
2024-06-18,Ngozi,1203.8079805403063,58
2024-06-18,Kayanza,1147.2716826104856,55
2024-06-18,Bururi,923.6083235865772,38
2024-06-18,Cibitoke,812.5825917904886,51
2024-06-19,Bujumbura,1233.0298925731554,59
2024-06-19,Gitega,1048.1953980956991,52
2024-06-19,Ngozi,1152.0116783094081,47
2024-06-19,Kayanza,1113.9174603064885,50
2024-06-19,Bururi,1141.7805735473823,47
2024-06-19,Cibitoke,1364.312015145737,52
2024-06-20,Bujumbura,843.7518829414721,42
2024-06-20,Gitega,942.4312048780632,50
2024-06-20,Ngozi,801.4479682711092,59
2024-06-20,Kayanza,1161.6378141401408,47
2024-06-20,Bururi,847.6555386263001,57
2024-06-20,Cibitoke,766.4948939128252,52
2024-06-21,Bujumbura,952.5826471683949,49
2024-06-21,Gitega,729.6275000810717,46
2024-06-21,Ngozi,836.95371212628,57
2024-06-21,Kayanza,976.5395161165242,43
2024-06-21,Bururi,752.4578995415418,55
2024-06-21,Cibitoke,1020.2590618695507,42
2024-06-22,Bujumbura,902.2659144653238,56
2024-06-22,Gitega,1204.6834419735615,55
2024-06-22,Ngozi,1063.0236741833148,58
2024-06-22,Kayanza,1220.888784245174,59
2024-06-22,Bururi,1284.8479212685372,46
2024-06-22,Cibitoke,878.1146037472472,44
2024-06-23,Bujumbura,1143.9962264949006,45
2024-06-23,Gitega,968.3207418379807,66
2024-06-23,Ngozi,1143.421966649221,49
2024-06-23,Kayanza,854.5320002895413,34
2024-06-23,Bururi,689.8408437955381,43
2024-06-23,Cibitoke,871.4978173707799,51
2024-06-24,Bujumbura,1109.0060612767056,49
2024-06-24,Gitega,1233.4098581103506,57
2024-06-24,Ngozi,967.9231799936503,49
2024-06-24,Kayanza,1006.3189515894645,45
2024-06-24,Bururi,1204.527934333196,51
2024-06-24,Cibitoke,1499.4770570623823,51
2024-06-25,Bujumbura,995.9222092325016,55
2024-06-25,Gitega,1195.3406470684229,49
2024-06-25,Ngozi,705.0228588810913,44
2024-06-25,Kayanza,762.5201611028511,50
2024-06-25,Bururi,1060.8091914558772,54
2024-06-25,Cibitoke,948.8993396901952,46
2024-06-26,Bujumbura,784.3700840657426,64
2024-06-26,Gitega,594.2945820199088,49
2024-06-26,Ngozi,748.0431387088553,48
2024-06-26,Kayanza,1145.1503166878304,56
2024-06-26,Bururi,1082.0973469557937,62
2024-06-26,Cibitoke,1082.7161988935318,53
2024-06-27,Bujumbura,1179.3765877908559,52
2024-06-27,Gitega,1153.2096669296216,44
2024-06-27,Ngozi,874.7357635342165,51
2024-06-27,Kayanza,956.2362920537018,48
2024-06-27,Bururi,1243.0347306481315,46
2024-06-27,Cibitoke,777.8715721897557,49
2024-06-28,Bujumbura,1205.5545067833184,56
2024-06-28,Gitega,813.6597840968127,35
2024-06-28,Ngozi,811.102093854074,47
2024-06-28,Kayanza,1217.024930528667,52
2024-06-28,Bururi,1363.8561793383592,61
2024-06-28,Cibitoke,1296.3151229097791,42
2024-06-29,Bujumbura,1207.2349697176367,47
2024-06-29,Gitega,937.2611028805592,55
2024-06-29,Ngozi,1031.902548678693,43
2024-06-29,Kayanza,1182.2736376680828,48
2024-06-29,Bururi,831.5046580994896,48
2024-06-29,Cibitoke,1288.4784390558123,44
2024-06-30,Bujumbura,893.815272456149,61
2024-06-30,Gitega,1146.4796673538053,63
2024-06-30,Ngozi,972.2084360944986,47
2024-06-30,Kayanza,1140.1979556003407,39
2024-06-30,Bururi,902.2289683946808,31
2024-06-30,Cibitoke,816.7827090131276,61
2024-07-01,Bujumbura,1185.7171497202237,46
2024-07-01,Gitega,1064.2428962441645,52
2024-07-01,Ngozi,832.903064710482,60
2024-07-01,Kayanza,1097.6465422420688,60
2024-07-01,Bururi,922.594265828794,55
2024-07-01,Cibitoke,1110.7802901245923,60
2024-07-02,Bujumbura,1061.4534623839734,53
2024-07-02,Gitega,1122.3928184244874,45
2024-07-02,Ngozi,860.3609143667009,42
2024-07-02,Kayanza,1274.159906201186,44
2024-07-02,Bururi,850.5773131030134,43
2024-07-02,Cibitoke,673.7470959889678,49
2024-07-03,Bujumbura,1176.1120467587732,50
2024-07-03,Gitega,1003.6061109675999,52
2024-07-03,Ngozi,1076.553644231373,56
2024-07-03,Kayanza,924.608057514206,35
2024-07-03,Bururi,1054.1799008075945,33
2024-07-03,Cibitoke,623.7601075594476,54
2024-07-04,Bujumbura,1251.6482153267416,51
2024-07-04,Gitega,866.4964411048925,57
2024-07-04,Ngozi,1129.5377288452328,58
2024-07-04,Kayanza,1043.9273649770205,54
2024-07-04,Bururi,1207.5972552997428,43
2024-07-04,Cibitoke,1224.9794786674622,45
2024-07-05,Bujumbura,1014.4673915717261,59
2024-07-05,Gitega,877.0854172313086,54
2024-07-05,Ngozi,1281.597131418662,49
2024-07-05,Kayanza,958.1125081771141,66
2024-07-05,Bururi,1208.907660769267,38
2024-07-05,Cibitoke,1111.399839755416,48
2024-07-06,Bujumbura,957.56392896789,47
2024-07-06,Gitega,559.4856244895667,56
2024-07-06,Ngozi,939.5411964822838,48
2024-07-06,Kayanza,1159.8011279549178,43
2024-07-06,Bururi,1187.7329428907508,48
2024-07-06,Cibitoke,847.3178075227509,52
2024-07-07,Bujumbura,1225.5859836115098,56
2024-07-07,Gitega,1082.9319869657702,56
2024-07-07,Ngozi,816.6896419688167,47
2024-07-07,Kayanza,1286.4692215482096,50
2024-07-07,Bururi,987.9100937879422,47
2024-07-07,Cibitoke,788.7107003533075,57
2024-07-08,Bujumbura,1141.4601313268158,46
2024-07-08,Gitega,1129.4693629719277,37
2024-07-08,Ngozi,1120.3687861911294,54
2024-07-08,Kayanza,986.1634337935155,49
2024-07-08,Bururi,1100.0044937975927,41
2024-07-08,Cibitoke,1090.8292733074413,38
2024-07-09,Bujumbura,1260.4189219237412,42
2024-07-09,Gitega,1385.4610093365086,53
2024-07-09,Ngozi,1058.1471128832227,51
2024-07-09,Kayanza,930.7163521921116,45
2024-07-09,Bururi,1055.1492202390157,47
2024-07-09,Cibitoke,580.274096269125,34
2024-07-10,Bujumbura,1215.9858682406893,38
2024-07-10,Gitega,1021.4085309999538,50
2024-07-10,Ngozi,947.7535034493642,46
2024-07-10,Kayanza,971.1279239268083,45
2024-07-10,Bururi,1192.333490180696,52
2024-07-10,Cibitoke,1097.723721326762,45
2024-07-11,Bujumbura,1294.2468606910938,54
2024-07-11,Gitega,1083.9335362026588,44
2024-07-11,Ngozi,1367.5069922543885,59
2024-07-11,Kayanza,1272.5298578636748,47
2024-07-11,Bururi,1136.127625516435,45
2024-07-11,Cibitoke,1140.2122298465479,56
2024-07-12,Bujumbura,1224.4527009246558,52
2024-07-12,Gitega,1167.4095980225993,44
2024-07-12,Ngozi,986.0479074775379,42
2024-07-12,Kayanza,699.8712200221531,52
2024-07-12,Bururi,602.0565497919083,61
2024-07-12,Cibitoke,891.5830061976455,45
2024-07-13,Bujumbura,941.22575345559,52
2024-07-13,Gitega,684.9501474872785,44
2024-07-13,Ngozi,968.7169577614216,43
2024-07-13,Kayanza,1028.4048094427721,55
2024-07-13,Bururi,1185.8998173985592,50
2024-07-13,Cibitoke,1098.501259516428,54
2024-07-14,Bujumbura,1211.5818946961858,45
2024-07-14,Gitega,903.9900085597366,64
2024-07-14,Ngozi,1101.9727469647326,43
2024-07-14,Kayanza,937.2214721149209,60
2024-07-14,Bururi,646.0798384580834,53
2024-07-14,Cibitoke,1198.7486307696715,44
2024-07-15,Bujumbura,861.2297412981484,60
2024-07-15,Gitega,1081.5950689100978,43
2024-07-15,Ngozi,949.663470517644,49
2024-07-15,Kayanza,1209.95665296784,47
2024-07-15,Bururi,848.3396660329854,44
2024-07-15,Cibitoke,916.0074108574856,40
2024-07-16,Bujumbura,1026.600618514022,50
2024-07-16,Gitega,715.3939482816725,45
2024-07-16,Ngozi,934.5255568289848,52
2024-07-16,Kayanza,905.5741547184883,41
2024-07-16,Bururi,786.8506643553654,55
2024-07-16,Cibitoke,1399.975695995199,48
2024-07-17,Bujumbura,1215.115326111123,53
2024-07-17,Gitega,845.7780809253242,57
2024-07-17,Ngozi,1245.207270642337,40
2024-07-17,Kayanza,909.6790626786282,46
2024-07-17,Bururi,955.159953649678,51
2024-07-17,Cibitoke,1016.4568980939548,58
2024-07-18,Bujumbura,926.0576259466472,43
2024-07-18,Gitega,973.114833402826,57
2024-07-18,Ngozi,671.9920540920457,58
2024-07-18,Kayanza,502.0055663494128,41
2024-07-18,Bururi,988.2192501066821,42
2024-07-18,Cibitoke,1112.0347015846828,44
2024-07-19,Bujumbura,1043.4935001086446,52
2024-07-19,Gitega,664.0089058149877,50
2024-07-19,Ngozi,848.9513970019992,59
2024-07-19,Kayanza,1057.8915938462735,51
2024-07-19,Bururi,882.3192438176011,40
2024-07-19,Cibitoke,737.7407100859217,54
2024-07-20,Bujumbura,609.5622554298576,52
2024-07-20,Gitega,995.3949196561188,47
2024-07-20,Ngozi,918.5576207560673,49
2024-07-20,Kayanza,766.9814718603939,44
2024-07-20,Bururi,1174.1998189080919,47
2024-07-20,Cibitoke,1231.1901015163248,48
2024-07-21,Bujumbura,817.7994449320474,32
2024-07-21,Gitega,1038.1733536724926,44
2024-07-21,Ngozi,1181.3741376518944,51
2024-07-21,Kayanza,913.098567105587,60
2024-07-21,Bururi,1002.0355293752165,49
2024-07-21,Cibitoke,692.1127865594011,47
2024-07-22,Bujumbura,914.1121491387645,44
2024-07-22,Gitega,1153.5439609733326,54
2024-07-22,Ngozi,913.2181881488541,47
2024-07-22,Kayanza,889.6294892710893,52
2024-07-22,Bururi,1112.284902317503,51
2024-07-22,Cibitoke,1137.8163061597159,60
2024-07-23,Bujumbura,1011.120292079923,70
2024-07-23,Gitega,1085.6899223807125,42
2024-07-23,Ngozi,1030.0352639304801,38
2024-07-23,Kayanza,605.8976521334239,39
2024-07-23,Bururi,961.5606825171951,44
2024-07-23,Cibitoke,947.5072378778681,55
2024-07-24,Bujumbura,1013.7550392513174,37
2024-07-24,Gitega,966.9069344149409,46
2024-07-24,Ngozi,1083.714968070578,41
2024-07-24,Kayanza,483.06515358429186,44
2024-07-24,Bururi,699.4030293266085,51
2024-07-24,Cibitoke,974.393805694921,41
2024-07-25,Bujumbura,913.8655903222921,39
2024-07-25,Gitega,1029.704422514185,60
2024-07-25,Ngozi,865.0405133702942,52
2024-07-25,Kayanza,816.1564072513655,55
2024-07-25,Bururi,922.0462541804031,54
2024-07-25,Cibitoke,1210.7224723714758,36
2024-07-26,Bujumbura,854.2629240212054,52
2024-07-26,Gitega,930.5320575353472,49
2024-07-26,Ngozi,962.2300771381972,50
2024-07-26,Kayanza,1013.5991056844655,44
2024-07-26,Bururi,1231.6435919480139,53
2024-07-26,Cibitoke,1300.677495981031,46
2024-07-27,Bujumbura,1074.0204440296948,49
2024-07-27,Gitega,1053.597693496891,59
2024-07-27,Ngozi,897.6360329224046,54
2024-07-27,Kayanza,670.5297035524999,61
2024-07-27,Bururi,824.5949957813374,45
2024-07-27,Cibitoke,1343.2328190018027,53
2024-07-28,Bujumbura,642.865762606032,48
2024-07-28,Gitega,1167.854694656245,55
2024-07-28,Ngozi,1176.041141005091,49
2024-07-28,Kayanza,1127.152529455797,53
2024-07-28,Bururi,1274.925611590124,57
2024-07-28,Cibitoke,802.4540723147883,52
2024-07-29,Bujumbura,646.0041638896847,53
2024-07-29,Gitega,1206.1667840177622,52
2024-07-29,Ngozi,1022.9040106792778,46
2024-07-29,Kayanza,853.1285372894533,54
2024-07-29,Bururi,996.6689157389934,48
2024-07-29,Cibitoke,887.650293450942,61
2024-07-30,Bujumbura,1013.2455922944696,47
2024-07-30,Gitega,1089.096377656597,44
2024-07-30,Ngozi,1201.2480901248227,39
2024-07-30,Kayanza,982.0744822359504,50
2024-07-30,Bururi,908.8589242799591,49
2024-07-30,Cibitoke,943.2389266860794,44
2024-07-31,Bujumbura,781.9779432631112,37
2024-07-31,Gitega,1243.7874641292071,53
2024-07-31,Ngozi,1356.6912527449858,48
2024-07-31,Kayanza,1083.395554285305,56
2024-07-31,Bururi,525.44024532787,44
2024-07-31,Cibitoke,682.7571901646692,46
2024-08-01,Bujumbura,1143.4727628190394,47
2024-08-01,Gitega,1159.0238097556958,60
2024-08-01,Ngozi,980.8142225397226,40
2024-08-01,Kayanza,973.3185411506422,50
2024-08-01,Bururi,1082.4617221755811,50
2024-08-01,Cibitoke,784.4221148306322,51
2024-08-02,Bujumbura,1015.679881112728,53
2024-08-02,Gitega,1487.4209976714144,38
2024-08-02,Ngozi,931.654325912878,51
2024-08-02,Kayanza,1131.6720772475167,55
2024-08-02,Bururi,611.1076011191822,48
2024-08-02,Cibitoke,1032.9752436299132,43
2024-08-03,Bujumbura,1226.7018639611297,60
2024-08-03,Gitega,1430.7186792016348,46
2024-08-03,Ngozi,809.7145372933533,58
2024-08-03,Kayanza,965.70900896201,64
2024-08-03,Bururi,1227.258275598352,47
2024-08-03,Cibitoke,1123.7763026528132,47
2024-08-04,Bujumbura,806.7280738608682,47
2024-08-04,Gitega,1011.669895458984,33
2024-08-04,Ngozi,1020.6799238070071,57
2024-08-04,Kayanza,1010.750838839776,44
2024-08-04,Bururi,849.2635480759368,49
2024-08-04,Cibitoke,925.2220251069796,44
2024-08-05,Bujumbura,1195.300124758191,49
2024-08-05,Gitega,1142.009064532378,60
2024-08-05,Ngozi,838.4798555352075,42
2024-08-05,Kayanza,1006.6982329043202,58
2024-08-05,Bururi,848.521013016898,44
2024-08-05,Cibitoke,880.8841737563118,40
2024-08-06,Bujumbura,902.7461277822265,48
2024-08-06,Gitega,985.6143127440647,60
2024-08-06,Ngozi,481.097014088563,49
2024-08-06,Kayanza,908.914506922861,49
2024-08-06,Bururi,1389.5199484068742,50
2024-08-06,Cibitoke,614.2591519322694,47
2024-08-07,Bujumbura,1078.053581011811,57
2024-08-07,Gitega,1113.1560928364165,53
2024-08-07,Ngozi,1041.9747587908232,61
2024-08-07,Kayanza,784.6473513142237,50
2024-08-07,Bururi,847.7758921528377,57
2024-08-07,Cibitoke,898.6021195436953,57
2024-08-08,Bujumbura,932.2426672733966,49
2024-08-08,Gitega,912.6412515401221,52
2024-08-08,Ngozi,969.4965494668779,50
2024-08-08,Kayanza,905.29600365291,63
2024-08-08,Bururi,1087.349696883564,61
2024-08-08,Cibitoke,539.3696324012794,49
2024-08-09,Bujumbura,1407.3393468748186,44
2024-08-09,Gitega,984.8852492481412,46
2024-08-09,Ngozi,885.5508786028793,57
2024-08-09,Kayanza,720.428500892462,49
2024-08-09,Bururi,1234.981773974876,44
2024-08-09,Cibitoke,1134.6574955159158,58
2024-08-10,Bujumbura,1109.8422300338082,38
2024-08-10,Gitega,477.8082559304067,41
2024-08-10,Ngozi,1034.2798349298428,65
2024-08-10,Kayanza,849.1472632295984,56
2024-08-10,Bururi,1201.4387008617805,43
2024-08-10,Cibitoke,544.8543225615497,49
2024-08-11,Bujumbura,792.3831622346113,56
2024-08-11,Gitega,679.3210828564729,49
2024-08-11,Ngozi,1248.9767147768266,51
2024-08-11,Kayanza,908.830843117212,44
2024-08-11,Bururi,1062.819743571071,60
2024-08-11,Cibitoke,1064.6034747052752,45
2024-08-12,Bujumbura,1050.7339551201821,46
2024-08-12,Gitega,880.9424230348045,67
2024-08-12,Ngozi,1190.2330241526997,62
2024-08-12,Kayanza,936.7529612879348,46
2024-08-12,Bururi,590.5185777895445,52
2024-08-12,Cibitoke,868.8563785667754,38
2024-08-13,Bujumbura,1099.0679619824004,46
2024-08-13,Gitega,1003.1044868100522,39
2024-08-13,Ngozi,642.0869752561258,56
2024-08-13,Kayanza,694.4728811711065,32
2024-08-13,Bururi,736.5973231430987,60
2024-08-13,Cibitoke,1219.0072439676526,52
2024-08-14,Bujumbura,1129.6135258517427,45
2024-08-14,Gitega,751.39140730184,46
2024-08-14,Ngozi,796.8909584955496,60
2024-08-14,Kayanza,850.6299208468638,53
2024-08-14,Bururi,1054.4337242586225,51
2024-08-14,Cibitoke,872.8546805048037,73
2024-08-15,Bujumbura,991.180553235497,49
2024-08-15,Gitega,689.0981455337138,58
2024-08-15,Ngozi,783.4258933403539,54
2024-08-15,Kayanza,852.7465119754561,45
2024-08-15,Bururi,753.183449831143,57
2024-08-15,Cibitoke,829.1468905278374,50
2024-08-16,Bujumbura,854.8787229323981,44
2024-08-16,Gitega,1021.3992688167205,48
2024-08-16,Ngozi,1043.1459422473888,51
2024-08-16,Kayanza,639.462992411072,49
2024-08-16,Bururi,860.3626241316782,60
2024-08-16,Cibitoke,853.5117595767438,48
2024-08-17,Bujumbura,1021.5334807717189,51
2024-08-17,Gitega,731.6903903261143,63
2024-08-17,Ngozi,1171.1692859709824,53
2024-08-17,Kayanza,1172.100700906677,48
2024-08-17,Bururi,1222.3281841954906,51
2024-08-17,Cibitoke,1446.513413211062,44
2024-08-18,Bujumbura,845.2309663860041,52
2024-08-18,Gitega,1406.1992024487517,48
2024-08-18,Ngozi,654.6868533808248,43
2024-08-18,Kayanza,869.3622611449657,40
2024-08-18,Bururi,940.6330271380192,38
2024-08-18,Cibitoke,1107.8968880057078,52
2024-08-19,Bujumbura,838.5150418778658,44
2024-08-19,Gitega,808.2448547389877,55
2024-08-19,Ngozi,954.967062142876,50
2024-08-19,Kayanza,1210.8742395168256,52
2024-08-19,Bururi,708.7541698941885,44
2024-08-19,Cibitoke,982.2643521321003,55
2024-08-20,Bujumbura,829.1553369890167,43
2024-08-20,Gitega,1444.8938401281257,50
2024-08-20,Ngozi,870.8799892698934,57
2024-08-20,Kayanza,1148.0026691784637,46
2024-08-20,Bururi,394.5996714187744,45
2024-08-20,Cibitoke,844.1232381131838,46
2024-08-21,Bujumbura,935.698991415648,49
2024-08-21,Gitega,756.6025922233287,53
2024-08-21,Ngozi,975.6768421735344,37
2024-08-21,Kayanza,1042.4497215938586,51
2024-08-21,Bururi,855.3881874045335,46
2024-08-21,Cibitoke,1311.5587867949214,42
2024-08-22,Bujumbura,965.4420566183759,45
2024-08-22,Gitega,1224.7383563789194,45
2024-08-22,Ngozi,916.0488624280613,52
2024-08-22,Kayanza,1119.8186237613918,60
2024-08-22,Bururi,859.4025799043244,60
2024-08-22,Cibitoke,499.31571554074975,44
2024-08-23,Bujumbura,609.2564226852079,54
2024-08-23,Gitega,947.1114423725136,50
2024-08-23,Ngozi,583.7980109887682,59
2024-08-23,Kayanza,886.0109835044426,42
2024-08-23,Bururi,985.7762053862688,55
2024-08-23,Cibitoke,784.7581425803525,44
2024-08-24,Bujumbura,994.7093240873248,59
2024-08-24,Gitega,808.4277090350816,54
2024-08-24,Ngozi,760.9424142542455,50
2024-08-24,Kayanza,627.9939143171327,54
2024-08-24,Bururi,1007.3180447849413,52
2024-08-24,Cibitoke,644.4362601718522,51
2024-08-25,Bujumbura,1074.8533773422046,53
2024-08-25,Gitega,843.1290708628279,51
2024-08-25,Ngozi,940.8413461545578,63
2024-08-25,Kayanza,1225.5974440507068,36
2024-08-25,Bururi,1081.120895129693,42
2024-08-25,Cibitoke,1058.299953844921,52
2024-08-26,Bujumbura,752.6210479592866,38
2024-08-26,Gitega,714.4365276225606,54
2024-08-26,Ngozi,647.3425536722439,52
2024-08-26,Kayanza,1151.680673492403,42
2024-08-26,Bururi,558.8538176618579,62
2024-08-26,Cibitoke,768.9323111780925,61
2024-08-27,Bujumbura,663.9560560361404,58
2024-08-27,Gitega,838.5566429775984,48
2024-08-27,Ngozi,787.404684678494,59
2024-08-27,Kayanza,886.3447774081781,50
2024-08-27,Bururi,849.7642286143387,45
2024-08-27,Cibitoke,784.4611173023377,49
2024-08-28,Bujumbura,962.3208016674981,50
2024-08-28,Gitega,912.599432825132,65
2024-08-28,Ngozi,1035.001608796129,36
2024-08-28,Kayanza,1061.1809101598762,46
2024-08-28,Bururi,1124.0719716058943,58
2024-08-28,Cibitoke,633.9496898781221,57
2024-08-29,Bujumbura,1128.1294917345124,51
2024-08-29,Gitega,768.8012708939185,55
2024-08-29,Ngozi,911.3042090578875,39
2024-08-29,Kayanza,634.9384237323574,45
2024-08-29,Bururi,879.0543413522971,56
2024-08-29,Cibitoke,947.1176015331038,58
2024-08-30,Bujumbura,917.6457308134375,55
2024-08-30,Gitega,766.302313133609,44
2024-08-30,Ngozi,979.1619514349187,54
2024-08-30,Kayanza,917.5810085145932,51
2024-08-30,Bururi,773.3077790646719,55
2024-08-30,Cibitoke,1054.5727369377735,44
2024-08-31,Bujumbura,712.8125375890445,48
2024-08-31,Gitega,915.5138735541569,45
2024-08-31,Ngozi,914.549980901207,63
2024-08-31,Kayanza,1137.8983617319727,55
2024-08-31,Bururi,905.6814018313983,55
2024-08-31,Cibitoke,859.0434440686162,53
2024-09-01,Bujumbura,959.8735534897103,37
2024-09-01,Gitega,898.4731458763588,44
2024-09-01,Ngozi,938.0728739421022,36
2024-09-01,Kayanza,1115.0453434599729,49
2024-09-01,Bururi,630.5768231769549,52
2024-09-01,Cibitoke,869.6602230606808,56
2024-09-02,Bujumbura,780.9738534296022,44
2024-09-02,Gitega,1401.6570718251942,41
2024-09-02,Ngozi,838.8187278591377,41
2024-09-02,Kayanza,493.307279279172,67
2024-09-02,Bururi,699.1482290357004,59
2024-09-02,Cibitoke,744.4027001307684,55
2024-09-03,Bujumbura,918.8940745909515,45
2024-09-03,Gitega,1161.9521858090252,43
2024-09-03,Ngozi,720.5247970937346,43
2024-09-03,Kayanza,895.1920064137823,59
2024-09-03,Bururi,828.6333466524642,43
2024-09-03,Cibitoke,1391.65233236968,47
2024-09-04,Bujumbura,539.0098513139773,51
2024-09-04,Gitega,927.5572190648859,49
2024-09-04,Ngozi,1229.6944313176703,36
2024-09-04,Kayanza,885.6069924438486,61
2024-09-04,Bururi,1160.528179881678,49
2024-09-04,Cibitoke,982.3984455326156,46
2024-09-05,Bujumbura,866.7952517021528,38
2024-09-05,Gitega,854.8407035988482,56
2024-09-05,Ngozi,910.700788305016,46
2024-09-05,Kayanza,793.1505998367348,50
2024-09-05,Bururi,1150.2656734163736,54
2024-09-05,Cibitoke,1072.686313875336,61
2024-09-06,Bujumbura,743.5510079734436,53
2024-09-06,Gitega,1086.6005456341097,39
2024-09-06,Ngozi,1069.727827556213,46
2024-09-06,Kayanza,825.6551225293088,44
2024-09-06,Bururi,1242.419016053919,52
2024-09-06,Cibitoke,1146.1696901647208,50
2024-09-07,Bujumbura,368.34115720789373,51
2024-09-07,Gitega,948.1618856037769,46
2024-09-07,Ngozi,663.5222333996,41
2024-09-07,Kayanza,766.9783972941439,45
2024-09-07,Bururi,1028.722925805914,46
2024-09-07,Cibitoke,1125.0912895319732,52
2024-09-08,Bujumbura,1125.2796056716966,62
2024-09-08,Gitega,983.703033261325,48
2024-09-08,Ngozi,532.7894326847713,58
2024-09-08,Kayanza,736.7939257924915,43
2024-09-08,Bururi,633.1559256029494,41
2024-09-08,Cibitoke,686.2561259917545,52
2024-09-09,Bujumbura,818.2148939093582,60
2024-09-09,Gitega,956.2979365968154,51
2024-09-09,Ngozi,650.5934602461016,54
2024-09-09,Kayanza,538.5302095107417,45
2024-09-09,Bururi,1486.153712291076,64
2024-09-09,Cibitoke,1057.9328085603856,50
2024-09-10,Bujumbura,675.9910538823688,49
2024-09-10,Gitega,799.4091398770775,61
2024-09-10,Ngozi,892.7932101595047,35
2024-09-10,Kayanza,797.3150721994921,51
2024-09-10,Bururi,929.581821933594,43
2024-09-10,Cibitoke,515.1154692984849,55
2024-09-11,Bujumbura,747.9086808816678,47
2024-09-11,Gitega,1057.4992263989848,49
2024-09-11,Ngozi,910.5861668700232,46
2024-09-11,Kayanza,808.1354116172267,48
2024-09-11,Bururi,690.7955862349186,51
2024-09-11,Cibitoke,986.8590321636664,49
2024-09-12,Bujumbura,1044.8327940037427,49
2024-09-12,Gitega,854.9171438091945,46
2024-09-12,Ngozi,579.2848032130029,53
2024-09-12,Kayanza,843.884365837054,44
2024-09-12,Bururi,1262.9796571254446,45
2024-09-12,Cibitoke,668.3891912931352,53
2024-09-13,Bujumbura,536.8015615238414,47
2024-09-13,Gitega,723.8899661627231,66
2024-09-13,Ngozi,515.5714308704469,53
2024-09-13,Kayanza,840.8714698678247,38
2024-09-13,Bururi,698.3628673641268,51
2024-09-13,Cibitoke,1167.694371590817,44
2024-09-14,Bujumbura,1220.6759289438446,43
2024-09-14,Gitega,848.3845245017839,48
2024-09-14,Ngozi,926.4163779910537,49
2024-09-14,Kayanza,766.3965298549755,48
2024-09-14,Bururi,985.3037752436951,50
2024-09-14,Cibitoke,1020.4179081945754,42
2024-09-15,Bujumbura,1114.0503859698447,50
2024-09-15,Gitega,1068.004839079634,50
2024-09-15,Ngozi,716.1528775981018,49
2024-09-15,Kayanza,634.1305875159968,55
2024-09-15,Bururi,510.8270949435646,51
2024-09-15,Cibitoke,1226.9922422044226,46
2024-09-16,Bujumbura,824.5817171598339,56
2024-09-16,Gitega,829.2215731463689,43
2024-09-16,Ngozi,995.5767042011431,67
2024-09-16,Kayanza,784.8798574168594,44
2024-09-16,Bururi,623.8089811085378,44
2024-09-16,Cibitoke,615.2810629389616,63
2024-09-17,Bujumbura,1056.5528651576049,45
2024-09-17,Gitega,860.7611031692834,54
2024-09-17,Ngozi,1134.3523958303076,55
2024-09-17,Kayanza,1335.0898031199906,48
2024-09-17,Bururi,1146.3596336623302,54
2024-09-17,Cibitoke,381.5386375392105,38
2024-09-18,Bujumbura,846.6163287608529,40
2024-09-18,Gitega,1005.3862966706838,56
2024-09-18,Ngozi,934.0879982646668,41
2024-09-18,Kayanza,832.52953067878,53
2024-09-18,Bururi,980.3200409293577,46
2024-09-18,Cibitoke,707.7301671185503,52
2024-09-19,Bujumbura,888.7567920072215,33
2024-09-19,Gitega,975.6895982406921,42
2024-09-19,Ngozi,893.2991237336693,51
2024-09-19,Kayanza,945.0174066354494,51
2024-09-19,Bururi,972.2988407216734,41
2024-09-19,Cibitoke,1184.4728033535655,59
2024-09-20,Bujumbura,1103.5273064410487,59
2024-09-20,Gitega,797.8631905160671,62
2024-09-20,Ngozi,1006.8876245477607,74
2024-09-20,Kayanza,1411.620581515879,49
2024-09-20,Bururi,892.3411684479436,51
2024-09-20,Cibitoke,1051.1079213968565,59
2024-09-21,Bujumbura,827.8718670627792,40
2024-09-21,Gitega,751.4476563944785,48
2024-09-21,Ngozi,989.1820602437314,40
2024-09-21,Kayanza,676.114424873295,50
2024-09-21,Bururi,845.3939736679982,52
2024-09-21,Cibitoke,1023.0751901103303,47
2024-09-22,Bujumbura,1275.683224568408,51
2024-09-22,Gitega,1046.8005516695544,73
2024-09-22,Ngozi,517.0728666525359,49
2024-09-22,Kayanza,757.3359348382196,39
2024-09-22,Bururi,386.6217504133423,54
2024-09-22,Cibitoke,1091.35132538694,50
2024-09-23,Bujumbura,997.944842105028,45
2024-09-23,Gitega,687.7219039718543,54
2024-09-23,Ngozi,912.6935836991128,46
2024-09-23,Kayanza,600.9363418526968,54
2024-09-23,Bururi,983.8114617144037,42
2024-09-23,Cibitoke,997.4721040427215,42
2024-09-24,Bujumbura,1342.9120072800554,42
2024-09-24,Gitega,927.8696703280956,53
2024-09-24,Ngozi,846.4393791017808,54
2024-09-24,Kayanza,1195.2325059502211,52
2024-09-24,Bururi,824.9203639098952,68
2024-09-24,Cibitoke,1050.6229509576415,59
2024-09-25,Bujumbura,793.9482963132145,46
2024-09-25,Gitega,1014.7443298182257,46
2024-09-25,Ngozi,1249.150546588651,54
2024-09-25,Kayanza,718.752060147817,52
2024-09-25,Bururi,816.778599445136,43
2024-09-25,Cibitoke,1066.323832958669,45
2024-09-26,Bujumbura,935.6747895674988,48
2024-09-26,Gitega,968.7668800980692,55
2024-09-26,Ngozi,702.134417791564,46
2024-09-26,Kayanza,921.7468191739787,56
2024-09-26,Bururi,493.36421543241573,58
2024-09-26,Cibitoke,450.2885521701268,54
2024-09-27,Bujumbura,851.1995832813241,41
2024-09-27,Gitega,1093.3763402886739,54
2024-09-27,Ngozi,1001.8597095679229,60
2024-09-27,Kayanza,861.7383702294057,45
2024-09-27,Bururi,723.3371258285704,49
2024-09-27,Cibitoke,841.3864587846081,49
2024-09-28,Bujumbura,1369.8765814693863,43
2024-09-28,Gitega,605.9584205676208,53
2024-09-28,Ngozi,957.1152196559526,61
2024-09-28,Kayanza,935.7687883692449,55
2024-09-28,Bururi,460.2133385681709,45
2024-09-28,Cibitoke,948.6439809101178,44
2024-09-29,Bujumbura,736.071017300377,44
2024-09-29,Gitega,1106.7647267825641,50
2024-09-29,Ngozi,1075.3572684781434,48
2024-09-29,Kayanza,949.5042233792653,51
2024-09-29,Bururi,1076.2885140792916,68
2024-09-29,Cibitoke,828.2394872056411,62
2024-09-30,Bujumbura,1125.6384783511112,46
2024-09-30,Gitega,978.1811511683336,40
2024-09-30,Ngozi,732.4833253901352,57
2024-09-30,Kayanza,902.5579529938,65
2024-09-30,Bururi,789.2406684042539,41
2024-09-30,Cibitoke,757.0597410735542,57
2024-10-01,Bujumbura,731.6976404106864,55
2024-10-01,Gitega,1052.852281172719,50
2024-10-01,Ngozi,901.5794511451226,61
2024-10-01,Kayanza,998.0423896896893,65
2024-10-01,Bururi,1112.4828575470908,51
2024-10-01,Cibitoke,865.880885147739,39
2024-10-02,Bujumbura,757.5644358825286,34
2024-10-02,Gitega,750.8224658778395,55
2024-10-02,Ngozi,1187.7325219627671,42
2024-10-02,Kayanza,1022.6506751853078,43
2024-10-02,Bururi,743.9604434730427,51
2024-10-02,Cibitoke,1051.1308169466688,36
2024-10-03,Bujumbura,971.5156892910497,71
2024-10-03,Gitega,1293.389522741126,49
2024-10-03,Ngozi,831.0610428994248,51
2024-10-03,Kayanza,607.4568671639277,50
2024-10-03,Bururi,995.8796015751441,47
2024-10-03,Cibitoke,845.907404815174,58
2024-10-04,Bujumbura,543.501284450656,50
2024-10-04,Gitega,1016.6061130311763,59
2024-10-04,Ngozi,1116.69235601955,57
2024-10-04,Kayanza,256.2437457268112,63
2024-10-04,Bururi,716.0830515416703,54
2024-10-04,Cibitoke,1232.2358519039042,62
2024-10-05,Bujumbura,826.6433076834514,37
2024-10-05,Gitega,803.583928861968,47
2024-10-05,Ngozi,737.2568636027114,49
2024-10-05,Kayanza,706.4780202596348,50
2024-10-05,Bururi,848.0320423730739,40
2024-10-05,Cibitoke,898.6797992064091,48
2024-10-06,Bujumbura,1165.5242580470276,51
2024-10-06,Gitega,1014.5813011875193,41
2024-10-06,Ngozi,855.2165898373871,43
2024-10-06,Kayanza,1000.4393350439882,55
2024-10-06,Bururi,729.5417383396909,49
2024-10-06,Cibitoke,950.992214758779,49
2024-10-07,Bujumbura,677.3189819185754,51
2024-10-07,Gitega,1165.5956561637495,41
2024-10-07,Ngozi,768.2487249181958,46
2024-10-07,Kayanza,1300.3508147871692,55
2024-10-07,Bururi,692.1777368428794,46
2024-10-07,Cibitoke,949.8152743717549,51
2024-10-08,Bujumbura,522.0225724965886,57
2024-10-08,Gitega,1239.4704190007853,39
2024-10-08,Ngozi,1000.3237022449596,51
2024-10-08,Kayanza,585.7341541523454,46
2024-10-08,Bururi,762.0398485409878,62
2024-10-08,Cibitoke,951.9871036426473,62
2024-10-09,Bujumbura,1241.4901751602117,50
2024-10-09,Gitega,1303.3761360015008,49
2024-10-09,Ngozi,1276.057196572416,58
2024-10-09,Kayanza,1086.5108931124807,42
2024-10-09,Bururi,779.5988254119147,55
2024-10-09,Cibitoke,693.6573918469285,56
2024-10-10,Bujumbura,764.0884026369138,46
2024-10-10,Gitega,888.7261368968117,46
2024-10-10,Ngozi,935.0734902077079,52
2024-10-10,Kayanza,1215.1303027945467,48
2024-10-10,Bururi,851.320506575619,57
2024-10-10,Cibitoke,1056.2101351944111,56
2024-10-11,Bujumbura,1049.8265607390974,63
2024-10-11,Gitega,918.650263932511,49
2024-10-11,Ngozi,901.1816587696248,43
2024-10-11,Kayanza,945.8823994003176,48
2024-10-11,Bururi,881.2495841976233,49
2024-10-11,Cibitoke,664.806614506256,42
2024-10-12,Bujumbura,1105.9428702187363,66
2024-10-12,Gitega,612.7137627541629,55
2024-10-12,Ngozi,877.5869833767672,51
2024-10-12,Kayanza,1204.222179690782,56
2024-10-12,Bururi,968.5456449018274,57
2024-10-12,Cibitoke,1014.2763595328685,51
2024-10-13,Bujumbura,877.656898282542,46
2024-10-13,Gitega,762.2144040012697,54
2024-10-13,Ngozi,969.2827901446071,54
2024-10-13,Kayanza,956.8645945991441,51
2024-10-13,Bururi,905.4161076604757,47
2024-10-13,Cibitoke,750.4041139797155,47
2024-10-14,Bujumbura,948.677514727142,50
2024-10-14,Gitega,1190.344617265118,44
2024-10-14,Ngozi,801.7742511426353,58
2024-10-14,Kayanza,970.2795678540718,60
2024-10-14,Bururi,1116.6478841505673,45
2024-10-14,Cibitoke,1152.6888288804203,50
2024-10-15,Bujumbura,549.843164581135,44
2024-10-15,Gitega,501.7345356566266,47
2024-10-15,Ngozi,737.6620613930207,48
2024-10-15,Kayanza,839.4029806680842,46
2024-10-15,Bururi,1120.3948627800432,30
2024-10-15,Cibitoke,826.91181473231,50
2024-10-16,Bujumbura,1070.5894074451494,43
2024-10-16,Gitega,748.6050578698095,57
2024-10-16,Ngozi,1163.66211916054,52
2024-10-16,Kayanza,919.9923830476827,51
2024-10-16,Bururi,640.3120792735759,43
2024-10-16,Cibitoke,979.2294548443527,55
2024-10-17,Bujumbura,472.92741385420027,51
2024-10-17,Gitega,816.5820667219086,54
2024-10-17,Ngozi,1076.5369652496704,35
2024-10-17,Kayanza,934.7075134603892,55
2024-10-17,Bururi,968.4047804101408,52
2024-10-17,Cibitoke,968.4731483715652,48
2024-10-18,Bujumbura,815.2569219107505,44
2024-10-18,Gitega,1014.4058484001865,43
2024-10-18,Ngozi,848.6767773721276,57
2024-10-18,Kayanza,831.1778626033253,50
2024-10-18,Bururi,903.8185573354606,48
2024-10-18,Cibitoke,1424.87365126529,51
2024-10-19,Bujumbura,1068.8212971937508,59
2024-10-19,Gitega,910.0278734227545,52
2024-10-19,Ngozi,1129.682235228383,45
2024-10-19,Kayanza,552.5455591557183,46
2024-10-19,Bururi,903.6393376988698,58
2024-10-19,Cibitoke,666.7065490112437,44
2024-10-20,Bujumbura,1182.0798908127945,41
2024-10-20,Gitega,796.9082655909035,55
2024-10-20,Ngozi,928.0264967868989,36
2024-10-20,Kayanza,1296.4126651100053,52
2024-10-20,Bururi,792.8821505769929,43
2024-10-20,Cibitoke,1166.4793084490557,34
2024-10-21,Bujumbura,825.6606986308045,39
2024-10-21,Gitega,1093.5842298974242,46
2024-10-21,Ngozi,829.2068979321083,41
2024-10-21,Kayanza,941.5231987327348,42
2024-10-21,Bururi,778.2479165659544,54
2024-10-21,Cibitoke,825.4768457838138,45
2024-10-22,Bujumbura,1180.4874102430344,41
2024-10-22,Gitega,1248.156770361848,51
2024-10-22,Ngozi,1236.0337581970978,38
2024-10-22,Kayanza,753.873350385112,51
2024-10-22,Bururi,821.1547873003149,46
2024-10-22,Cibitoke,883.8534976169967,55
2024-10-23,Bujumbura,1213.0962215412512,47
2024-10-23,Gitega,848.2559948295285,46
2024-10-23,Ngozi,862.3828559845842,48
2024-10-23,Kayanza,861.3138305820671,54
2024-10-23,Bururi,922.2612545543583,50
2024-10-23,Cibitoke,1265.7879901801466,53
2024-10-24,Bujumbura,1277.8900005093162,60
2024-10-24,Gitega,909.9139310764542,61
2024-10-24,Ngozi,796.1646806750528,48
2024-10-24,Kayanza,938.6889844387697,41
2024-10-24,Bururi,603.8427902793746,66
2024-10-24,Cibitoke,755.7821260542864,48
2024-10-25,Bujumbura,799.0037690929977,39
2024-10-25,Gitega,762.7077522212977,46
2024-10-25,Ngozi,1102.4958912660557,50
2024-10-25,Kayanza,639.8284202887847,59
2024-10-25,Bururi,1081.4319661861557,62
2024-10-25,Cibitoke,1194.2379807537202,38
2024-10-26,Bujumbura,1260.1507725823787,45
2024-10-26,Gitega,837.8095339498956,42
2024-10-26,Ngozi,1019.5702546285688,55
2024-10-26,Kayanza,479.35064537596355,54
2024-10-26,Bururi,482.8286597522986,50
2024-10-26,Cibitoke,995.9125869662132,48
2024-10-27,Bujumbura,1234.6640441444029,51
2024-10-27,Gitega,1104.8001938199436,45
2024-10-27,Ngozi,1010.52073093293,53
2024-10-27,Kayanza,805.0854120845759,55
2024-10-27,Bururi,915.8883355397645,66
2024-10-27,Cibitoke,947.132181163007,46
2024-10-28,Bujumbura,740.8469398068282,43
2024-10-28,Gitega,924.6219572032089,48
2024-10-28,Ngozi,932.5487072203088,46
2024-10-28,Kayanza,683.7747614261007,57
2024-10-28,Bururi,536.726726366966,62
2024-10-28,Cibitoke,823.6426566854552,56
2024-10-29,Bujumbura,1033.557386059312,46
2024-10-29,Gitega,559.5562810560087,45
2024-10-29,Ngozi,928.2038399403831,52
2024-10-29,Kayanza,758.7391667661796,52
2024-10-29,Bururi,851.8879812901212,43
2024-10-29,Cibitoke,752.9403162488054,51
2024-10-30,Bujumbura,1035.5563010730846,55
2024-10-30,Gitega,1049.9843689465533,51
2024-10-30,Ngozi,770.2592277006448,55
2024-10-30,Kayanza,829.555365824558,60
2024-10-30,Bururi,1177.011622582906,57
2024-10-30,Cibitoke,985.8429905538783,55
2024-10-31,Bujumbura,859.1059366298592,55
2024-10-31,Gitega,939.3110085557665,62
2024-10-31,Ngozi,943.1390398574566,57
2024-10-31,Kayanza,793.1994835537361,44
2024-10-31,Bururi,811.2930140732411,44
2024-10-31,Cibitoke,920.48060150101,45
2024-11-01,Bujumbura,922.8843951416974,49
2024-11-01,Gitega,636.8129761565922,53
2024-11-01,Ngozi,922.6223149786653,42
2024-11-01,Kayanza,992.4168295914227,53
2024-11-01,Bururi,705.3511761014757,51
2024-11-01,Cibitoke,1214.4998784965032,61
2024-11-02,Bujumbura,974.6520162398407,51
2024-11-02,Gitega,700.8165407307057,55
2024-11-02,Ngozi,1093.237626868245,53
2024-11-02,Kayanza,738.4482699212886,58
2024-11-02,Bururi,1113.6267931824577,50
2024-11-02,Cibitoke,775.1893105389219,48
2024-11-03,Bujumbura,875.5987293635054,45
2024-11-03,Gitega,864.4163970537586,51
2024-11-03,Ngozi,921.8832432757237,42
2024-11-03,Kayanza,1265.1040334007528,37
2024-11-03,Bururi,950.0206246925363,50
2024-11-03,Cibitoke,738.5662995059117,46
2024-11-04,Bujumbura,917.6462444895374,47
2024-11-04,Gitega,870.2262779641192,50
2024-11-04,Ngozi,1108.4931880379713,39
2024-11-04,Kayanza,780.3701005176191,50
2024-11-04,Bururi,998.9467861609184,56
2024-11-04,Cibitoke,1106.7663388427316,59
2024-11-05,Bujumbura,1475.4619107225637,50
2024-11-05,Gitega,672.2505822896235,51
2024-11-05,Ngozi,1141.0691299865905,40
2024-11-05,Kayanza,763.038453611281,49
2024-11-05,Bururi,895.007917386906,46
2024-11-05,Cibitoke,974.9666308983544,49
2024-11-06,Bujumbura,1360.992144030885,48
2024-11-06,Gitega,1116.0967228351892,56
2024-11-06,Ngozi,783.1563216774218,50
2024-11-06,Kayanza,1050.499510152288,43
2024-11-06,Bururi,1049.6822518985527,46
2024-11-06,Cibitoke,1191.252543292137,57
2024-11-07,Bujumbura,871.1122935321006,39
2024-11-07,Gitega,445.64388228824333,49
2024-11-07,Ngozi,949.3795557180146,55
2024-11-07,Kayanza,1080.7888096522597,45
2024-11-07,Bururi,845.191070283837,42
2024-11-07,Cibitoke,485.3104569129104,56
2024-11-08,Bujumbura,1048.3412057533228,51
2024-11-08,Gitega,845.5994132355405,37
2024-11-08,Ngozi,586.2902797731012,40
2024-11-08,Kayanza,1145.0996204508795,48
2024-11-08,Bururi,970.5600205225744,35
2024-11-08,Cibitoke,1214.417288640526,48
2024-11-09,Bujumbura,968.3637117517783,49
2024-11-09,Gitega,964.4605529133019,49
2024-11-09,Ngozi,554.0721836893435,46
2024-11-09,Kayanza,1260.2415880914825,39
2024-11-09,Bururi,1131.2644815821664,46
2024-11-09,Cibitoke,1054.8197794279342,53
2024-11-10,Bujumbura,926.5057784096716,49
2024-11-10,Gitega,810.3251188476952,46
2024-11-10,Ngozi,1077.1825040452527,66
2024-11-10,Kayanza,707.707711844784,53
2024-11-10,Bururi,648.1619071269272,48
2024-11-10,Cibitoke,881.5639471749146,47
2024-11-11,Bujumbura,527.3951705537906,48
2024-11-11,Gitega,835.329717618521,44
2024-11-11,Ngozi,893.497801484358,47
2024-11-11,Kayanza,750.0537867729258,51
2024-11-11,Bururi,1317.4141873239175,54
2024-11-11,Cibitoke,1027.4017477154925,38
2024-11-12,Bujumbura,992.2623201411216,39
2024-11-12,Gitega,706.9054758189543,49
2024-11-12,Ngozi,844.4997974499654,50
2024-11-12,Kayanza,843.0682271064347,39
2024-11-12,Bururi,808.5224279789257,55
2024-11-12,Cibitoke,709.2514788457353,43
2024-11-13,Bujumbura,792.0944090986115,38
2024-11-13,Gitega,802.1945927587524,54
2024-11-13,Ngozi,994.8450317547051,49
2024-11-13,Kayanza,564.8010264873534,57
2024-11-13,Bururi,1109.4920543209075,46
2024-11-13,Cibitoke,864.2806736246789,53
2024-11-14,Bujumbura,819.7428712628445,36
2024-11-14,Gitega,1202.7964607776123,49
2024-11-14,Ngozi,865.6661028468817,59
2024-11-14,Kayanza,1187.8250281771025,52
2024-11-14,Bururi,932.6909106753732,54
2024-11-14,Cibitoke,842.2534392657153,53
2024-11-15,Bujumbura,1213.06745447074,43
2024-11-15,Gitega,613.2711896201906,49
2024-11-15,Ngozi,882.5897490739733,54
2024-11-15,Kayanza,830.6960703337943,53
2024-11-15,Bururi,1154.478824439798,54
2024-11-15,Cibitoke,1081.5735699142683,59
2024-11-16,Bujumbura,854.5324591960982,55
2024-11-16,Gitega,807.1945453587655,65
2024-11-16,Ngozi,852.886669444374,47
2024-11-16,Kayanza,838.7337096608079,55
2024-11-16,Bururi,1283.3203210758804,44
2024-11-16,Cibitoke,1225.514459626884,45
2024-11-17,Bujumbura,876.8996698040776,52
2024-11-17,Gitega,629.7017251875968,51
2024-11-17,Ngozi,1109.2924591175704,45
2024-11-17,Kayanza,1337.1294023811813,51
2024-11-17,Bururi,933.4678096110715,50
2024-11-17,Cibitoke,1055.1956640348988,52
2024-11-18,Bujumbura,1104.6752063122055,59
2024-11-18,Gitega,935.7142723728032,49
2024-11-18,Ngozi,1239.6582121811784,47
2024-11-18,Kayanza,930.9221417678285,47
2024-11-18,Bururi,902.3444295363968,45
2024-11-18,Cibitoke,1269.814561950518,57
2024-11-19,Bujumbura,1135.8128366741355,53
2024-11-19,Gitega,606.3898792784142,52
2024-11-19,Ngozi,902.8425690484736,43
2024-11-19,Kayanza,874.6210805971388,47
2024-11-19,Bururi,1154.2268659587235,51
2024-11-19,Cibitoke,1314.7696750762634,46
2024-11-20,Bujumbura,706.2425585608655,44
2024-11-20,Gitega,1036.460957490692,48
2024-11-20,Ngozi,931.0465906084189,43
2024-11-20,Kayanza,1066.7109386003242,48
2024-11-20,Bururi,947.4475390518628,44
2024-11-20,Cibitoke,742.8296754583923,59
2024-11-21,Bujumbura,677.3591497743354,67
2024-11-21,Gitega,1264.217151429728,55
2024-11-21,Ngozi,842.225994092413,42
2024-11-21,Kayanza,981.3845791385273,50
2024-11-21,Bururi,865.1215048839371,61
2024-11-21,Cibitoke,649.0584595005181,50
2024-11-22,Bujumbura,799.3071112878421,49
2024-11-22,Gitega,1146.3784558324262,45
2024-11-22,Ngozi,873.988250334232,54
2024-11-22,Kayanza,1064.3230652328386,67
2024-11-22,Bururi,1199.6910327215303,47
2024-11-22,Cibitoke,757.5420526767773,56
2024-11-23,Bujumbura,565.4882142965375,53
2024-11-23,Gitega,820.4250638871845,49
2024-11-23,Ngozi,791.6423584909887,46
2024-11-23,Kayanza,797.6119696532772,56
2024-11-23,Bururi,568.0589224063298,44
2024-11-23,Cibitoke,1137.5866858883808,40
2024-11-24,Bujumbura,1004.242238347159,57
2024-11-24,Gitega,1193.8380756953716,48
2024-11-24,Ngozi,711.3392904562509,50
2024-11-24,Kayanza,1229.5664043161912,45
2024-11-24,Bururi,736.8117141502951,59
2024-11-24,Cibitoke,1104.2095538845788,58
2024-11-25,Bujumbura,1101.4367849921837,49
2024-11-25,Gitega,1021.192783147841,61
2024-11-25,Ngozi,745.7915719237818,52
2024-11-25,Kayanza,1080.2780731269117,53
2024-11-25,Bururi,1084.463729485987,54
2024-11-25,Cibitoke,1202.49979910707,47
2024-11-26,Bujumbura,763.2070202597589,54
2024-11-26,Gitega,813.816115241266,42
2024-11-26,Ngozi,956.2106178598094,61
2024-11-26,Kayanza,1048.8574244525723,63
2024-11-26,Bururi,1154.40940046882,51
2024-11-26,Cibitoke,681.4657248302359,67
2024-11-27,Bujumbura,1261.8432794718144,50
2024-11-27,Gitega,1029.7403688442084,50
2024-11-27,Ngozi,1061.7740636856913,44
2024-11-27,Kayanza,862.9777163789811,66
2024-11-27,Bururi,1206.922221141325,50
2024-11-27,Cibitoke,1008.5830627903538,59
2024-11-28,Bujumbura,1178.3853054623291,44
2024-11-28,Gitega,698.3609046066307,54
2024-11-28,Ngozi,1270.8543223265297,38
2024-11-28,Kayanza,841.9852926820051,56
2024-11-28,Bururi,1062.6762033988653,46
2024-11-28,Cibitoke,1004.9638700757009,39
2024-11-29,Bujumbura,1352.9021324168546,44
2024-11-29,Gitega,720.5955717906554,62
2024-11-29,Ngozi,953.9992418849596,45
2024-11-29,Kayanza,1391.8022791119333,64
2024-11-29,Bururi,1267.5150820997094,55
2024-11-29,Cibitoke,1018.5623140433793,49
2024-11-30,Bujumbura,861.2853699570861,57
2024-11-30,Gitega,721.2915264351271,54
2024-11-30,Ngozi,554.9161362370974,52
2024-11-30,Kayanza,952.2329771716301,51
2024-11-30,Bururi,829.5395238646611,47
2024-11-30,Cibitoke,829.9004723913905,46
2024-12-01,Bujumbura,888.3659662336835,43
2024-12-01,Gitega,818.7068677274826,54
2024-12-01,Ngozi,1236.8462122608564,35
2024-12-01,Kayanza,1077.9064784343636,36
2024-12-01,Bururi,1058.929837007074,53
2024-12-01,Cibitoke,754.4031598159521,49
2024-12-02,Bujumbura,874.2722905547892,44
2024-12-02,Gitega,638.7458009530437,41
2024-12-02,Ngozi,883.8398510804429,37
2024-12-02,Kayanza,937.8440861836033,61
2024-12-02,Bururi,957.5587286286759,46
2024-12-02,Cibitoke,758.2534909985139,60
2024-12-03,Bujumbura,1132.4459335094095,44
2024-12-03,Gitega,698.0129939845336,52
2024-12-03,Ngozi,824.4172583653321,54
2024-12-03,Kayanza,591.5914306889912,51
2024-12-03,Bururi,957.6658960673612,52
2024-12-03,Cibitoke,1157.8284767304417,45
2024-12-04,Bujumbura,934.3078724502809,41
2024-12-04,Gitega,1075.8280897865982,55
2024-12-04,Ngozi,1155.1583856606105,51
2024-12-04,Kayanza,844.7470155622179,62
2024-12-04,Bururi,1069.9605967163575,41
2024-12-04,Cibitoke,778.4335760284318,52
2024-12-05,Bujumbura,1230.743339784158,51
2024-12-05,Gitega,1161.4543749809407,51
2024-12-05,Ngozi,905.7249478988373,53
2024-12-05,Kayanza,910.4293928521612,41
2024-12-05,Bururi,848.521604268424,48
2024-12-05,Cibitoke,1213.7523351609716,51
2024-12-06,Bujumbura,749.0558237506484,38
2024-12-06,Gitega,1088.9849759770855,57
2024-12-06,Ngozi,941.8593438928899,52
2024-12-06,Kayanza,1241.4677361137544,53
2024-12-06,Bururi,876.2996855802421,59
2024-12-06,Cibitoke,1058.2720453520353,51
2024-12-07,Bujumbura,966.1204526195627,55
2024-12-07,Gitega,564.2720058052048,34
2024-12-07,Ngozi,1307.2237011877955,35
2024-12-07,Kayanza,968.9616640169622,58
2024-12-07,Bururi,1099.900102624573,44
2024-12-07,Cibitoke,861.9820358409222,45
2024-12-08,Bujumbura,719.4006200658185,51
2024-12-08,Gitega,1273.110418352306,61
2024-12-08,Ngozi,812.124499710966,51
2024-12-08,Kayanza,827.5572869470076,49
2024-12-08,Bururi,1236.2198157116452,42
2024-12-08,Cibitoke,1217.7819237960427,50
2024-12-09,Bujumbura,844.2555418787747,46
2024-12-09,Gitega,977.8406827909392,63
2024-12-09,Ngozi,832.7362781422229,66
2024-12-09,Kayanza,844.7189206828114,61
2024-12-09,Bururi,811.9976192051464,38
2024-12-09,Cibitoke,1217.1200383430935,48
2024-12-10,Bujumbura,1008.2933289404658,44
2024-12-10,Gitega,1261.928551301695,53
2024-12-10,Ngozi,769.0855615211298,33
2024-12-10,Kayanza,939.8329137925722,54
2024-12-10,Bururi,771.603624062061,48
2024-12-10,Cibitoke,1338.826610973583,47
2024-12-11,Bujumbura,986.2016079480899,64
2024-12-11,Gitega,1196.37991648421,62
2024-12-11,Ngozi,1013.28076283166,44
2024-12-11,Kayanza,627.9275240024858,61
2024-12-11,Bururi,1094.9730358557372,54
2024-12-11,Cibitoke,835.2476023800292,53
2024-12-12,Bujumbura,1194.6449912578353,55
2024-12-12,Gitega,834.4134728129656,43
2024-12-12,Ngozi,795.8392233854662,45
2024-12-12,Kayanza,1038.4541061704504,65
2024-12-12,Bururi,627.4806801483468,44
2024-12-12,Cibitoke,1186.6357907073254,39
2024-12-13,Bujumbura,993.3518077791942,46
2024-12-13,Gitega,946.7872529650398,57
2024-12-13,Ngozi,1212.2977117283172,39
2024-12-13,Kayanza,703.5783437738995,45
2024-12-13,Bururi,1096.8275053328878,42
2024-12-13,Cibitoke,1057.0697186200277,46
2024-12-14,Bujumbura,1185.5695271023988,44
2024-12-14,Gitega,1004.6277347714159,59
2024-12-14,Ngozi,754.3086847522304,48
2024-12-14,Kayanza,859.2799429402421,55
2024-12-14,Bururi,792.8053052844605,54
2024-12-14,Cibitoke,1130.5021162145204,55
2024-12-15,Bujumbura,1068.4123800094997,50
2024-12-15,Gitega,1389.7580749251429,53
2024-12-15,Ngozi,896.9791250661013,39
2024-12-15,Kayanza,743.9276773770288,55
2024-12-15,Bururi,927.0234030871014,49
2024-12-15,Cibitoke,953.4628461510148,58
2024-12-16,Bujumbura,709.3216666407197,37
2024-12-16,Gitega,692.1192923530502,63
2024-12-16,Ngozi,1085.2975964491118,46
2024-12-16,Kayanza,1055.8466648124854,53
2024-12-16,Bururi,1062.9546408890901,55
2024-12-16,Cibitoke,1082.2462750614193,46
2024-12-17,Bujumbura,848.8486413052303,47
2024-12-17,Gitega,739.9965253353728,47
2024-12-17,Ngozi,1033.4763757057524,51
2024-12-17,Kayanza,837.014173058303,51
2024-12-17,Bururi,766.5794450212758,46
2024-12-17,Cibitoke,1093.710870112056,65
2024-12-18,Bujumbura,950.5780212071695,44
2024-12-18,Gitega,1241.2551158694494,55
2024-12-18,Ngozi,886.7814961612206,58
2024-12-18,Kayanza,1127.3881744018365,51
2024-12-18,Bururi,980.5235983055067,42
2024-12-18,Cibitoke,1230.272727609973,46
2024-12-19,Bujumbura,765.6217673993901,38
2024-12-19,Gitega,1334.2784616527513,60
2024-12-19,Ngozi,1083.2227021306903,54
2024-12-19,Kayanza,1170.3370076979645,49
2024-12-19,Bururi,1077.078057521453,46
2024-12-19,Cibitoke,1450.3390037460688,60
2024-12-20,Bujumbura,989.616675063961,44
2024-12-20,Gitega,696.5073849925136,54
2024-12-20,Ngozi,1203.7985781885768,54
2024-12-20,Kayanza,1104.195810950387,53
2024-12-20,Bururi,1035.9203230244345,39
2024-12-20,Cibitoke,943.1687320450851,51
2024-12-21,Bujumbura,880.0219520718975,45
2024-12-21,Gitega,1384.2057920219638,42
2024-12-21,Ngozi,985.8712604146475,59
2024-12-21,Kayanza,942.8114581279756,38
2024-12-21,Bururi,1395.7507782731432,50
2024-12-21,Cibitoke,877.6588794686073,49
2024-12-22,Bujumbura,978.1870853621433,48
2024-12-22,Gitega,1310.984687006649,35
2024-12-22,Ngozi,677.8775455005822,48
2024-12-22,Kayanza,1035.5083875327068,52
2024-12-22,Bururi,546.2561564557876,49
2024-12-22,Cibitoke,1174.7395021520604,55
2024-12-23,Bujumbura,1251.8616687731478,44
2024-12-23,Gitega,883.1844697856181,47
2024-12-23,Ngozi,356.7377007891574,62
2024-12-23,Kayanza,816.8618481156568,50
2024-12-23,Bururi,911.6887402326553,53
2024-12-23,Cibitoke,1070.1288918974346,61
2024-12-24,Bujumbura,903.9686162385663,62
2024-12-24,Gitega,1199.3260558163615,48
2024-12-24,Ngozi,1177.3214750850484,44
2024-12-24,Kayanza,1067.5109645327652,51
2024-12-24,Bururi,800.5826372887437,52
2024-12-24,Cibitoke,950.4700199804339,35
2024-12-25,Bujumbura,1320.9061026745399,60
2024-12-25,Gitega,922.419707264167,51
2024-12-25,Ngozi,564.3432572739943,36
2024-12-25,Kayanza,827.3156370432348,48
2024-12-25,Bururi,985.775108121563,48
2024-12-25,Cibitoke,1015.6283848483748,43
2024-12-26,Bujumbura,1473.881324539191,49
2024-12-26,Gitega,1100.9111562352464,43
2024-12-26,Ngozi,906.0968932810969,39
2024-12-26,Kayanza,1022.3622542835583,40
2024-12-26,Bururi,1021.4156833105401,44
2024-12-26,Cibitoke,866.8515960652654,39
2024-12-27,Bujumbura,703.9369545567309,42
2024-12-27,Gitega,1237.1610707298764,55
2024-12-27,Ngozi,1015.6689588083677,40
2024-12-27,Kayanza,1656.207100440597,44
2024-12-27,Bururi,1145.8800009148213,54
2024-12-27,Cibitoke,737.5692146626627,48
2024-12-28,Bujumbura,1230.527101378261,40
2024-12-28,Gitega,572.9026153168119,41
2024-12-28,Ngozi,950.6696338231222,46
2024-12-28,Kayanza,1269.8640750052534,52
2024-12-28,Bururi,1141.4032790990866,49
2024-12-28,Cibitoke,1101.7171691553629,54
2024-12-29,Bujumbura,1086.759655471341,44
2024-12-29,Gitega,1190.1895890873109,53
2024-12-29,Ngozi,1307.8613439167727,59
2024-12-29,Kayanza,1115.172632509801,48
2024-12-29,Bururi,1034.6141592846286,49
2024-12-29,Cibitoke,1298.3683730042633,60
2024-12-30,Bujumbura,922.2812418533321,63
2024-12-30,Gitega,1178.863498582607,54
2024-12-30,Ngozi,851.6078324137566,51
2024-12-30,Kayanza,860.8968211164206,49
2024-12-30,Bururi,1335.5278634951183,44
2024-12-30,Cibitoke,1096.5291109344,52
2024-12-31,Bujumbura,980.1850694526798,50
2024-12-31,Gitega,1064.3497353374567,63
2024-12-31,Ngozi,831.4971642337548,53
2024-12-31,Kayanza,1537.9142824817557,59
2024-12-31,Bururi,1047.5999192499644,46
2024-12-31,Cibitoke,976.5664743624765,44
