timestamp,province,selling_mentions,buying_mentions,market_mentions
2024-01-01,Bujumbura,22,17,2
2024-01-01,Gitega,17,12,9
2024-01-01,Ngozi,14,22,10
2024-01-01,Kayanza,26,15,16
2024-01-01,Bururi,18,16,12
2024-01-01,Cibitoke,24,19,13
2024-01-02,Bujumbura,21,11,14
2024-01-02,Gitega,16,21,15
2024-01-02,Ngozi,26,17,13
2024-01-02,Kayanza,19,17,6
2024-01-02,Bururi,26,15,10
2024-01-02,Cibitoke,18,16,9
2024-01-03,Bujumbura,26,16,8
2024-01-03,Gitega,19,23,2
2024-01-03,Ngozi,28,14,12
2024-01-03,Kayanza,19,21,11
2024-01-03,Bururi,25,18,10
2024-01-03,Cibitoke,20,14,7
2024-01-04,Bujumbura,25,16,8
2024-01-04,Gitega,26,13,12
2024-01-04,Ngozi,10,16,7
2024-01-04,Kayanza,26,15,15
2024-01-04,Bururi,19,18,9
2024-01-04,Cibitoke,21,9,10
2024-01-05,Bujumbura,14,16,12
2024-01-05,Gitega,17,11,16
2024-01-05,Ngozi,17,14,6
2024-01-05,Kayanza,18,14,5
2024-01-05,Bururi,15,14,10
2024-01-05,Cibitoke,13,12,14
2024-01-06,Bujumbura,25,17,11
2024-01-06,Gitega,23,19,5
2024-01-06,Ngozi,15,16,12
2024-01-06,Kayanza,25,10,7
2024-01-06,Bururi,13,12,13
2024-01-06,Cibitoke,27,16,9
2024-01-07,Bujumbura,24,23,8
2024-01-07,Gitega,19,23,8
2024-01-07,Ngozi,27,17,14
2024-01-07,Kayanza,24,13,6
2024-01-07,Bururi,26,24,13
2024-01-07,Cibitoke,20,16,8
2024-01-08,Bujumbura,17,17,5
2024-01-08,Gitega,17,9,13
2024-01-08,Ngozi,20,10,10
2024-01-08,Kayanza,24,8,10
2024-01-08,Bururi,24,13,12
2024-01-08,Cibitoke,19,13,10
2024-01-09,Bujumbura,16,15,14
2024-01-09,Gitega,14,18,7
2024-01-09,Ngozi,23,13,7
2024-01-09,Kayanza,25,15,13
2024-01-09,Bururi,11,22,13
2024-01-09,Cibitoke,20,14,13
2024-01-10,Bujumbura,24,11,5
2024-01-10,Gitega,25,17,7
2024-01-10,Ngozi,26,18,9
2024-01-10,Kayanza,18,16,14
2024-01-10,Bururi,19,16,10
2024-01-10,Cibitoke,23,9,6
2024-01-11,Bujumbura,19,11,12
2024-01-11,Gitega,21,13,6
2024-01-11,Ngozi,21,16,8
2024-01-11,Kayanza,14,13,5
2024-01-11,Bururi,18,22,13
2024-01-11,Cibitoke,19,12,10
2024-01-12,Bujumbura,26,10,7
2024-01-12,Gitega,17,13,8
2024-01-12,Ngozi,16,11,13
2024-01-12,Kayanza,21,14,16
2024-01-12,Bururi,19,16,11
2024-01-12,Cibitoke,18,16,8
2024-01-13,Bujumbura,23,13,6
2024-01-13,Gitega,22,14,8
2024-01-13,Ngozi,23,17,13
2024-01-13,Kayanza,19,8,8
2024-01-13,Bururi,21,19,11
2024-01-13,Cibitoke,30,16,5
2024-01-14,Bujumbura,21,17,18
2024-01-14,Gitega,17,14,10
2024-01-14,Ngozi,29,15,8
2024-01-14,Kayanza,29,13,17
2024-01-14,Bururi,25,12,8
2024-01-14,Cibitoke,18,9,12
2024-01-15,Bujumbura,19,15,13
2024-01-15,Gitega,15,19,5
2024-01-15,Ngozi,31,22,12
2024-01-15,Kayanza,21,14,10
2024-01-15,Bururi,21,20,5
2024-01-15,Cibitoke,20,17,11
2024-01-16,Bujumbura,22,18,10
2024-01-16,Gitega,18,17,8
2024-01-16,Ngozi,23,9,10
2024-01-16,Kayanza,20,15,11
2024-01-16,Bururi,23,12,6
2024-01-16,Cibitoke,17,15,6
2024-01-17,Bujumbura,17,15,10
2024-01-17,Gitega,21,17,7
2024-01-17,Ngozi,19,7,9
2024-01-17,Kayanza,17,17,6
2024-01-17,Bururi,25,17,12
2024-01-17,Cibitoke,24,18,7
2024-01-18,Bujumbura,18,19,8
2024-01-18,Gitega,27,12,9
2024-01-18,Ngozi,21,16,7
2024-01-18,Kayanza,17,11,12
2024-01-18,Bururi,20,17,13
2024-01-18,Cibitoke,17,12,8
2024-01-19,Bujumbura,24,20,7
2024-01-19,Gitega,19,20,9
2024-01-19,Ngozi,22,15,11
2024-01-19,Kayanza,26,12,8
2024-01-19,Bururi,25,19,13
2024-01-19,Cibitoke,24,13,8
2024-01-20,Bujumbura,23,15,13
2024-01-20,Gitega,21,15,17
2024-01-20,Ngozi,18,17,8
2024-01-20,Kayanza,19,18,9
2024-01-20,Bururi,26,12,9
2024-01-20,Cibitoke,17,10,8
2024-01-21,Bujumbura,18,14,11
2024-01-21,Gitega,15,14,10
2024-01-21,Ngozi,25,18,13
2024-01-21,Kayanza,24,16,11
2024-01-21,Bururi,18,15,9
2024-01-21,Cibitoke,17,15,9
2024-01-22,Bujumbura,22,13,4
2024-01-22,Gitega,15,9,8
2024-01-22,Ngozi,22,8,14
2024-01-22,Kayanza,19,21,16
2024-01-22,Bururi,25,16,14
2024-01-22,Cibitoke,21,20,9
2024-01-23,Bujumbura,13,17,15
2024-01-23,Gitega,21,7,13
2024-01-23,Ngozi,19,19,7
2024-01-23,Kayanza,15,11,10
2024-01-23,Bururi,18,15,10
2024-01-23,Cibitoke,20,20,9
2024-01-24,Bujumbura,15,17,9
2024-01-24,Gitega,14,21,12
2024-01-24,Ngozi,19,10,10
2024-01-24,Kayanza,19,19,8
2024-01-24,Bururi,21,16,6
2024-01-24,Cibitoke,20,17,5
2024-01-25,Bujumbura,28,19,12
2024-01-25,Gitega,21,19,11
2024-01-25,Ngozi,24,18,11
2024-01-25,Kayanza,20,14,5
2024-01-25,Bururi,11,20,11
2024-01-25,Cibitoke,16,12,10
2024-01-26,Bujumbura,19,9,13
2024-01-26,Gitega,18,13,9
2024-01-26,Ngozi,19,10,7
2024-01-26,Kayanza,19,14,13
2024-01-26,Bururi,15,19,9
2024-01-26,Cibitoke,18,19,15
2024-01-27,Bujumbura,25,11,5
2024-01-27,Gitega,25,8,9
2024-01-27,Ngozi,21,13,10
2024-01-27,Kayanza,17,15,11
2024-01-27,Bururi,17,10,10
2024-01-27,Cibitoke,17,20,6
2024-01-28,Bujumbura,20,17,7
2024-01-28,Gitega,24,20,9
2024-01-28,Ngozi,21,20,11
2024-01-28,Kayanza,11,17,10
2024-01-28,Bururi,18,13,16
2024-01-28,Cibitoke,14,22,2
2024-01-29,Bujumbura,20,16,8
2024-01-29,Gitega,22,14,15
2024-01-29,Ngozi,23,16,9
2024-01-29,Kayanza,16,14,8
2024-01-29,Bururi,19,7,13
2024-01-29,Cibitoke,20,13,10
2024-01-30,Bujumbura,27,12,8
2024-01-30,Gitega,26,15,14
2024-01-30,Ngozi,20,17,10
2024-01-30,Kayanza,19,14,8
2024-01-30,Bururi,18,19,9
2024-01-30,Cibitoke,14,15,9
2024-01-31,Bujumbura,17,11,6
2024-01-31,Gitega,20,14,11
2024-01-31,Ngozi,18,10,13
2024-01-31,Kayanza,12,22,10
2024-01-31,Bururi,20,22,13
2024-01-31,Cibitoke,14,15,10
2024-02-01,Bujumbura,15,14,10
2024-02-01,Gitega,24,14,5
2024-02-01,Ngozi,19,16,10
2024-02-01,Kayanza,22,17,5
2024-02-01,Bururi,24,23,10
2024-02-01,Cibitoke,28,13,5
2024-02-02,Bujumbura,24,16,15
2024-02-02,Gitega,15,21,9
2024-02-02,Ngozi,14,14,8
2024-02-02,Kayanza,22,14,8
2024-02-02,Bururi,27,14,8
2024-02-02,Cibitoke,23,22,6
2024-02-03,Bujumbura,23,10,10
2024-02-03,Gitega,14,19,10
2024-02-03,Ngozi,23,12,7
2024-02-03,Kayanza,21,12,11
2024-02-03,Bururi,20,9,5
2024-02-03,Cibitoke,19,10,13
2024-02-04,Bujumbura,18,10,7
2024-02-04,Gitega,22,13,9
2024-02-04,Ngozi,19,12,6
2024-02-04,Kayanza,28,18,15
2024-02-04,Bururi,19,16,11
2024-02-04,Cibitoke,23,20,7
2024-02-05,Bujumbura,17,18,8
2024-02-05,Gitega,11,13,17
2024-02-05,Ngozi,18,4,13
2024-02-05,Kayanza,15,9,11
2024-02-05,Bururi,24,18,10
2024-02-05,Cibitoke,23,14,6
2024-02-06,Bujumbura,20,13,3
2024-02-06,Gitega,22,23,12
2024-02-06,Ngozi,15,14,9
2024-02-06,Kayanza,10,19,7
2024-02-06,Bururi,18,17,5
2024-02-06,Cibitoke,18,15,7
2024-02-07,Bujumbura,19,14,14
2024-02-07,Gitega,18,22,9
2024-02-07,Ngozi,23,15,13
2024-02-07,Kayanza,17,12,9
2024-02-07,Bururi,18,11,8
2024-02-07,Cibitoke,18,12,8
2024-02-08,Bujumbura,21,16,9
2024-02-08,Gitega,21,17,8
2024-02-08,Ngozi,24,19,13
2024-02-08,Kayanza,20,10,8
2024-02-08,Bururi,23,18,9
2024-02-08,Cibitoke,14,19,12
2024-02-09,Bujumbura,19,5,10
2024-02-09,Gitega,25,25,8
2024-02-09,Ngozi,17,12,9
2024-02-09,Kayanza,23,14,14
2024-02-09,Bururi,21,15,8
2024-02-09,Cibitoke,19,14,14
2024-02-10,Bujumbura,23,14,9
2024-02-10,Gitega,26,15,7
2024-02-10,Ngozi,14,11,11
2024-02-10,Kayanza,24,15,12
2024-02-10,Bururi,18,13,9
2024-02-10,Cibitoke,11,14,12
2024-02-11,Bujumbura,20,14,13
2024-02-11,Gitega,24,12,11
2024-02-11,Ngozi,17,12,13
2024-02-11,Kayanza,20,19,14
2024-02-11,Bururi,19,26,7
2024-02-11,Cibitoke,25,13,11
2024-02-12,Bujumbura,17,15,12
2024-02-12,Gitega,13,15,12
2024-02-12,Ngozi,19,19,12
2024-02-12,Kayanza,23,22,15
2024-02-12,Bururi,18,19,7
2024-02-12,Cibitoke,21,15,9
2024-02-13,Bujumbura,21,12,12
2024-02-13,Gitega,20,14,10
2024-02-13,Ngozi,18,12,24
2024-02-13,Kayanza,20,17,3
2024-02-13,Bururi,14,17,4
2024-02-13,Cibitoke,21,16,12
2024-02-14,Bujumbura,22,8,13
2024-02-14,Gitega,22,10,9
2024-02-14,Ngozi,18,15,8
2024-02-14,Kayanza,24,11,11
2024-02-14,Bururi,20,15,10
2024-02-14,Cibitoke,22,26,12
2024-02-15,Bujumbura,19,17,11
2024-02-15,Gitega,14,17,10
2024-02-15,Ngozi,23,17,8
2024-02-15,Kayanza,20,16,12
2024-02-15,Bururi,13,9,11
2024-02-15,Cibitoke,12,18,9
2024-02-16,Bujumbura,20,20,12
2024-02-16,Gitega,21,19,18
2024-02-16,Ngozi,17,17,9
2024-02-16,Kayanza,22,12,8
2024-02-16,Bururi,17,16,11
2024-02-16,Cibitoke,24,20,7
2024-02-17,Bujumbura,17,16,11
2024-02-17,Gitega,22,16,14
2024-02-17,Ngozi,18,12,6
2024-02-17,Kayanza,17,9,12
2024-02-17,Bururi,18,14,12
2024-02-17,Cibitoke,16,13,6
2024-02-18,Bujumbura,19,13,8
2024-02-18,Gitega,14,13,11
2024-02-18,Ngozi,21,17,15
2024-02-18,Kayanza,20,18,10
2024-02-18,Bururi,14,9,22
2024-02-18,Cibitoke,21,16,3
2024-02-19,Bujumbura,15,17,14
2024-02-19,Gitega,23,15,7
2024-02-19,Ngozi,12,8,12
2024-02-19,Kayanza,22,9,10
2024-02-19,Bururi,17,7,10
2024-02-19,Cibitoke,18,14,13
2024-02-20,Bujumbura,21,12,7
2024-02-20,Gitega,23,18,8
2024-02-20,Ngozi,16,15,9
2024-02-20,Kayanza,14,15,8
2024-02-20,Bururi,22,16,9
2024-02-20,Cibitoke,14,13,14
2024-02-21,Bujumbura,19,16,12
2024-02-21,Gitega,21,16,13
2024-02-21,Ngozi,15,19,13
2024-02-21,Kayanza,14,16,9
2024-02-21,Bururi,21,21,10
2024-02-21,Cibitoke,20,16,9
2024-02-22,Bujumbura,19,18,9
2024-02-22,Gitega,24,12,8
2024-02-22,Ngozi,23,13,6
2024-02-22,Kayanza,24,16,10
2024-02-22,Bururi,16,10,10
2024-02-22,Cibitoke,21,16,11
2024-02-23,Bujumbura,18,11,11
2024-02-23,Gitega,19,19,9
2024-02-23,Ngozi,21,16,10
2024-02-23,Kayanza,19,11,14
2024-02-23,Bururi,20,11,8
2024-02-23,Cibitoke,23,18,11
2024-02-24,Bujumbura,19,13,8
2024-02-24,Gitega,27,13,8
2024-02-24,Ngozi,20,12,14
2024-02-24,Kayanza,22,11,9
2024-02-24,Bururi,19,10,9
2024-02-24,Cibitoke,21,11,11
2024-02-25,Bujumbura,14,19,7
2024-02-25,Gitega,21,12,13
2024-02-25,Ngozi,14,13,9
2024-02-25,Kayanza,21,19,7
2024-02-25,Bururi,20,20,13
2024-02-25,Cibitoke,21,10,12
2024-02-26,Bujumbura,14,15,6
2024-02-26,Gitega,21,16,9
2024-02-26,Ngozi,19,14,3
2024-02-26,Kayanza,22,12,15
2024-02-26,Bururi,22,14,8
2024-02-26,Cibitoke,17,19,9
2024-02-27,Bujumbura,10,15,12
2024-02-27,Gitega,20,18,10
2024-02-27,Ngozi,23,10,6
2024-02-27,Kayanza,17,19,12
2024-02-27,Bururi,10,13,10
2024-02-27,Cibitoke,27,15,10
2024-02-28,Bujumbura,18,17,7
2024-02-28,Gitega,15,13,9
2024-02-28,Ngozi,16,8,9
2024-02-28,Kayanza,19,14,8
2024-02-28,Bururi,14,15,7
2024-02-28,Cibitoke,26,17,7
2024-02-29,Bujumbura,19,21,10
2024-02-29,Gitega,20,13,10
2024-02-29,Ngozi,20,13,9
2024-02-29,Kayanza,23,12,14
2024-02-29,Bururi,24,16,12
2024-02-29,Cibitoke,17,18,6
2024-03-01,Bujumbura,35,14,7
2024-03-01,Gitega,21,15,2
2024-03-01,Ngozi,14,19,12
2024-03-01,Kayanza,21,15,7
2024-03-01,Bururi,18,12,6
2024-03-01,Cibitoke,26,15,16
2024-03-02,Bujumbura,18,17,5
2024-03-02,Gitega,19,12,11
2024-03-02,Ngozi,22,11,11
2024-03-02,Kayanza,21,12,14
2024-03-02,Bururi,22,16,12
2024-03-02,Cibitoke,13,16,11
2024-03-03,Bujumbura,26,11,9
2024-03-03,Gitega,24,10,5
2024-03-03,Ngozi,20,16,9
2024-03-03,Kayanza,21,20,12
2024-03-03,Bururi,15,16,10
2024-03-03,Cibitoke,14,16,11
2024-03-04,Bujumbura,28,15,10
2024-03-04,Gitega,19,15,10
2024-03-04,Ngozi,22,13,10
2024-03-04,Kayanza,21,14,11
2024-03-04,Bururi,21,15,13
2024-03-04,Cibitoke,17,11,12
2024-03-05,Bujumbura,9,19,16
2024-03-05,Gitega,22,11,10
2024-03-05,Ngozi,26,16,9
2024-03-05,Kayanza,16,18,9
2024-03-05,Bururi,14,12,14
2024-03-05,Cibitoke,17,19,14
2024-03-06,Bujumbura,24,10,16
2024-03-06,Gitega,17,19,10
2024-03-06,Ngozi,25,12,14
2024-03-06,Kayanza,19,16,11
2024-03-06,Bururi,21,15,7
2024-03-06,Cibitoke,26,12,13
2024-03-07,Bujumbura,16,17,5
2024-03-07,Gitega,27,21,9
2024-03-07,Ngozi,25,16,9
2024-03-07,Kayanza,19,15,9
2024-03-07,Bururi,27,14,10
2024-03-07,Cibitoke,16,13,13
2024-03-08,Bujumbura,23,11,12
2024-03-08,Gitega,28,14,16
2024-03-08,Ngozi,12,12,11
2024-03-08,Kayanza,18,18,11
2024-03-08,Bururi,19,13,9
2024-03-08,Cibitoke,22,13,10
2024-03-09,Bujumbura,12,10,7
2024-03-09,Gitega,24,19,7
2024-03-09,Ngozi,14,18,12
2024-03-09,Kayanza,26,19,16
2024-03-09,Bururi,13,17,13
2024-03-09,Cibitoke,21,14,12
2024-03-10,Bujumbura,14,9,14
2024-03-10,Gitega,16,15,5
2024-03-10,Ngozi,20,13,11
2024-03-10,Kayanza,16,17,8
2024-03-10,Bururi,25,19,5
2024-03-10,Cibitoke,12,14,12
2024-03-11,Bujumbura,18,16,13
2024-03-11,Gitega,17,13,12
2024-03-11,Ngozi,19,16,8
2024-03-11,Kayanza,22,10,6
2024-03-11,Bururi,16,16,7
2024-03-11,Cibitoke,20,14,10
2024-03-12,Bujumbura,16,16,10
2024-03-12,Gitega,23,11,13
2024-03-12,Ngozi,14,19,7
2024-03-12,Kayanza,26,15,10
2024-03-12,Bururi,17,12,13
2024-03-12,Cibitoke,26,14,12
2024-03-13,Bujumbura,7,17,6
2024-03-13,Gitega,23,10,8
2024-03-13,Ngozi,20,17,9
2024-03-13,Kayanza,10,13,10
2024-03-13,Bururi,18,20,20
2024-03-13,Cibitoke,26,17,10
2024-03-14,Bujumbura,13,16,13
2024-03-14,Gitega,24,11,9
2024-03-14,Ngozi,26,11,4
2024-03-14,Kayanza,14,14,9
2024-03-14,Bururi,20,8,17
2024-03-14,Cibitoke,18,8,5
2024-03-15,Bujumbura,22,11,15
2024-03-15,Gitega,10,15,7
2024-03-15,Ngozi,15,13,11
2024-03-15,Kayanza,15,20,7
2024-03-15,Bururi,12,10,7
2024-03-15,Cibitoke,15,23,13
2024-03-16,Bujumbura,19,14,14
2024-03-16,Gitega,27,14,10
2024-03-16,Ngozi,18,16,7
2024-03-16,Kayanza,24,13,9
2024-03-16,Bururi,20,19,7
2024-03-16,Cibitoke,20,21,7
2024-03-17,Bujumbura,20,16,14
2024-03-17,Gitega,20,17,9
2024-03-17,Ngozi,19,8,7
2024-03-17,Kayanza,24,20,11
2024-03-17,Bururi,22,19,11
2024-03-17,Cibitoke,12,12,12
2024-03-18,Bujumbura,20,14,8
2024-03-18,Gitega,16,17,8
2024-03-18,Ngozi,13,11,17
2024-03-18,Kayanza,17,19,6
2024-03-18,Bururi,26,15,11
2024-03-18,Cibitoke,14,12,16
2024-03-19,Bujumbura,23,18,11
2024-03-19,Gitega,26,14,6
2024-03-19,Ngozi,23,18,6
2024-03-19,Kayanza,20,8,7
2024-03-19,Bururi,16,21,9
2024-03-19,Cibitoke,16,15,15
2024-03-20,Bujumbura,18,15,14
2024-03-20,Gitega,15,12,10
2024-03-20,Ngozi,18,18,11
2024-03-20,Kayanza,23,17,11
2024-03-20,Bururi,14,9,12
2024-03-20,Cibitoke,24,12,12
2024-03-21,Bujumbura,19,14,10
2024-03-21,Gitega,19,11,10
2024-03-21,Ngozi,28,10,18
2024-03-21,Kayanza,14,12,13
2024-03-21,Bururi,24,19,8
2024-03-21,Cibitoke,13,18,4
2024-03-22,Bujumbura,21,17,7
2024-03-22,Gitega,23,13,15
2024-03-22,Ngozi,22,16,16
2024-03-22,Kayanza,17,12,13
2024-03-22,Bururi,20,17,8
2024-03-22,Cibitoke,14,15,9
2024-03-23,Bujumbura,23,14,11
2024-03-23,Gitega,31,18,9
2024-03-23,Ngozi,25,20,7
2024-03-23,Kayanza,26,18,11
2024-03-23,Bururi,17,14,9
2024-03-23,Cibitoke,26,15,9
2024-03-24,Bujumbura,19,14,16
2024-03-24,Gitega,15,17,10
2024-03-24,Ngozi,23,11,9
2024-03-24,Kayanza,11,22,11
2024-03-24,Bururi,23,9,6
2024-03-24,Cibitoke,21,21,10
2024-03-25,Bujumbura,17,11,9
2024-03-25,Gitega,21,10,11
2024-03-25,Ngozi,15,11,8
2024-03-25,Kayanza,22,15,9
2024-03-25,Bururi,19,22,13
2024-03-25,Cibitoke,15,15,6
2024-03-26,Bujumbura,17,17,12
2024-03-26,Gitega,14,13,8
2024-03-26,Ngozi,25,11,8
2024-03-26,Kayanza,18,13,10
2024-03-26,Bururi,24,14,10
2024-03-26,Cibitoke,23,18,4
2024-03-27,Bujumbura,27,14,9
2024-03-27,Gitega,22,4,15
2024-03-27,Ngozi,11,23,10
2024-03-27,Kayanza,16,24,6
2024-03-27,Bururi,20,19,12
2024-03-27,Cibitoke,27,9,13
2024-03-28,Bujumbura,11,15,11
2024-03-28,Gitega,29,14,9
2024-03-28,Ngozi,18,10,15
2024-03-28,Kayanza,19,23,12
2024-03-28,Bururi,16,20,10
2024-03-28,Cibitoke,12,13,9
2024-03-29,Bujumbura,20,16,8
2024-03-29,Gitega,18,17,11
2024-03-29,Ngozi,16,15,8
2024-03-29,Kayanza,26,17,6
2024-03-29,Bururi,15,17,13
2024-03-29,Cibitoke,20,11,8
2024-03-30,Bujumbura,22,20,6
2024-03-30,Gitega,19,26,13
2024-03-30,Ngozi,18,11,8
2024-03-30,Kayanza,25,12,11
2024-03-30,Bururi,18,20,7
2024-03-30,Cibitoke,20,17,10
2024-03-31,Bujumbura,14,13,13
2024-03-31,Gitega,15,17,15
2024-03-31,Ngozi,17,22,12
2024-03-31,Kayanza,22,14,13
2024-03-31,Bururi,20,14,13
2024-03-31,Cibitoke,20,17,5
2024-04-01,Bujumbura,24,20,10
2024-04-01,Gitega,16,22,13
2024-04-01,Ngozi,17,12,14
2024-04-01,Kayanza,19,17,11
2024-04-01,Bururi,18,15,9
2024-04-01,Cibitoke,19,15,12
2024-04-02,Bujumbura,19,13,5
2024-04-02,Gitega,25,13,6
2024-04-02,Ngozi,17,19,10
2024-04-02,Kayanza,18,21,13
2024-04-02,Bururi,24,22,5
2024-04-02,Cibitoke,13,11,9
2024-04-03,Bujumbura,22,16,17
2024-04-03,Gitega,19,10,10
2024-04-03,Ngozi,12,14,4
2024-04-03,Kayanza,17,20,10
2024-04-03,Bururi,18,16,8
2024-04-03,Cibitoke,14,18,11
2024-04-04,Bujumbura,19,15,11
2024-04-04,Gitega,18,7,17
2024-04-04,Ngozi,21,9,12
2024-04-04,Kayanza,32,16,13
2024-04-04,Bururi,22,22,7
2024-04-04,Cibitoke,18,11,6
2024-04-05,Bujumbura,22,20,6
2024-04-05,Gitega,20,15,15
2024-04-05,Ngozi,23,19,10
2024-04-05,Kayanza,19,17,8
2024-04-05,Bururi,18,13,9
2024-04-05,Cibitoke,17,17,10
2024-04-06,Bujumbura,20,16,8
2024-04-06,Gitega,21,9,10
2024-04-06,Ngozi,19,18,10
2024-04-06,Kayanza,17,12,13
2024-04-06,Bururi,15,17,5
2024-04-06,Cibitoke,23,7,11
2024-04-07,Bujumbura,28,23,19
2024-04-07,Gitega,16,16,12
2024-04-07,Ngozi,28,13,12
2024-04-07,Kayanza,16,14,9
2024-04-07,Bururi,22,16,11
2024-04-07,Cibitoke,18,18,9
2024-04-08,Bujumbura,27,9,9
2024-04-08,Gitega,23,15,6
2024-04-08,Ngozi,28,11,10
2024-04-08,Kayanza,17,18,9
2024-04-08,Bururi,20,12,6
2024-04-08,Cibitoke,20,10,9
2024-04-09,Bujumbura,17,10,12
2024-04-09,Gitega,15,22,11
2024-04-09,Ngozi,21,14,12
2024-04-09,Kayanza,30,9,13
2024-04-09,Bururi,17,21,13
2024-04-09,Cibitoke,16,22,11
2024-04-10,Bujumbura,27,18,14
2024-04-10,Gitega,24,14,5
2024-04-10,Ngozi,23,11,7
2024-04-10,Kayanza,22,8,12
2024-04-10,Bururi,10,13,13
2024-04-10,Cibitoke,17,15,8
2024-04-11,Bujumbura,25,13,5
2024-04-11,Gitega,9,14,9
2024-04-11,Ngozi,24,15,11
2024-04-11,Kayanza,29,17,15
2024-04-11,Bururi,20,13,8
2024-04-11,Cibitoke,19,17,10
2024-04-12,Bujumbura,10,13,12
2024-04-12,Gitega,14,14,13
2024-04-12,Ngozi,18,20,10
2024-04-12,Kayanza,17,13,9
2024-04-12,Bururi,21,13,12
2024-04-12,Cibitoke,14,22,10
2024-04-13,Bujumbura,21,23,12
2024-04-13,Gitega,25,14,7
2024-04-13,Ngozi,20,21,2
2024-04-13,Kayanza,19,20,12
2024-04-13,Bururi,13,10,8
2024-04-13,Cibitoke,12,14,12
2024-04-14,Bujumbura,17,19,11
2024-04-14,Gitega,26,18,7
2024-04-14,Ngozi,29,15,16
2024-04-14,Kayanza,14,16,16
2024-04-14,Bururi,15,24,13
2024-04-14,Cibitoke,15,11,2
2024-04-15,Bujumbura,21,20,6
2024-04-15,Gitega,20,15,10
2024-04-15,Ngozi,24,8,10
2024-04-15,Kayanza,16,19,11
2024-04-15,Bururi,19,20,6
2024-04-15,Cibitoke,19,15,8
2024-04-16,Bujumbura,15,18,13
2024-04-16,Gitega,21,16,13
2024-04-16,Ngozi,21,13,11
2024-04-16,Kayanza,21,12,8
2024-04-16,Bururi,9,14,15
2024-04-16,Cibitoke,23,19,9
2024-04-17,Bujumbura,28,16,8
2024-04-17,Gitega,25,12,6
2024-04-17,Ngozi,16,16,5
2024-04-17,Kayanza,31,18,10
2024-04-17,Bururi,25,15,11
2024-04-17,Cibitoke,20,15,6
2024-04-18,Bujumbura,22,11,12
2024-04-18,Gitega,13,17,6
2024-04-18,Ngozi,25,23,14
2024-04-18,Kayanza,18,19,13
2024-04-18,Bururi,15,13,7
2024-04-18,Cibitoke,14,17,9
2024-04-19,Bujumbura,18,13,9
2024-04-19,Gitega,13,20,5
2024-04-19,Ngozi,20,16,15
2024-04-19,Kayanza,20,14,12
2024-04-19,Bururi,18,12,12
2024-04-19,Cibitoke,23,19,5
2024-04-20,Bujumbura,19,8,10
2024-04-20,Gitega,21,16,8
2024-04-20,Ngozi,26,10,12
2024-04-20,Kayanza,19,10,7
2024-04-20,Bururi,31,14,16
2024-04-20,Cibitoke,12,22,16
2024-04-21,Bujumbura,19,24,11
2024-04-21,Gitega,18,9,8
2024-04-21,Ngozi,12,14,10
2024-04-21,Kayanza,22,12,10
2024-04-21,Bururi,17,14,6
2024-04-21,Cibitoke,18,26,11
2024-04-22,Bujumbura,17,13,7
2024-04-22,Gitega,19,15,14
2024-04-22,Ngozi,18,14,8
2024-04-22,Kayanza,20,15,10
2024-04-22,Bururi,17,22,10
2024-04-22,Cibitoke,16,18,15
2024-04-23,Bujumbura,13,18,8
2024-04-23,Gitega,27,20,7
2024-04-23,Ngozi,23,17,7
2024-04-23,Kayanza,15,14,15
2024-04-23,Bururi,17,13,13
2024-04-23,Cibitoke,19,9,7
2024-04-24,Bujumbura,23,12,4
2024-04-24,Gitega,15,12,8
2024-04-24,Ngozi,24,17,9
2024-04-24,Kayanza,16,20,8
2024-04-24,Bururi,15,17,13
2024-04-24,Cibitoke,21,18,7
2024-04-25,Bujumbura,25,18,14
2024-04-25,Gitega,17,13,6
2024-04-25,Ngozi,24,8,12
2024-04-25,Kayanza,14,21,11
2024-04-25,Bururi,15,19,8
2024-04-25,Cibitoke,19,12,10
2024-04-26,Bujumbura,15,16,11
2024-04-26,Gitega,32,17,8
2024-04-26,Ngozi,26,15,7
2024-04-26,Kayanza,22,16,6
2024-04-26,Bururi,19,13,10
2024-04-26,Cibitoke,11,20,8
2024-04-27,Bujumbura,22,12,15
2024-04-27,Gitega,27,15,11
2024-04-27,Ngozi,27,21,16
2024-04-27,Kayanza,25,13,11
2024-04-27,Bururi,28,6,21
2024-04-27,Cibitoke,18,13,7
2024-04-28,Bujumbura,21,12,10
2024-04-28,Gitega,21,15,8
2024-04-28,Ngozi,14,18,13
2024-04-28,Kayanza,30,12,12
2024-04-28,Bururi,21,19,13
2024-04-28,Cibitoke,17,10,10
2024-04-29,Bujumbura,23,20,15
2024-04-29,Gitega,23,18,10
2024-04-29,Ngozi,17,11,7
2024-04-29,Kayanza,18,17,13
2024-04-29,Bururi,19,12,5
2024-04-29,Cibitoke,24,23,11
2024-04-30,Bujumbura,21,17,12
2024-04-30,Gitega,26,12,8
2024-04-30,Ngozi,23,14,10
2024-04-30,Kayanza,20,19,11
2024-04-30,Bururi,18,15,15
2024-04-30,Cibitoke,33,12,8
2024-05-01,Bujumbura,24,13,12
2024-05-01,Gitega,22,18,12
2024-05-01,Ngozi,25,13,15
2024-05-01,Kayanza,17,19,10
2024-05-01,Bururi,19,8,10
2024-05-01,Cibitoke,19,9,7
2024-05-02,Bujumbura,21,16,4
2024-05-02,Gitega,17,17,14
2024-05-02,Ngozi,25,17,9
2024-05-02,Kayanza,20,18,9
2024-05-02,Bururi,16,15,13
2024-05-02,Cibitoke,19,12,13
2024-05-03,Bujumbura,22,11,13
2024-05-03,Gitega,22,12,8
2024-05-03,Ngozi,23,20,10
2024-05-03,Kayanza,24,13,10
2024-05-03,Bururi,22,10,5
2024-05-03,Cibitoke,13,12,11
2024-05-04,Bujumbura,15,25,7
2024-05-04,Gitega,27,16,10
2024-05-04,Ngozi,17,13,15
2024-05-04,Kayanza,22,20,8
2024-05-04,Bururi,18,16,11
2024-05-04,Cibitoke,14,12,12
2024-05-05,Bujumbura,19,19,14
2024-05-05,Gitega,16,12,11
2024-05-05,Ngozi,19,18,9
2024-05-05,Kayanza,21,22,12
2024-05-05,Bururi,19,11,14
2024-05-05,Cibitoke,19,20,9
2024-05-06,Bujumbura,18,13,14
2024-05-06,Gitega,21,8,11
2024-05-06,Ngozi,17,14,10
2024-05-06,Kayanza,24,19,16
2024-05-06,Bururi,22,20,15
2024-05-06,Cibitoke,16,20,11
2024-05-07,Bujumbura,16,15,9
2024-05-07,Gitega,18,18,4
2024-05-07,Ngozi,18,6,9
2024-05-07,Kayanza,13,11,9
2024-05-07,Bururi,32,18,10
2024-05-07,Cibitoke,19,15,9
2024-05-08,Bujumbura,23,11,11
2024-05-08,Gitega,21,20,6
2024-05-08,Ngozi,19,18,5
2024-05-08,Kayanza,19,10,15
2024-05-08,Bururi,22,12,13
2024-05-08,Cibitoke,21,27,12
2024-05-09,Bujumbura,22,17,6
2024-05-09,Gitega,17,15,10
2024-05-09,Ngozi,12,10,8
2024-05-09,Kayanza,24,20,13
2024-05-09,Bururi,19,22,12
2024-05-09,Cibitoke,21,16,12
2024-05-10,Bujumbura,20,24,10
2024-05-10,Gitega,27,17,10
2024-05-10,Ngozi,26,12,9
2024-05-10,Kayanza,22,15,8
2024-05-10,Bururi,22,16,18
2024-05-10,Cibitoke,20,14,15
2024-05-11,Bujumbura,18,11,13
2024-05-11,Gitega,15,17,4
2024-05-11,Ngozi,20,14,12
2024-05-11,Kayanza,14,12,8
2024-05-11,Bururi,12,8,11
2024-05-11,Cibitoke,22,11,9
2024-05-12,Bujumbura,15,10,11
2024-05-12,Gitega,18,13,10
2024-05-12,Ngozi,15,15,10
2024-05-12,Kayanza,20,13,8
2024-05-12,Bururi,19,15,5
2024-05-12,Cibitoke,23,16,12
2024-05-13,Bujumbura,14,18,9
2024-05-13,Gitega,23,18,6
2024-05-13,Ngozi,20,12,11
2024-05-13,Kayanza,28,11,8
2024-05-13,Bururi,21,19,6
2024-05-13,Cibitoke,21,8,8
2024-05-14,Bujumbura,19,15,12
2024-05-14,Gitega,23,11,7
2024-05-14,Ngozi,24,19,11
2024-05-14,Kayanza,15,14,9
2024-05-14,Bururi,33,11,8
2024-05-14,Cibitoke,23,15,11
2024-05-15,Bujumbura,25,17,6
2024-05-15,Gitega,21,14,8
2024-05-15,Ngozi,20,15,7
2024-05-15,Kayanza,20,16,9
2024-05-15,Bururi,21,12,7
2024-05-15,Cibitoke,21,10,7
2024-05-16,Bujumbura,16,19,8
2024-05-16,Gitega,16,16,14
2024-05-16,Ngozi,21,22,10
2024-05-16,Kayanza,24,22,14
2024-05-16,Bururi,17,16,9
2024-05-16,Cibitoke,18,14,11
2024-05-17,Bujumbura,14,17,8
2024-05-17,Gitega,26,15,7
2024-05-17,Ngozi,16,13,5
2024-05-17,Kayanza,25,15,10
2024-05-17,Bururi,19,10,13
2024-05-17,Cibitoke,23,25,9
2024-05-18,Bujumbura,18,13,10
2024-05-18,Gitega,26,9,10
2024-05-18,Ngozi,24,16,12
2024-05-18,Kayanza,23,21,7
2024-05-18,Bururi,15,13,8
2024-05-18,Cibitoke,18,16,10
2024-05-19,Bujumbura,21,17,7
2024-05-19,Gitega,18,23,9
2024-05-19,Ngozi,21,12,7
2024-05-19,Kayanza,22,12,7
2024-05-19,Bururi,18,22,13
2024-05-19,Cibitoke,30,13,6
2024-05-20,Bujumbura,12,12,15
2024-05-20,Gitega,25,15,8
2024-05-20,Ngozi,15,15,7
2024-05-20,Kayanza,23,13,7
2024-05-20,Bururi,30,15,7
2024-05-20,Cibitoke,24,12,11
2024-05-21,Bujumbura,23,20,13
2024-05-21,Gitega,19,14,6
2024-05-21,Ngozi,19,12,14
2024-05-21,Kayanza,20,13,8
2024-05-21,Bururi,15,15,9
2024-05-21,Cibitoke,26,13,5
2024-05-22,Bujumbura,18,21,10
2024-05-22,Gitega,26,17,9
2024-05-22,Ngozi,27,19,5
2024-05-22,Kayanza,24,18,6
2024-05-22,Bururi,21,16,11
2024-05-22,Cibitoke,13,17,15
2024-05-23,Bujumbura,21,15,8
2024-05-23,Gitega,19,15,7
2024-05-23,Ngozi,17,11,10
2024-05-23,Kayanza,12,13,11
2024-05-23,Bururi,13,23,11
2024-05-23,Cibitoke,15,20,6
2024-05-24,Bujumbura,22,20,4
2024-05-24,Gitega,21,16,7
2024-05-24,Ngozi,21,6,8
2024-05-24,Kayanza,15,18,8
2024-05-24,Bururi,16,22,10
2024-05-24,Cibitoke,19,15,8
2024-05-25,Bujumbura,11,16,5
2024-05-25,Gitega,18,10,13
2024-05-25,Ngozi,17,13,9
2024-05-25,Kayanza,12,16,10
2024-05-25,Bururi,29,19,6
2024-05-25,Cibitoke,25,18,4
2024-05-26,Bujumbura,24,26,7
2024-05-26,Gitega,23,9,7
2024-05-26,Ngozi,19,19,9
2024-05-26,Kayanza,22,17,9
2024-05-26,Bururi,26,16,8
2024-05-26,Cibitoke,20,10,10
2024-05-27,Bujumbura,16,18,10
2024-05-27,Gitega,23,18,10
2024-05-27,Ngozi,20,14,14
2024-05-27,Kayanza,18,12,5
2024-05-27,Bururi,17,14,7
2024-05-27,Cibitoke,22,15,7
2024-05-28,Bujumbura,22,18,12
2024-05-28,Gitega,24,26,15
2024-05-28,Ngozi,23,11,9
2024-05-28,Kayanza,21,19,10
2024-05-28,Bururi,16,20,12
2024-05-28,Cibitoke,18,13,9
2024-05-29,Bujumbura,22,11,8
2024-05-29,Gitega,11,14,3
2024-05-29,Ngozi,17,11,7
2024-05-29,Kayanza,25,18,3
2024-05-29,Bururi,19,9,10
2024-05-29,Cibitoke,17,14,13
2024-05-30,Bujumbura,24,16,11
2024-05-30,Gitega,21,10,8
2024-05-30,Ngozi,19,12,10
2024-05-30,Kayanza,16,20,7
2024-05-30,Bururi,28,25,9
2024-05-30,Cibitoke,25,12,10
2024-05-31,Bujumbura,16,11,16
2024-05-31,Gitega,14,16,8
2024-05-31,Ngozi,19,15,12
2024-05-31,Kayanza,19,21,10
2024-05-31,Bururi,17,19,12
2024-05-31,Cibitoke,15,17,8
2024-06-01,Bujumbura,19,24,13
2024-06-01,Gitega,20,17,10
2024-06-01,Ngozi,20,18,8
2024-06-01,Kayanza,18,19,15
2024-06-01,Bururi,18,13,7
2024-06-01,Cibitoke,21,14,6
2024-06-02,Bujumbura,21,14,8
2024-06-02,Gitega,17,19,17
2024-06-02,Ngozi,17,16,9
2024-06-02,Kayanza,13,15,5
2024-06-02,Bururi,18,14,10
2024-06-02,Cibitoke,24,17,10
2024-06-03,Bujumbura,23,14,9
2024-06-03,Gitega,26,8,9
2024-06-03,Ngozi,22,14,9
2024-06-03,Kayanza,22,20,7
2024-06-03,Bururi,17,17,9
2024-06-03,Cibitoke,18,21,7
2024-06-04,Bujumbura,20,17,14
2024-06-04,Gitega,29,17,12
2024-06-04,Ngozi,15,17,8
2024-06-04,Kayanza,29,11,17
2024-06-04,Bururi,26,12,10
2024-06-04,Cibitoke,17,14,8
2024-06-05,Bujumbura,20,15,12
2024-06-05,Gitega,14,14,13
2024-06-05,Ngozi,22,14,7
2024-06-05,Kayanza,19,18,7
2024-06-05,Bururi,19,21,9
2024-06-05,Cibitoke,15,15,6
2024-06-06,Bujumbura,22,26,9
2024-06-06,Gitega,32,15,11
2024-06-06,Ngozi,21,18,8
2024-06-06,Kayanza,20,19,8
2024-06-06,Bururi,28,15,18
2024-06-06,Cibitoke,15,15,10
2024-06-07,Bujumbura,10,13,11
2024-06-07,Gitega,13,11,15
2024-06-07,Ngozi,16,18,15
2024-06-07,Kayanza,16,13,10
2024-06-07,Bururi,13,5,10
2024-06-07,Cibitoke,21,8,15
2024-06-08,Bujumbura,21,18,16
2024-06-08,Gitega,21,16,11
2024-06-08,Ngozi,20,17,15
2024-06-08,Kayanza,18,17,4
2024-06-08,Bururi,20,7,13
2024-06-08,Cibitoke,12,17,15
2024-06-09,Bujumbura,16,13,13
2024-06-09,Gitega,24,20,9
2024-06-09,Ngozi,29,14,9
2024-06-09,Kayanza,26,11,8
2024-06-09,Bururi,23,12,10
2024-06-09,Cibitoke,23,13,8
2024-06-10,Bujumbura,16,13,12
2024-06-10,Gitega,15,19,2
2024-06-10,Ngozi,28,11,11
2024-06-10,Kayanza,21,11,4
2024-06-10,Bururi,22,13,9
2024-06-10,Cibitoke,14,15,7
2024-06-11,Bujumbura,18,14,12
2024-06-11,Gitega,13,16,9
2024-06-11,Ngozi,9,17,10
2024-06-11,Kayanza,23,19,7
2024-06-11,Bururi,20,13,14
2024-06-11,Cibitoke,18,10,13
2024-06-12,Bujumbura,22,14,14
2024-06-12,Gitega,24,11,18
2024-06-12,Ngozi,19,17,7
2024-06-12,Kayanza,20,15,8
2024-06-12,Bururi,20,9,16
2024-06-12,Cibitoke,20,15,5
2024-06-13,Bujumbura,22,11,13
2024-06-13,Gitega,27,21,10
2024-06-13,Ngozi,16,19,7
2024-06-13,Kayanza,32,15,9
2024-06-13,Bururi,20,15,10
2024-06-13,Cibitoke,17,15,6
2024-06-14,Bujumbura,17,15,6
2024-06-14,Gitega,25,20,12
2024-06-14,Ngozi,21,11,9
2024-06-14,Kayanza,21,10,12
2024-06-14,Bururi,19,12,6
2024-06-14,Cibitoke,21,15,7
2024-06-15,Bujumbura,17,20,8
2024-06-15,Gitega,18,18,9
2024-06-15,Ngozi,11,12,8
2024-06-15,Kayanza,16,21,8
2024-06-15,Bururi,19,7,4
2024-06-15,Cibitoke,28,16,4
2024-06-16,Bujumbura,23,11,11
2024-06-16,Gitega,22,15,14
2024-06-16,Ngozi,26,12,7
2024-06-16,Kayanza,19,17,16
2024-06-16,Bururi,15,11,10
2024-06-16,Cibitoke,20,20,9
2024-06-17,Bujumbura,16,18,7
2024-06-17,Gitega,18,19,11
2024-06-17,Ngozi,21,13,7
2024-06-17,Kayanza,23,8,10
2024-06-17,Bururi,15,9,7
2024-06-17,Cibitoke,20,14,9
2024-06-18,Bujumbura,21,18,8
2024-06-18,Gitega,25,12,11
2024-06-18,Ngozi,13,9,8
2024-06-18,Kayanza,22,19,13
2024-06-18,Bururi,8,16,16
2024-06-18,Cibitoke,21,14,10
2024-06-19,Bujumbura,23,16,8
2024-06-19,Gitega,22,14,13
2024-06-19,Ngozi,16,16,7
2024-06-19,Kayanza,22,13,11
2024-06-19,Bururi,23,14,11
2024-06-19,Cibitoke,23,25,16
2024-06-20,Bujumbura,23,7,10
2024-06-20,Gitega,23,14,11
2024-06-20,Ngozi,18,21,11
2024-06-20,Kayanza,14,13,11
2024-06-20,Bururi,15,12,8
2024-06-20,Cibitoke,20,14,12
2024-06-21,Bujumbura,12,17,13
2024-06-21,Gitega,20,19,9
2024-06-21,Ngozi,16,18,9
2024-06-21,Kayanza,11,17,10
2024-06-21,Bururi,22,20,9
2024-06-21,Cibitoke,22,19,8
2024-06-22,Bujumbura,28,13,10
2024-06-22,Gitega,22,17,12
2024-06-22,Ngozi,15,19,3
2024-06-22,Kayanza,30,20,13
2024-06-22,Bururi,20,16,11
2024-06-22,Cibitoke,17,10,12
2024-06-23,Bujumbura,18,15,14
2024-06-23,Gitega,21,8,12
2024-06-23,Ngozi,20,11,9
2024-06-23,Kayanza,23,15,7
2024-06-23,Bururi,23,9,10
2024-06-23,Cibitoke,19,17,13
2024-06-24,Bujumbura,31,7,15
2024-06-24,Gitega,24,13,9
2024-06-24,Ngozi,16,19,9
2024-06-24,Kayanza,18,11,7
2024-06-24,Bururi,17,13,8
2024-06-24,Cibitoke,14,17,8
2024-06-25,Bujumbura,25,8,7
2024-06-25,Gitega,21,11,13
2024-06-25,Ngozi,16,14,11
2024-06-25,Kayanza,20,12,12
2024-06-25,Bururi,23,9,6
2024-06-25,Cibitoke,23,13,11
2024-06-26,Bujumbura,24,17,14
2024-06-26,Gitega,20,20,13
2024-06-26,Ngozi,19,8,15
2024-06-26,Kayanza,17,23,13
2024-06-26,Bururi,26,12,9
2024-06-26,Cibitoke,31,10,7
2024-06-27,Bujumbura,19,14,7
2024-06-27,Gitega,16,21,9
2024-06-27,Ngozi,19,14,10
2024-06-27,Kayanza,15,16,8
2024-06-27,Bururi,23,12,5
2024-06-27,Cibitoke,25,17,9
2024-06-28,Bujumbura,12,16,13
2024-06-28,Gitega,19,14,13
2024-06-28,Ngozi,18,13,9
2024-06-28,Kayanza,21,18,6
2024-06-28,Bururi,21,12,9
2024-06-28,Cibitoke,16,19,12
2024-06-29,Bujumbura,15,17,6
2024-06-29,Gitega,23,16,13
2024-06-29,Ngozi,20,13,11
2024-06-29,Kayanza,18,12,11
2024-06-29,Bururi,12,16,8
2024-06-29,Cibitoke,14,20,5
2024-06-30,Bujumbura,22,17,15
2024-06-30,Gitega,17,18,8
2024-06-30,Ngozi,13,21,6
2024-06-30,Kayanza,21,8,12
2024-06-30,Bururi,26,23,4
2024-06-30,Cibitoke,26,11,9
2024-07-01,Bujumbura,17,16,10
2024-07-01,Gitega,15,14,11
2024-07-01,Ngozi,14,10,14
2024-07-01,Kayanza,22,16,13
2024-07-01,Bururi,22,18,10
2024-07-01,Cibitoke,20,16,15
2024-07-02,Bujumbura,19,22,11
2024-07-02,Gitega,18,13,7
2024-07-02,Ngozi,14,15,9
2024-07-02,Kayanza,22,15,7
2024-07-02,Bururi,22,16,14
2024-07-02,Cibitoke,22,11,23
2024-07-03,Bujumbura,20,20,11
2024-07-03,Gitega,16,14,8
2024-07-03,Ngozi,18,8,9
2024-07-03,Kayanza,17,12,8
2024-07-03,Bururi,22,9,11
2024-07-03,Cibitoke,18,19,12
2024-07-04,Bujumbura,18,9,8
2024-07-04,Gitega,19,12,11
2024-07-04,Ngozi,20,9,13
2024-07-04,Kayanza,22,17,6
2024-07-04,Bururi,20,15,10
2024-07-04,Cibitoke,25,13,17
2024-07-05,Bujumbura,11,9,17
2024-07-05,Gitega,19,12,8
2024-07-05,Ngozi,9,12,15
2024-07-05,Kayanza,13,15,14
2024-07-05,Bururi,16,10,12
2024-07-05,Cibitoke,18,17,10
2024-07-06,Bujumbura,21,16,3
2024-07-06,Gitega,20,10,12
2024-07-06,Ngozi,19,15,12
2024-07-06,Kayanza,22,12,9
2024-07-06,Bururi,28,12,11
2024-07-06,Cibitoke,16,16,16
2024-07-07,Bujumbura,29,18,8
2024-07-07,Gitega,20,12,4
2024-07-07,Ngozi,21,10,4
2024-07-07,Kayanza,24,16,11
2024-07-07,Bururi,22,15,19
2024-07-07,Cibitoke,15,17,8
2024-07-08,Bujumbura,20,15,12
2024-07-08,Gitega,17,17,13
2024-07-08,Ngozi,18,15,18
2024-07-08,Kayanza,23,13,11
2024-07-08,Bururi,15,14,17
2024-07-08,Cibitoke,14,13,12
2024-07-09,Bujumbura,14,15,13
2024-07-09,Gitega,20,16,11
2024-07-09,Ngozi,23,22,11
2024-07-09,Kayanza,18,17,7
2024-07-09,Bururi,14,12,8
2024-07-09,Cibitoke,17,22,6
2024-07-10,Bujumbura,22,14,5
2024-07-10,Gitega,20,14,10
2024-07-10,Ngozi,20,16,11
2024-07-10,Kayanza,23,13,14
2024-07-10,Bururi,19,19,6
2024-07-10,Cibitoke,14,9,9
2024-07-11,Bujumbura,21,20,10
2024-07-11,Gitega,22,17,16
2024-07-11,Ngozi,8,19,11
2024-07-11,Kayanza,17,19,15
2024-07-11,Bururi,26,11,3
2024-07-11,Cibitoke,19,9,8
2024-07-12,Bujumbura,22,8,8
2024-07-12,Gitega,27,14,17
2024-07-12,Ngozi,22,20,13
2024-07-12,Kayanza,25,16,7
2024-07-12,Bururi,22,17,12
2024-07-12,Cibitoke,17,19,8
2024-07-13,Bujumbura,32,9,13
2024-07-13,Gitega,16,10,6
2024-07-13,Ngozi,21,16,8
2024-07-13,Kayanza,21,11,8
2024-07-13,Bururi,30,8,9
2024-07-13,Cibitoke,17,14,13
2024-07-14,Bujumbura,19,16,8
2024-07-14,Gitega,20,16,12
2024-07-14,Ngozi,23,15,17
2024-07-14,Kayanza,16,18,11
2024-07-14,Bururi,27,20,10
2024-07-14,Cibitoke,25,8,13
2024-07-15,Bujumbura,18,16,8
2024-07-15,Gitega,19,10,4
2024-07-15,Ngozi,21,15,6
2024-07-15,Kayanza,10,11,14
2024-07-15,Bururi,23,14,7
2024-07-15,Cibitoke,22,9,15
2024-07-16,Bujumbura,21,14,4
2024-07-16,Gitega,29,7,12
2024-07-16,Ngozi,21,19,11
2024-07-16,Kayanza,21,20,9
2024-07-16,Bururi,20,27,14
2024-07-16,Cibitoke,22,17,9
2024-07-17,Bujumbura,16,16,11
2024-07-17,Gitega,12,13,9
2024-07-17,Ngozi,23,19,10
2024-07-17,Kayanza,20,14,7
2024-07-17,Bururi,24,21,6
2024-07-17,Cibitoke,20,14,8
2024-07-18,Bujumbura,17,17,8
2024-07-18,Gitega,13,20,3
2024-07-18,Ngozi,21,14,10
2024-07-18,Kayanza,18,21,12
2024-07-18,Bururi,21,15,8
2024-07-18,Cibitoke,22,10,11
2024-07-19,Bujumbura,14,17,12
2024-07-19,Gitega,9,21,14
2024-07-19,Ngozi,17,14,4
2024-07-19,Kayanza,21,22,13
2024-07-19,Bururi,12,15,16
2024-07-19,Cibitoke,15,15,12
2024-07-20,Bujumbura,27,16,9
2024-07-20,Gitega,17,10,10
2024-07-20,Ngozi,16,21,6
2024-07-20,Kayanza,18,7,8
2024-07-20,Bururi,17,13,4
2024-07-20,Cibitoke,23,14,10
2024-07-21,Bujumbura,20,23,10
2024-07-21,Gitega,20,14,9
2024-07-21,Ngozi,18,14,11
2024-07-21,Kayanza,14,11,14
2024-07-21,Bururi,16,10,4
2024-07-21,Cibitoke,14,16,14
2024-07-22,Bujumbura,22,17,10
2024-07-22,Gitega,17,9,15
2024-07-22,Ngozi,15,9,9
2024-07-22,Kayanza,14,9,7
2024-07-22,Bururi,14,11,9
2024-07-22,Cibitoke,18,10,6
2024-07-23,Bujumbura,21,18,8
2024-07-23,Gitega,11,21,12
2024-07-23,Ngozi,28,18,6
2024-07-23,Kayanza,22,19,13
2024-07-23,Bururi,24,11,13
2024-07-23,Cibitoke,19,19,10
2024-07-24,Bujumbura,23,19,6
2024-07-24,Gitega,21,12,14
2024-07-24,Ngozi,17,15,13
2024-07-24,Kayanza,20,10,11
2024-07-24,Bururi,24,16,6
2024-07-24,Cibitoke,20,9,8
2024-07-25,Bujumbura,23,10,7
2024-07-25,Gitega,20,14,14
2024-07-25,Ngozi,18,21,9
2024-07-25,Kayanza,13,13,9
2024-07-25,Bururi,17,13,8
2024-07-25,Cibitoke,24,19,9
2024-07-26,Bujumbura,12,15,12
2024-07-26,Gitega,33,17,12
2024-07-26,Ngozi,25,20,7
2024-07-26,Kayanza,12,8,2
2024-07-26,Bururi,26,19,17
2024-07-26,Cibitoke,20,21,13
2024-07-27,Bujumbura,23,15,9
2024-07-27,Gitega,21,18,8
2024-07-27,Ngozi,15,18,8
2024-07-27,Kayanza,14,15,8
2024-07-27,Bururi,16,15,10
2024-07-27,Cibitoke,23,14,7
2024-07-28,Bujumbura,19,19,9
2024-07-28,Gitega,28,17,11
2024-07-28,Ngozi,15,18,10
2024-07-28,Kayanza,26,15,10
2024-07-28,Bururi,18,7,12
2024-07-28,Cibitoke,24,14,10
2024-07-29,Bujumbura,29,23,9
2024-07-29,Gitega,30,9,12
2024-07-29,Ngozi,19,10,12
2024-07-29,Kayanza,25,8,11
2024-07-29,Bururi,36,7,15
2024-07-29,Cibitoke,16,13,11
2024-07-30,Bujumbura,15,14,11
2024-07-30,Gitega,23,12,18
2024-07-30,Ngozi,14,15,13
2024-07-30,Kayanza,16,13,17
2024-07-30,Bururi,22,12,10
2024-07-30,Cibitoke,10,11,14
2024-07-31,Bujumbura,25,15,2
2024-07-31,Gitega,14,13,17
2024-07-31,Ngozi,16,19,8
2024-07-31,Kayanza,23,12,10
2024-07-31,Bururi,15,20,8
2024-07-31,Cibitoke,21,20,8
2024-08-01,Bujumbura,20,15,14
2024-08-01,Gitega,23,18,10
2024-08-01,Ngozi,22,14,8
2024-08-01,Kayanza,29,17,16
2024-08-01,Bururi,20,21,6
2024-08-01,Cibitoke,19,15,12
2024-08-02,Bujumbura,19,18,5
2024-08-02,Gitega,11,15,20
2024-08-02,Ngozi,13,16,12
2024-08-02,Kayanza,16,24,8
2024-08-02,Bururi,15,16,15
2024-08-02,Cibitoke,20,12,10
2024-08-03,Bujumbura,21,15,7
2024-08-03,Gitega,13,15,14
2024-08-03,Ngozi,19,19,10
2024-08-03,Kayanza,15,12,10
2024-08-03,Bururi,19,7,10
2024-08-03,Cibitoke,18,12,8
2024-08-04,Bujumbura,25,20,10
2024-08-04,Gitega,21,12,15
2024-08-04,Ngozi,14,15,5
2024-08-04,Kayanza,16,14,8
2024-08-04,Bururi,26,6,10
2024-08-04,Cibitoke,13,15,12
2024-08-05,Bujumbura,28,14,11
2024-08-05,Gitega,19,10,11
2024-08-05,Ngozi,21,18,11
2024-08-05,Kayanza,18,12,15
2024-08-05,Bururi,19,22,6
2024-08-05,Cibitoke,20,17,10
2024-08-06,Bujumbura,24,15,6
2024-08-06,Gitega,19,19,10
2024-08-06,Ngozi,24,12,10
2024-08-06,Kayanza,15,12,10
2024-08-06,Bururi,15,17,6
2024-08-06,Cibitoke,24,8,13
2024-08-07,Bujumbura,19,15,11
2024-08-07,Gitega,17,16,8
2024-08-07,Ngozi,21,11,8
2024-08-07,Kayanza,24,18,12
2024-08-07,Bururi,28,12,11
2024-08-07,Cibitoke,18,19,11
2024-08-08,Bujumbura,25,15,12
2024-08-08,Gitega,26,22,8
2024-08-08,Ngozi,14,22,6
2024-08-08,Kayanza,13,17,9
2024-08-08,Bururi,23,11,6
2024-08-08,Cibitoke,16,20,9
2024-08-09,Bujumbura,23,16,11
2024-08-09,Gitega,27,14,4
2024-08-09,Ngozi,21,21,7
2024-08-09,Kayanza,23,12,8
2024-08-09,Bururi,22,16,11
2024-08-09,Cibitoke,25,15,8
2024-08-10,Bujumbura,21,18,8
2024-08-10,Gitega,14,16,14
2024-08-10,Ngozi,16,20,10
2024-08-10,Kayanza,15,7,12
2024-08-10,Bururi,14,14,7
2024-08-10,Cibitoke,14,15,8
2024-08-11,Bujumbura,17,21,16
2024-08-11,Gitega,21,17,16
2024-08-11,Ngozi,15,18,11
2024-08-11,Kayanza,15,13,11
2024-08-11,Bururi,22,17,11
2024-08-11,Cibitoke,24,10,10
2024-08-12,Bujumbura,24,15,10
2024-08-12,Gitega,22,8,13
2024-08-12,Ngozi,18,6,9
2024-08-12,Kayanza,23,14,7
2024-08-12,Bururi,17,14,10
2024-08-12,Cibitoke,20,9,6
2024-08-13,Bujumbura,31,16,9
2024-08-13,Gitega,18,15,7
2024-08-13,Ngozi,23,23,10
2024-08-13,Kayanza,14,14,11
2024-08-13,Bururi,14,19,8
2024-08-13,Cibitoke,17,8,5
2024-08-14,Bujumbura,24,14,12
2024-08-14,Gitega,17,13,13
2024-08-14,Ngozi,17,11,6
2024-08-14,Kayanza,19,13,8
2024-08-14,Bururi,23,23,16
2024-08-14,Cibitoke,20,18,8
2024-08-15,Bujumbura,18,15,8
2024-08-15,Gitega,21,7,13
2024-08-15,Ngozi,16,13,12
2024-08-15,Kayanza,29,14,12
2024-08-15,Bururi,18,22,11
2024-08-15,Cibitoke,16,16,9
2024-08-16,Bujumbura,17,11,9
2024-08-16,Gitega,21,15,13
2024-08-16,Ngozi,22,12,11
2024-08-16,Kayanza,17,13,6
2024-08-16,Bururi,26,17,4
2024-08-16,Cibitoke,18,15,15
2024-08-17,Bujumbura,18,15,8
2024-08-17,Gitega,17,17,8
2024-08-17,Ngozi,17,17,10
2024-08-17,Kayanza,17,18,10
2024-08-17,Bururi,25,13,11
2024-08-17,Cibitoke,20,19,5
2024-08-18,Bujumbura,19,17,10
2024-08-18,Gitega,18,10,10
2024-08-18,Ngozi,25,10,7
2024-08-18,Kayanza,18,16,10
2024-08-18,Bururi,19,14,7
2024-08-18,Cibitoke,20,8,9
2024-08-19,Bujumbura,22,12,16
2024-08-19,Gitega,17,14,8
2024-08-19,Ngozi,19,19,11
2024-08-19,Kayanza,18,21,15
2024-08-19,Bururi,12,16,10
2024-08-19,Cibitoke,16,25,6
2024-08-20,Bujumbura,24,17,8
2024-08-20,Gitega,25,17,8
2024-08-20,Ngozi,22,21,8
2024-08-20,Kayanza,20,14,10
2024-08-20,Bururi,22,19,13
2024-08-20,Cibitoke,21,12,12
2024-08-21,Bujumbura,22,16,10
2024-08-21,Gitega,25,18,8
2024-08-21,Ngozi,16,20,14
2024-08-21,Kayanza,16,14,10
2024-08-21,Bururi,13,14,15
2024-08-21,Cibitoke,21,20,7
2024-08-22,Bujumbura,21,17,10
2024-08-22,Gitega,18,17,15
2024-08-22,Ngozi,22,10,11
2024-08-22,Kayanza,26,22,11
2024-08-22,Bururi,19,9,7
2024-08-22,Cibitoke,19,16,8
2024-08-23,Bujumbura,22,17,7
2024-08-23,Gitega,20,16,9
2024-08-23,Ngozi,21,13,7
2024-08-23,Kayanza,19,16,16
2024-08-23,Bururi,23,10,10
2024-08-23,Cibitoke,22,16,10
2024-08-24,Bujumbura,16,18,16
2024-08-24,Gitega,20,12,12
2024-08-24,Ngozi,20,17,10
2024-08-24,Kayanza,27,11,13
2024-08-24,Bururi,22,18,6
2024-08-24,Cibitoke,11,14,12
2024-08-25,Bujumbura,13,10,14
2024-08-25,Gitega,22,18,10
2024-08-25,Ngozi,13,11,17
2024-08-25,Kayanza,15,18,14
2024-08-25,Bururi,18,16,13
2024-08-25,Cibitoke,22,15,13
2024-08-26,Bujumbura,17,17,10
2024-08-26,Gitega,18,21,14
2024-08-26,Ngozi,23,8,13
2024-08-26,Kayanza,16,11,11
2024-08-26,Bururi,23,11,7
2024-08-26,Cibitoke,14,22,8
2024-08-27,Bujumbura,29,16,16
2024-08-27,Gitega,14,16,9
2024-08-27,Ngozi,24,10,11
2024-08-27,Kayanza,26,13,6
2024-08-27,Bururi,14,19,13
2024-08-27,Cibitoke,19,15,12
2024-08-28,Bujumbura,20,15,6
2024-08-28,Gitega,24,12,10
2024-08-28,Ngozi,20,13,8
2024-08-28,Kayanza,21,11,14
2024-08-28,Bururi,19,20,16
2024-08-28,Cibitoke,22,15,6
2024-08-29,Bujumbura,21,19,8
2024-08-29,Gitega,12,17,11
2024-08-29,Ngozi,32,12,8
2024-08-29,Kayanza,23,18,4
2024-08-29,Bururi,24,18,9
2024-08-29,Cibitoke,16,17,8
2024-08-30,Bujumbura,20,10,14
2024-08-30,Gitega,17,15,8
2024-08-30,Ngozi,15,17,8
2024-08-30,Kayanza,22,12,7
2024-08-30,Bururi,22,7,12
2024-08-30,Cibitoke,15,12,12
2024-08-31,Bujumbura,22,25,16
2024-08-31,Gitega,23,14,17
2024-08-31,Ngozi,9,8,10
2024-08-31,Kayanza,21,15,14
2024-08-31,Bururi,17,8,13
2024-08-31,Cibitoke,19,13,4
2024-09-01,Bujumbura,19,11,7
2024-09-01,Gitega,22,16,12
2024-09-01,Ngozi,25,19,13
2024-09-01,Kayanza,22,27,8
2024-09-01,Bururi,14,14,10
2024-09-01,Cibitoke,17,10,14
2024-09-02,Bujumbura,19,15,14
2024-09-02,Gitega,20,10,9
2024-09-02,Ngozi,17,6,11
2024-09-02,Kayanza,24,11,7
2024-09-02,Bururi,13,22,13
2024-09-02,Cibitoke,19,18,8
2024-09-03,Bujumbura,23,10,7
2024-09-03,Gitega,23,16,5
2024-09-03,Ngozi,18,18,11
2024-09-03,Kayanza,25,15,13
2024-09-03,Bururi,20,16,10
2024-09-03,Cibitoke,17,9,11
2024-09-04,Bujumbura,15,9,10
2024-09-04,Gitega,15,11,11
2024-09-04,Ngozi,21,24,10
2024-09-04,Kayanza,12,13,9
2024-09-04,Bururi,12,14,15
2024-09-04,Cibitoke,12,18,7
2024-09-05,Bujumbura,23,18,16
2024-09-05,Gitega,15,15,8
2024-09-05,Ngozi,20,20,6
2024-09-05,Kayanza,16,14,4
2024-09-05,Bururi,22,17,7
2024-09-05,Cibitoke,15,17,10
2024-09-06,Bujumbura,23,19,8
2024-09-06,Gitega,16,22,13
2024-09-06,Ngozi,20,16,15
2024-09-06,Kayanza,29,11,5
2024-09-06,Bururi,27,15,8
2024-09-06,Cibitoke,24,14,12
2024-09-07,Bujumbura,20,14,10
2024-09-07,Gitega,22,13,10
2024-09-07,Ngozi,23,14,15
2024-09-07,Kayanza,23,14,16
2024-09-07,Bururi,28,19,8
2024-09-07,Cibitoke,23,17,11
2024-09-08,Bujumbura,20,17,13
2024-09-08,Gitega,22,23,10
2024-09-08,Ngozi,21,11,9
2024-09-08,Kayanza,18,18,10
2024-09-08,Bururi,28,11,15
2024-09-08,Cibitoke,21,20,15
2024-09-09,Bujumbura,23,18,7
2024-09-09,Gitega,24,14,14
2024-09-09,Ngozi,30,10,12
2024-09-09,Kayanza,13,11,7
2024-09-09,Bururi,21,9,8
2024-09-09,Cibitoke,16,13,13
2024-09-10,Bujumbura,23,18,10
2024-09-10,Gitega,17,21,5
2024-09-10,Ngozi,17,13,11
2024-09-10,Kayanza,24,14,7
2024-09-10,Bururi,19,16,8
2024-09-10,Cibitoke,20,8,5
2024-09-11,Bujumbura,26,13,10
2024-09-11,Gitega,14,19,12
2024-09-11,Ngozi,18,11,5
2024-09-11,Kayanza,18,13,6
2024-09-11,Bururi,15,11,7
2024-09-11,Cibitoke,14,22,10
2024-09-12,Bujumbura,31,18,7
2024-09-12,Gitega,16,10,15
2024-09-12,Ngozi,15,8,8
2024-09-12,Kayanza,20,12,11
2024-09-12,Bururi,16,18,7
2024-09-12,Cibitoke,18,19,7
2024-09-13,Bujumbura,16,16,12
2024-09-13,Gitega,26,18,11
2024-09-13,Ngozi,21,16,15
2024-09-13,Kayanza,23,13,6
2024-09-13,Bururi,23,18,7
2024-09-13,Cibitoke,16,12,11
2024-09-14,Bujumbura,25,12,9
2024-09-14,Gitega,23,14,8
2024-09-14,Ngozi,19,12,12
2024-09-14,Kayanza,26,19,8
2024-09-14,Bururi,22,10,8
2024-09-14,Cibitoke,25,14,9
2024-09-15,Bujumbura,24,21,14
2024-09-15,Gitega,17,9,11
2024-09-15,Ngozi,24,12,6
2024-09-15,Kayanza,14,11,9
2024-09-15,Bururi,20,10,15
2024-09-15,Cibitoke,26,18,7
2024-09-16,Bujumbura,21,16,11
2024-09-16,Gitega,15,13,18
2024-09-16,Ngozi,17,24,9
2024-09-16,Kayanza,13,16,11
2024-09-16,Bururi,19,16,11
2024-09-16,Cibitoke,18,23,7
2024-09-17,Bujumbura,19,16,16
2024-09-17,Gitega,19,16,13
2024-09-17,Ngozi,20,10,15
2024-09-17,Kayanza,20,18,9
2024-09-17,Bururi,18,14,7
2024-09-17,Cibitoke,21,14,17
2024-09-18,Bujumbura,21,10,12
2024-09-18,Gitega,23,26,9
2024-09-18,Ngozi,21,17,8
2024-09-18,Kayanza,22,13,10
2024-09-18,Bururi,13,11,11
2024-09-18,Cibitoke,20,22,6
2024-09-19,Bujumbura,20,21,8
2024-09-19,Gitega,27,17,9
2024-09-19,Ngozi,18,11,15
2024-09-19,Kayanza,23,21,14
2024-09-19,Bururi,21,18,13
2024-09-19,Cibitoke,22,12,8
2024-09-20,Bujumbura,17,16,8
2024-09-20,Gitega,17,20,14
2024-09-20,Ngozi,20,16,11
2024-09-20,Kayanza,22,15,5
2024-09-20,Bururi,16,19,10
2024-09-20,Cibitoke,29,19,15
2024-09-21,Bujumbura,19,12,9
2024-09-21,Gitega,21,13,9
2024-09-21,Ngozi,21,20,9
2024-09-21,Kayanza,21,16,18
2024-09-21,Bururi,26,16,16
2024-09-21,Cibitoke,22,7,11
2024-09-22,Bujumbura,22,32,14
2024-09-22,Gitega,20,18,9
2024-09-22,Ngozi,27,18,11
2024-09-22,Kayanza,23,16,7
2024-09-22,Bururi,32,13,11
2024-09-22,Cibitoke,26,18,4
2024-09-23,Bujumbura,18,10,16
2024-09-23,Gitega,22,13,11
2024-09-23,Ngozi,20,7,4
2024-09-23,Kayanza,22,16,14
2024-09-23,Bururi,18,9,9
2024-09-23,Cibitoke,22,13,5
2024-09-24,Bujumbura,20,17,11
2024-09-24,Gitega,28,16,12
2024-09-24,Ngozi,16,19,11
2024-09-24,Kayanza,30,11,8
2024-09-24,Bururi,16,13,8
2024-09-24,Cibitoke,33,19,4
2024-09-25,Bujumbura,20,16,15
2024-09-25,Gitega,18,15,15
2024-09-25,Ngozi,24,14,15
2024-09-25,Kayanza,19,11,10
2024-09-25,Bururi,19,16,10
2024-09-25,Cibitoke,19,13,9
2024-09-26,Bujumbura,11,16,14
2024-09-26,Gitega,19,17,11
2024-09-26,Ngozi,21,7,15
2024-09-26,Kayanza,18,14,10
2024-09-26,Bururi,24,8,13
2024-09-26,Cibitoke,19,19,15
2024-09-27,Bujumbura,28,11,6
2024-09-27,Gitega,19,12,13
2024-09-27,Ngozi,16,12,10
2024-09-27,Kayanza,22,14,10
2024-09-27,Bururi,22,12,10
2024-09-27,Cibitoke,18,15,15
2024-09-28,Bujumbura,16,17,11
2024-09-28,Gitega,19,14,13
2024-09-28,Ngozi,16,12,9
2024-09-28,Kayanza,25,19,8
2024-09-28,Bururi,30,11,8
2024-09-28,Cibitoke,20,15,11
2024-09-29,Bujumbura,19,18,14
2024-09-29,Gitega,18,5,14
2024-09-29,Ngozi,16,13,11
2024-09-29,Kayanza,17,13,15
2024-09-29,Bururi,27,16,13
2024-09-29,Cibitoke,20,19,16
2024-09-30,Bujumbura,20,10,8
2024-09-30,Gitega,16,15,10
2024-09-30,Ngozi,19,19,6
2024-09-30,Kayanza,16,11,11
2024-09-30,Bururi,20,18,17
2024-09-30,Cibitoke,24,17,7
2024-10-01,Bujumbura,23,18,7
2024-10-01,Gitega,19,14,8
2024-10-01,Ngozi,19,17,8
2024-10-01,Kayanza,18,15,6
2024-10-01,Bururi,21,17,10
2024-10-01,Cibitoke,27,15,9
2024-10-02,Bujumbura,21,9,10
2024-10-02,Gitega,16,6,9
2024-10-02,Ngozi,18,12,4
2024-10-02,Kayanza,13,12,11
2024-10-02,Bururi,21,12,10
2024-10-02,Cibitoke,20,14,12
2024-10-03,Bujumbura,16,9,9
2024-10-03,Gitega,25,13,9
2024-10-03,Ngozi,26,18,13
2024-10-03,Kayanza,24,12,16
2024-10-03,Bururi,19,17,7
2024-10-03,Cibitoke,20,18,9
2024-10-04,Bujumbura,25,10,12
2024-10-04,Gitega,17,17,12
2024-10-04,Ngozi,19,13,15
2024-10-04,Kayanza,20,22,7
2024-10-04,Bururi,16,15,8
2024-10-04,Cibitoke,15,18,16
2024-10-05,Bujumbura,21,12,16
2024-10-05,Gitega,18,19,7
2024-10-05,Ngozi,16,18,6
2024-10-05,Kayanza,10,10,6
2024-10-05,Bururi,16,14,3
2024-10-05,Cibitoke,25,18,16
2024-10-06,Bujumbura,27,9,16
2024-10-06,Gitega,13,16,9
2024-10-06,Ngozi,24,20,9
2024-10-06,Kayanza,14,16,9
2024-10-06,Bururi,18,13,4
2024-10-06,Cibitoke,18,17,11
2024-10-07,Bujumbura,20,13,13
2024-10-07,Gitega,27,15,8
2024-10-07,Ngozi,17,12,11
2024-10-07,Kayanza,17,18,7
2024-10-07,Bururi,20,17,9
2024-10-07,Cibitoke,17,12,16
2024-10-08,Bujumbura,17,20,11
2024-10-08,Gitega,19,22,11
2024-10-08,Ngozi,22,22,15
2024-10-08,Kayanza,20,14,10
2024-10-08,Bururi,23,16,13
2024-10-08,Cibitoke,23,7,10
2024-10-09,Bujumbura,21,9,12
2024-10-09,Gitega,25,17,7
2024-10-09,Ngozi,26,16,19
2024-10-09,Kayanza,14,19,15
2024-10-09,Bururi,22,15,9
2024-10-09,Cibitoke,14,22,12
2024-10-10,Bujumbura,16,19,12
2024-10-10,Gitega,14,15,10
2024-10-10,Ngozi,17,21,8
2024-10-10,Kayanza,24,18,7
2024-10-10,Bururi,24,13,13
2024-10-10,Cibitoke,23,9,13
2024-10-11,Bujumbura,26,16,8
2024-10-11,Gitega,19,13,9
2024-10-11,Ngozi,15,13,16
2024-10-11,Kayanza,14,11,10
2024-10-11,Bururi,14,7,9
2024-10-11,Cibitoke,24,14,9
2024-10-12,Bujumbura,21,10,10
2024-10-12,Gitega,26,15,6
2024-10-12,Ngozi,14,13,9
2024-10-12,Kayanza,17,18,12
2024-10-12,Bururi,16,12,10
2024-10-12,Cibitoke,16,10,5
2024-10-13,Bujumbura,25,14,11
2024-10-13,Gitega,15,11,9
2024-10-13,Ngozi,29,10,12
2024-10-13,Kayanza,22,11,9
2024-10-13,Bururi,23,20,12
2024-10-13,Cibitoke,23,18,9
2024-10-14,Bujumbura,14,4,8
2024-10-14,Gitega,24,11,6
2024-10-14,Ngozi,13,12,6
2024-10-14,Kayanza,20,9,10
2024-10-14,Bururi,26,13,9
2024-10-14,Cibitoke,19,17,8
2024-10-15,Bujumbura,24,17,8
2024-10-15,Gitega,22,11,15
2024-10-15,Ngozi,25,17,6
2024-10-15,Kayanza,28,18,8
2024-10-15,Bururi,17,17,9
2024-10-15,Cibitoke,19,16,10
2024-10-16,Bujumbura,12,14,3
2024-10-16,Gitega,17,11,5
2024-10-16,Ngozi,20,19,12
2024-10-16,Kayanza,16,18,6
2024-10-16,Bururi,20,14,8
2024-10-16,Cibitoke,29,16,6
2024-10-17,Bujumbura,20,12,14
2024-10-17,Gitega,21,21,4
2024-10-17,Ngozi,18,18,9
2024-10-17,Kayanza,13,15,5
2024-10-17,Bururi,23,17,8
2024-10-17,Cibitoke,13,12,7
2024-10-18,Bujumbura,21,18,10
2024-10-18,Gitega,18,20,13
2024-10-18,Ngozi,21,13,9
2024-10-18,Kayanza,20,10,9
2024-10-18,Bururi,19,18,7
2024-10-18,Cibitoke,18,18,10
2024-10-19,Bujumbura,20,18,7
2024-10-19,Gitega,26,20,8
2024-10-19,Ngozi,32,19,8
2024-10-19,Kayanza,24,17,11
2024-10-19,Bururi,12,19,11
2024-10-19,Cibitoke,19,13,4
2024-10-20,Bujumbura,11,19,2
2024-10-20,Gitega,16,14,7
2024-10-20,Ngozi,21,17,9
2024-10-20,Kayanza,23,13,5
2024-10-20,Bururi,21,15,8
2024-10-20,Cibitoke,19,13,10
2024-10-21,Bujumbura,25,15,14
2024-10-21,Gitega,16,15,15
2024-10-21,Ngozi,17,13,10
2024-10-21,Kayanza,31,15,14
2024-10-21,Bururi,24,22,10
2024-10-21,Cibitoke,20,24,15
2024-10-22,Bujumbura,31,13,14
2024-10-22,Gitega,25,18,4
2024-10-22,Ngozi,25,17,15
2024-10-22,Kayanza,19,15,6
2024-10-22,Bururi,15,15,11
2024-10-22,Cibitoke,12,9,11
2024-10-23,Bujumbura,16,6,11
2024-10-23,Gitega,18,18,3
2024-10-23,Ngozi,21,14,3
2024-10-23,Kayanza,32,11,11
2024-10-23,Bururi,19,22,10
2024-10-23,Cibitoke,14,8,14
2024-10-24,Bujumbura,24,14,7
2024-10-24,Gitega,24,14,13
2024-10-24,Ngozi,23,13,12
2024-10-24,Kayanza,23,10,8
2024-10-24,Bururi,13,25,10
2024-10-24,Cibitoke,24,17,12
2024-10-25,Bujumbura,30,17,9
2024-10-25,Gitega,21,27,7
2024-10-25,Ngozi,20,12,7
2024-10-25,Kayanza,28,11,7
2024-10-25,Bururi,18,22,12
2024-10-25,Cibitoke,19,14,11
2024-10-26,Bujumbura,15,13,10
2024-10-26,Gitega,25,18,14
2024-10-26,Ngozi,17,15,14
2024-10-26,Kayanza,26,3,4
2024-10-26,Bururi,21,10,8
2024-10-26,Cibitoke,25,5,10
2024-10-27,Bujumbura,18,14,13
2024-10-27,Gitega,20,15,5
2024-10-27,Ngozi,22,16,7
2024-10-27,Kayanza,28,21,8
2024-10-27,Bururi,18,13,8
2024-10-27,Cibitoke,20,15,7
2024-10-28,Bujumbura,20,16,6
2024-10-28,Gitega,15,16,11
2024-10-28,Ngozi,24,13,9
2024-10-28,Kayanza,20,15,8
2024-10-28,Bururi,19,13,4
2024-10-28,Cibitoke,21,9,8
2024-10-29,Bujumbura,14,21,11
2024-10-29,Gitega,16,16,7
2024-10-29,Ngozi,25,22,10
2024-10-29,Kayanza,18,17,14
2024-10-29,Bururi,31,9,9
2024-10-29,Cibitoke,19,21,8
2024-10-30,Bujumbura,18,8,7
2024-10-30,Gitega,19,19,8
2024-10-30,Ngozi,19,16,11
2024-10-30,Kayanza,24,10,5
2024-10-30,Bururi,15,13,14
2024-10-30,Cibitoke,17,22,14
2024-10-31,Bujumbura,18,13,8
2024-10-31,Gitega,26,10,9
2024-10-31,Ngozi,21,16,14
2024-10-31,Kayanza,30,19,6
2024-10-31,Bururi,18,12,14
2024-10-31,Cibitoke,29,22,9
2024-11-01,Bujumbura,21,20,13
2024-11-01,Gitega,24,17,5
2024-11-01,Ngozi,20,18,15
2024-11-01,Kayanza,21,15,6
2024-11-01,Bururi,19,13,10
2024-11-01,Cibitoke,23,18,9
2024-11-02,Bujumbura,18,16,10
2024-11-02,Gitega,14,11,13
2024-11-02,Ngozi,13,13,6
2024-11-02,Kayanza,19,12,10
2024-11-02,Bururi,26,16,8
2024-11-02,Cibitoke,19,18,19
2024-11-03,Bujumbura,18,14,9
2024-11-03,Gitega,15,19,7
2024-11-03,Ngozi,23,15,7
2024-11-03,Kayanza,28,10,12
2024-11-03,Bururi,20,17,13
2024-11-03,Cibitoke,17,12,8
2024-11-04,Bujumbura,19,12,9
2024-11-04,Gitega,18,17,16
2024-11-04,Ngozi,21,13,15
2024-11-04,Kayanza,15,11,10
2024-11-04,Bururi,16,9,10
2024-11-04,Cibitoke,22,15,6
2024-11-05,Bujumbura,17,13,11
2024-11-05,Gitega,31,17,11
2024-11-05,Ngozi,22,15,12
2024-11-05,Kayanza,19,14,7
2024-11-05,Bururi,12,16,13
2024-11-05,Cibitoke,18,5,10
2024-11-06,Bujumbura,16,15,10
2024-11-06,Gitega,17,18,14
2024-11-06,Ngozi,20,24,6
2024-11-06,Kayanza,19,14,3
2024-11-06,Bururi,13,11,10
2024-11-06,Cibitoke,17,19,9
2024-11-07,Bujumbura,13,14,8
2024-11-07,Gitega,25,16,6
2024-11-07,Ngozi,28,12,20
2024-11-07,Kayanza,14,16,7
2024-11-07,Bururi,12,15,8
2024-11-07,Cibitoke,19,14,14
2024-11-08,Bujumbura,18,9,8
2024-11-08,Gitega,23,14,18
2024-11-08,Ngozi,20,17,12
2024-11-08,Kayanza,17,16,12
2024-11-08,Bururi,23,20,10
2024-11-08,Cibitoke,25,19,11
2024-11-09,Bujumbura,15,12,11
2024-11-09,Gitega,28,17,9
2024-11-09,Ngozi,19,10,11
2024-11-09,Kayanza,21,18,9
2024-11-09,Bururi,26,12,8
2024-11-09,Cibitoke,23,9,10
2024-11-10,Bujumbura,16,13,12
2024-11-10,Gitega,21,16,9
2024-11-10,Ngozi,20,10,6
2024-11-10,Kayanza,14,13,13
2024-11-10,Bururi,14,14,8
2024-11-10,Cibitoke,16,16,9
2024-11-11,Bujumbura,20,16,7
2024-11-11,Gitega,19,12,13
2024-11-11,Ngozi,26,19,14
2024-11-11,Kayanza,24,12,10
2024-11-11,Bururi,22,17,19
2024-11-11,Cibitoke,19,14,13
2024-11-12,Bujumbura,23,18,12
2024-11-12,Gitega,23,13,9
2024-11-12,Ngozi,16,11,12
2024-11-12,Kayanza,26,13,3
2024-11-12,Bururi,19,21,6
2024-11-12,Cibitoke,33,18,6
2024-11-13,Bujumbura,13,14,13
2024-11-13,Gitega,15,18,13
2024-11-13,Ngozi,19,23,8
2024-11-13,Kayanza,19,18,8
2024-11-13,Bururi,23,20,8
2024-11-13,Cibitoke,28,16,7
2024-11-14,Bujumbura,21,10,10
2024-11-14,Gitega,16,19,12
2024-11-14,Ngozi,17,10,11
2024-11-14,Kayanza,14,17,11
2024-11-14,Bururi,28,12,14
2024-11-14,Cibitoke,29,9,12
2024-11-15,Bujumbura,26,18,14
2024-11-15,Gitega,25,11,8
2024-11-15,Ngozi,22,13,18
2024-11-15,Kayanza,27,12,5
2024-11-15,Bururi,22,10,11
2024-11-15,Cibitoke,17,18,13
2024-11-16,Bujumbura,25,14,11
2024-11-16,Gitega,21,12,10
2024-11-16,Ngozi,24,14,5
2024-11-16,Kayanza,14,15,13
2024-11-16,Bururi,17,20,15
2024-11-16,Cibitoke,23,23,8
2024-11-17,Bujumbura,24,26,7
2024-11-17,Gitega,23,20,10
2024-11-17,Ngozi,14,7,13
2024-11-17,Kayanza,21,11,5
2024-11-17,Bururi,16,12,14
2024-11-17,Cibitoke,19,12,10
2024-11-18,Bujumbura,18,12,9
2024-11-18,Gitega,25,19,18
2024-11-18,Ngozi,16,19,10
2024-11-18,Kayanza,19,13,7
2024-11-18,Bururi,21,19,16
2024-11-18,Cibitoke,25,11,13
2024-11-19,Bujumbura,23,14,7
2024-11-19,Gitega,24,16,13
2024-11-19,Ngozi,15,15,17
2024-11-19,Kayanza,20,12,14
2024-11-19,Bururi,21,17,13
2024-11-19,Cibitoke,22,13,11
2024-11-20,Bujumbura,20,15,11
2024-11-20,Gitega,17,16,11
2024-11-20,Ngozi,18,13,6
2024-11-20,Kayanza,15,19,7
2024-11-20,Bururi,18,15,10
2024-11-20,Cibitoke,23,12,9
2024-11-21,Bujumbura,28,17,10
2024-11-21,Gitega,19,20,9
2024-11-21,Ngozi,21,25,12
2024-11-21,Kayanza,21,13,14
2024-11-21,Bururi,38,9,12
2024-11-21,Cibitoke,14,27,8
2024-11-22,Bujumbura,12,13,7
2024-11-22,Gitega,18,16,9
2024-11-22,Ngozi,24,20,11
2024-11-22,Kayanza,26,16,11
2024-11-22,Bururi,8,13,12
2024-11-22,Cibitoke,14,12,15
2024-11-23,Bujumbura,22,17,3
2024-11-23,Gitega,22,19,6
2024-11-23,Ngozi,16,12,6
2024-11-23,Kayanza,23,19,11
2024-11-23,Bururi,18,13,6
2024-11-23,Cibitoke,20,19,20
2024-11-24,Bujumbura,18,15,10
2024-11-24,Gitega,20,17,2
2024-11-24,Ngozi,18,16,9
2024-11-24,Kayanza,11,14,16
2024-11-24,Bururi,26,23,8
2024-11-24,Cibitoke,22,12,8
2024-11-25,Bujumbura,28,13,11
2024-11-25,Gitega,18,12,9
2024-11-25,Ngozi,25,14,10
2024-11-25,Kayanza,22,24,4
2024-11-25,Bururi,15,14,9
2024-11-25,Cibitoke,20,13,13
2024-11-26,Bujumbura,17,7,18
2024-11-26,Gitega,22,14,13
2024-11-26,Ngozi,19,20,12
2024-11-26,Kayanza,13,16,9
2024-11-26,Bururi,21,12,9
2024-11-26,Cibitoke,19,24,6
2024-11-27,Bujumbura,15,14,8
2024-11-27,Gitega,12,13,9
2024-11-27,Ngozi,22,13,9
2024-11-27,Kayanza,25,19,13
2024-11-27,Bururi,16,12,13
2024-11-27,Cibitoke,14,17,10
2024-11-28,Bujumbura,25,13,10
2024-11-28,Gitega,20,9,9
2024-11-28,Ngozi,21,22,9
2024-11-28,Kayanza,22,18,13
2024-11-28,Bururi,17,23,12
2024-11-28,Cibitoke,27,17,13
2024-11-29,Bujumbura,22,17,15
2024-11-29,Gitega,21,10,15
2024-11-29,Ngozi,23,20,6
2024-11-29,Kayanza,19,5,9
2024-11-29,Bururi,18,10,14
2024-11-29,Cibitoke,30,15,9
2024-11-30,Bujumbura,18,17,11
2024-11-30,Gitega,18,16,9
2024-11-30,Ngozi,18,16,4
2024-11-30,Kayanza,23,20,11
2024-11-30,Bururi,30,17,11
2024-11-30,Cibitoke,24,11,13
2024-12-01,Bujumbura,16,13,12
2024-12-01,Gitega,13,17,11
2024-12-01,Ngozi,20,19,15
2024-12-01,Kayanza,19,18,10
2024-12-01,Bururi,17,15,14
2024-12-01,Cibitoke,33,15,11
2024-12-02,Bujumbura,20,14,14
2024-12-02,Gitega,29,12,6
2024-12-02,Ngozi,18,26,11
2024-12-02,Kayanza,17,20,7
2024-12-02,Bururi,22,17,10
2024-12-02,Cibitoke,12,15,10
2024-12-03,Bujumbura,27,16,6
2024-12-03,Gitega,22,19,10
2024-12-03,Ngozi,13,12,7
2024-12-03,Kayanza,27,16,4
2024-12-03,Bururi,24,14,9
2024-12-03,Cibitoke,22,11,14
2024-12-04,Bujumbura,24,19,10
2024-12-04,Gitega,23,16,7
2024-12-04,Ngozi,23,16,5
2024-12-04,Kayanza,27,12,10
2024-12-04,Bururi,20,20,8
2024-12-04,Cibitoke,14,17,13
2024-12-05,Bujumbura,19,17,14
2024-12-05,Gitega,16,15,12
2024-12-05,Ngozi,12,18,14
2024-12-05,Kayanza,20,19,11
2024-12-05,Bururi,21,8,11
2024-12-05,Cibitoke,24,15,12
2024-12-06,Bujumbura,15,14,7
2024-12-06,Gitega,18,18,9
2024-12-06,Ngozi,17,13,7
2024-12-06,Kayanza,24,7,15
2024-12-06,Bururi,21,16,14
2024-12-06,Cibitoke,28,10,7
2024-12-07,Bujumbura,13,16,7
2024-12-07,Gitega,18,19,12
2024-12-07,Ngozi,16,28,8
2024-12-07,Kayanza,20,18,5
2024-12-07,Bururi,21,14,9
2024-12-07,Cibitoke,19,11,5
2024-12-08,Bujumbura,30,14,11
2024-12-08,Gitega,20,9,14
2024-12-08,Ngozi,25,22,5
2024-12-08,Kayanza,23,11,7
2024-12-08,Bururi,21,11,10
2024-12-08,Cibitoke,20,17,7
2024-12-09,Bujumbura,11,19,12
2024-12-09,Gitega,18,18,9
2024-12-09,Ngozi,17,16,10
2024-12-09,Kayanza,21,14,7
2024-12-09,Bururi,18,10,9
2024-12-09,Cibitoke,16,13,9
2024-12-10,Bujumbura,20,19,5
2024-12-10,Gitega,25,20,8
2024-12-10,Ngozi,16,16,13
2024-12-10,Kayanza,22,11,10
2024-12-10,Bururi,26,10,9
2024-12-10,Cibitoke,21,4,12
2024-12-11,Bujumbura,18,15,6
2024-12-11,Gitega,24,10,15
2024-12-11,Ngozi,21,17,11
2024-12-11,Kayanza,19,11,11
2024-12-11,Bururi,26,19,10
2024-12-11,Cibitoke,18,11,13
2024-12-12,Bujumbura,15,17,8
2024-12-12,Gitega,19,13,7
2024-12-12,Ngozi,21,12,5
2024-12-12,Kayanza,30,17,9
2024-12-12,Bururi,20,13,9
2024-12-12,Cibitoke,23,14,8
2024-12-13,Bujumbura,17,13,7
2024-12-13,Gitega,22,20,7
2024-12-13,Ngozi,24,11,7
2024-12-13,Kayanza,17,20,17
2024-12-13,Bururi,21,9,14
2024-12-13,Cibitoke,21,24,12
2024-12-14,Bujumbura,18,16,5
2024-12-14,Gitega,17,15,10
2024-12-14,Ngozi,23,21,6
2024-12-14,Kayanza,19,18,9
2024-12-14,Bururi,26,10,9
2024-12-14,Cibitoke,23,13,8
2024-12-15,Bujumbura,20,13,7
2024-12-15,Gitega,16,13,9
2024-12-15,Ngozi,22,13,6
2024-12-15,Kayanza,28,7,9
2024-12-15,Bururi,14,23,10
2024-12-15,Cibitoke,21,22,7
2024-12-16,Bujumbura,12,13,25
2024-12-16,Gitega,19,17,11
2024-12-16,Ngozi,22,16,11
2024-12-16,Kayanza,22,14,4
2024-12-16,Bururi,25,21,7
2024-12-16,Cibitoke,21,14,10
2024-12-17,Bujumbura,20,16,6
2024-12-17,Gitega,17,16,6
2024-12-17,Ngozi,21,15,8
2024-12-17,Kayanza,20,15,10
2024-12-17,Bururi,18,20,7
2024-12-17,Cibitoke,21,11,11
2024-12-18,Bujumbura,20,11,11
2024-12-18,Gitega,21,15,13
2024-12-18,Ngozi,19,15,13
2024-12-18,Kayanza,16,14,15
2024-12-18,Bururi,21,17,7
2024-12-18,Cibitoke,20,11,4
2024-12-19,Bujumbura,22,17,9
2024-12-19,Gitega,17,20,11
2024-12-19,Ngozi,23,15,10
2024-12-19,Kayanza,18,16,11
2024-12-19,Bururi,15,20,12
2024-12-19,Cibitoke,13,22,11
2024-12-20,Bujumbura,16,11,11
2024-12-20,Gitega,9,20,6
2024-12-20,Ngozi,32,15,15
2024-12-20,Kayanza,25,14,10
2024-12-20,Bururi,14,20,13
2024-12-20,Cibitoke,19,17,8
2024-12-21,Bujumbura,13,11,7
2024-12-21,Gitega,24,12,10
2024-12-21,Ngozi,21,14,6
2024-12-21,Kayanza,17,18,18
2024-12-21,Bururi,23,7,9
2024-12-21,Cibitoke,21,14,4
2024-12-22,Bujumbura,22,14,11
2024-12-22,Gitega,22,12,16
2024-12-22,Ngozi,15,19,12
2024-12-22,Kayanza,14,12,9
2024-12-22,Bururi,25,18,11
2024-12-22,Cibitoke,15,22,9
2024-12-23,Bujumbura,18,15,8
2024-12-23,Gitega,21,11,12
2024-12-23,Ngozi,21,14,15
2024-12-23,Kayanza,25,24,10
2024-12-23,Bururi,18,25,7
2024-12-23,Cibitoke,27,20,16
2024-12-24,Bujumbura,27,16,8
2024-12-24,Gitega,20,10,8
2024-12-24,Ngozi,18,9,17
2024-12-24,Kayanza,14,20,15
2024-12-24,Bururi,19,24,8
2024-12-24,Cibitoke,19,9,13
2024-12-25,Bujumbura,15,14,14
2024-12-25,Gitega,20,17,9
2024-12-25,Ngozi,23,18,11
2024-12-25,Kayanza,23,15,4
2024-12-25,Bururi,20,12,10
2024-12-25,Cibitoke,21,17,7
2024-12-26,Bujumbura,26,22,7
2024-12-26,Gitega,19,12,12
2024-12-26,Ngozi,18,14,10
2024-12-26,Kayanza,15,17,13
2024-12-26,Bururi,18,15,9
2024-12-26,Cibitoke,15,11,13
2024-12-27,Bujumbura,16,12,19
2024-12-27,Gitega,18,15,9
2024-12-27,Ngozi,25,12,12
2024-12-27,Kayanza,16,19,9
2024-12-27,Bururi,12,21,7
2024-12-27,Cibitoke,20,18,9
2024-12-28,Bujumbura,18,14,9
2024-12-28,Gitega,22,18,6
2024-12-28,Ngozi,16,21,10
2024-12-28,Kayanza,21,18,8
2024-12-28,Bururi,19,14,4
2024-12-28,Cibitoke,24,17,12
2024-12-29,Bujumbura,15,8,5
2024-12-29,Gitega,19,21,9
2024-12-29,Ngozi,15,17,10
2024-12-29,Kayanza,25,15,4
2024-12-29,Bururi,13,15,6
2024-12-29,Cibitoke,22,20,7
2024-12-30,Bujumbura,17,19,11
2024-12-30,Gitega,15,17,10
2024-12-30,Ngozi,27,14,19
2024-12-30,Kayanza,12,5,15
2024-12-30,Bururi,17,17,12
2024-12-30,Cibitoke,17,13,6
2024-12-31,Bujumbura,16,22,14
2024-12-31,Gitega,28,19,10
2024-12-31,Ngozi,19,29,15
2024-12-31,Kayanza,20,12,12
2024-12-31,Bururi,20,12,7
2024-12-31,Cibitoke,19,19,17
